fecha,hospital,provincia,dia_semana,mes,year,pacientes_ayer,temperatura_media,temperatura_maxima,temperatura_minima,viento,viento_maximo,precipitaciones,humedad,target_pacientes
2024-01-01,C.A.U. Burgos,Burgos,LUNES,1,2024,133,3.3,6.5,1.0,17.0,27.8,1.27,84.0,133
2024-01-02,C.A.U. Burgos,Burgos,MARTES,1,2024,133,7.0,10.1,4.0,32.0,42.4,0.0,82.0,189
2024-01-03,C.A.U. Burgos,Burgos,MIÉRCOLES,1,2024,189,9.3,11.6,7.0,24.1,33.5,1.52,91.0,153
2024-01-04,C.A.U. Burgos,Burgos,JUEVES,1,2024,153,6.8,9.6,5.0,16.7,27.8,1.52,86.0,149
2024-01-05,C.A.U. Burgos,Burgos,VIERNES,1,2024,149,3.3,7.0,0.0,7.0,18.3,0.76,88.0,115
2024-01-06,C.A.U. Burgos,Burgos,SÁBADO,1,2024,115,1.9,5.9,-1.0,10.2,24.1,5.08,87.0,117
2024-01-07,C.A.U. Burgos,Burgos,DOMINGO,1,2024,117,1.7,5.6,-1.0,11.5,24.1,0.25,88.0,130
2024-01-08,C.A.U. Burgos,Burgos,LUNES,1,2024,130,-0.4,3.4,-4.2,3.7,9.4,0.25,86.0,124
2024-01-09,C.A.U. Burgos,Burgos,MARTES,1,2024,124,1.6,3.5,-1.8,7.6,14.8,0.0,88.0,109
2024-01-10,C.A.U. Burgos,Burgos,MIÉRCOLES,1,2024,109,2.4,4.0,0.0,13.9,20.6,0.0,93.0,91
2024-01-11,C.A.U. Burgos,Burgos,JUEVES,1,2024,91,0.3,3.0,-2.1,9.1,16.5,2.54,89.0,123
2024-01-12,C.A.U. Burgos,Burgos,VIERNES,1,2024,123,1.1,7.3,-2.0,9.3,18.3,0.0,79.0,120
2024-01-13,C.A.U. Burgos,Burgos,SÁBADO,1,2024,120,3.9,12.1,-2.3,7.2,22.2,0.0,75.0,122
2024-01-14,C.A.U. Burgos,Burgos,DOMINGO,1,2024,122,7.7,10.0,6.0,17.6,33.5,0.51,95.0,128
2024-01-15,C.A.U. Burgos,Burgos,LUNES,1,2024,128,9.9,12.0,8.0,15.6,24.1,7.62,97.0,152
2024-01-16,C.A.U. Burgos,Burgos,MARTES,1,2024,152,10.4,12.3,8.0,23.7,42.4,4.57,90.0,144
2024-01-17,C.A.U. Burgos,Burgos,MIÉRCOLES,1,2024,144,9.4,11.0,8.0,40.7,50.0,6.1,84.0,135
2024-01-18,C.A.U. Burgos,Burgos,JUEVES,1,2024,135,7.4,11.0,2.8,34.6,51.9,3.3,82.0,119
2024-01-19,C.A.U. Burgos,Burgos,VIERNES,1,2024,119,0.1,2.5,-5.0,26.9,44.6,0.51,69.0,118
2024-01-20,C.A.U. Burgos,Burgos,SÁBADO,1,2024,118,-2.3,5.4,-7.2,10.2,16.5,0.0,75.0,129
2024-01-21,C.A.U. Burgos,Burgos,DOMINGO,1,2024,129,0.9,7.7,-6.0,13.9,27.8,0.0,83.0,111
2024-01-22,C.A.U. Burgos,Burgos,LUNES,1,2024,111,7.5,10.0,4.0,22.0,31.7,0.0,81.0,134
2024-01-23,C.A.U. Burgos,Burgos,MARTES,1,2024,134,8.7,10.0,8.0,13.5,20.6,0.25,97.0,123
2024-01-24,C.A.U. Burgos,Burgos,MIÉRCOLES,1,2024,123,7.4,14.0,3.0,8.5,14.8,0.0,95.0,116
2024-01-25,C.A.U. Burgos,Burgos,JUEVES,1,2024,116,5.7,15.4,0.0,4.6,16.5,0.0,86.0,116
2024-01-26,C.A.U. Burgos,Burgos,VIERNES,1,2024,116,6.1,16.2,-1.9,6.1,22.2,0.25,73.0,136
2024-01-27,C.A.U. Burgos,Burgos,SÁBADO,1,2024,136,6.5,20.0,-0.6,4.3,13.0,0.0,75.0,111
2024-01-28,C.A.U. Burgos,Burgos,DOMINGO,1,2024,111,6.3,17.9,-0.1,7.8,20.6,0.0,78.0,114
2024-01-29,C.A.U. Burgos,Burgos,LUNES,1,2024,114,4.7,10.9,1.0,12.2,22.2,0.0,95.0,133
2024-01-30,C.A.U. Burgos,Burgos,MARTES,1,2024,133,5.1,10.2,2.0,11.1,20.6,0.0,97.0,137
2024-01-31,C.A.U. Burgos,Burgos,MIÉRCOLES,1,2024,137,6.6,15.6,1.9,8.9,18.3,0.0,77.0,121
2024-02-01,C.A.U. Burgos,Burgos,JUEVES,2,2024,121,6.2,14.7,-0.5,10.2,22.2,0.0,73.0,145
2024-02-02,C.A.U. Burgos,Burgos,VIERNES,2,2024,145,6.6,10.0,3.0,18.9,38.9,0.0,88.0,126
2024-02-03,C.A.U. Burgos,Burgos,SÁBADO,2,2024,126,5.8,16.3,-2.2,3.7,9.4,0.0,77.0,146
2024-02-04,C.A.U. Burgos,Burgos,DOMINGO,2,2024,146,5.8,16.5,-2.0,3.3,9.4,0.0,72.0,128
2024-02-05,C.A.U. Burgos,Burgos,LUNES,2,2024,128,5.1,14.3,-2.3,3.1,11.1,0.0,77.0,128
2024-02-06,C.A.U. Burgos,Burgos,MARTES,2,2024,128,5.5,13.6,0.0,5.2,14.8,0.0,85.0,139
2024-02-07,C.A.U. Burgos,Burgos,MIÉRCOLES,2,2024,139,6.0,9.5,1.0,19.4,31.7,0.0,88.0,142
2024-02-08,C.A.U. Burgos,Burgos,JUEVES,2,2024,142,8.6,11.0,7.0,42.2,61.1,0.0,71.0,137
2024-02-09,C.A.U. Burgos,Burgos,VIERNES,2,2024,137,8.1,10.2,6.0,26.5,40.7,4.06,91.0,147
2024-02-10,C.A.U. Burgos,Burgos,SÁBADO,2,2024,147,4.2,7.8,1.0,20.2,38.9,16.76,82.0,130
2024-02-11,C.A.U. Burgos,Burgos,DOMINGO,2,2024,130,3.1,7.0,0.0,21.1,27.8,0.76,87.0,124
2024-02-12,C.A.U. Burgos,Burgos,LUNES,2,2024,124,7.6,12.9,4.6,14.6,31.7,1.52,83.0,136
2024-02-13,C.A.U. Burgos,Burgos,MARTES,2,2024,136,9.2,13.4,4.6,18.0,27.8,0.0,88.0,153
2024-02-14,C.A.U. Burgos,Burgos,MIÉRCOLES,2,2024,153,11.2,17.2,8.0,10.9,22.2,0.0,87.0,129
2024-02-15,C.A.U. Burgos,Burgos,JUEVES,2,2024,129,10.8,17.6,6.0,20.6,50.0,0.0,79.0,131
2024-02-16,C.A.U. Burgos,Burgos,VIERNES,2,2024,131,7.6,12.1,3.0,7.2,18.3,12.7,85.0,155
2024-02-17,C.A.U. Burgos,Burgos,SÁBADO,2,2024,155,4.9,12.6,-1.6,9.1,22.2,0.51,77.0,113
2024-02-18,C.A.U. Burgos,Burgos,DOMINGO,2,2024,113,6.6,16.8,-1.5,6.3,13.0,0.25,73.0,118
2024-02-19,C.A.U. Burgos,Burgos,LUNES,2,2024,118,9.0,13.9,3.0,14.8,31.7,0.0,77.0,159
2024-02-20,C.A.U. Burgos,Burgos,MARTES,2,2024,159,6.9,17.6,-1.5,5.4,22.2,0.0,53.0,128
2024-02-21,C.A.U. Burgos,Burgos,MIÉRCOLES,2,2024,128,7.1,13.0,-1.0,13.9,29.4,0.0,67.0,103
2024-02-22,C.A.U. Burgos,Burgos,JUEVES,2,2024,103,7.7,11.3,1.0,30.0,50.0,0.0,84.0,119
2024-02-23,C.A.U. Burgos,Burgos,VIERNES,2,2024,119,2.8,7.7,0.0,26.5,46.5,3.05,77.0,120
2024-02-24,C.A.U. Burgos,Burgos,SÁBADO,2,2024,120,3.6,8.0,0.0,24.3,37.0,0.0,75.0,120
2024-02-25,C.A.U. Burgos,Burgos,DOMINGO,2,2024,120,7.3,10.0,3.7,39.6,51.9,6.1,90.0,102
2024-02-26,C.A.U. Burgos,Burgos,LUNES,2,2024,102,3.4,6.3,0.6,19.6,33.5,3.3,88.0,144
2024-02-27,C.A.U. Burgos,Burgos,MARTES,2,2024,144,2.4,6.0,0.6,30.2,46.5,6.86,82.0,145
2024-02-28,C.A.U. Burgos,Burgos,MIÉRCOLES,2,2024,145,4.6,9.6,1.9,17.0,29.4,0.51,86.0,114
2024-02-29,C.A.U. Burgos,Burgos,JUEVES,2,2024,114,2.3,7.0,-1.7,10.9,38.9,0.25,92.0,131
2024-03-01,C.A.U. Burgos,Burgos,VIERNES,3,2024,131,2.6,7.2,-2.2,24.6,40.7,2.29,84.0,137
2024-03-02,C.A.U. Burgos,Burgos,SÁBADO,3,2024,137,3.0,6.0,-2.1,28.5,53.5,1.02,93.0,137
2024-03-03,C.A.U. Burgos,Burgos,DOMINGO,3,2024,137,0.6,6.0,-4.4,9.4,24.1,10.92,85.0,125
2024-03-04,C.A.U. Burgos,Burgos,LUNES,3,2024,125,5.5,10.5,-0.8,21.7,35.2,3.81,86.0,141
2024-03-05,C.A.U. Burgos,Burgos,MARTES,3,2024,141,3.9,9.6,0.9,13.1,20.6,1.02,77.0,150
2024-03-06,C.A.U. Burgos,Burgos,MIÉRCOLES,3,2024,150,6.3,12.4,-1.0,10.6,18.3,0.0,63.0,128
2024-03-07,C.A.U. Burgos,Burgos,JUEVES,3,2024,128,6.2,12.0,1.7,22.8,42.4,0.25,68.0,139
2024-03-08,C.A.U. Burgos,Burgos,VIERNES,3,2024,139,3.8,8.8,1.0,29.6,50.0,8.89,84.0,133
2024-03-09,C.A.U. Burgos,Burgos,SÁBADO,3,2024,133,3.2,7.8,1.0,29.4,50.0,9.65,85.0,128
2024-03-10,C.A.U. Burgos,Burgos,DOMINGO,3,2024,128,5.3,11.1,1.7,25.2,37.0,4.32,78.0,118
2024-03-11,C.A.U. Burgos,Burgos,LUNES,3,2024,118,5.4,11.8,2.0,15.2,29.4,0.25,76.0,163
2024-03-12,C.A.U. Burgos,Burgos,MARTES,3,2024,163,5.9,15.0,-1.0,3.9,7.6,0.0,70.0,141
2024-03-13,C.A.U. Burgos,Burgos,MIÉRCOLES,3,2024,141,7.6,18.6,-2.7,5.6,18.3,0.0,59.0,130
2024-03-14,C.A.U. Burgos,Burgos,JUEVES,3,2024,130,8.6,15.3,3.0,15.4,35.2,0.0,74.0,142
2024-03-15,C.A.U. Burgos,Burgos,VIERNES,3,2024,142,9.7,15.0,6.1,13.1,20.6,2.03,87.0,129
2024-03-16,C.A.U. Burgos,Burgos,SÁBADO,3,2024,129,9.5,16.5,4.1,10.9,24.1,0.51,83.0,108
2024-03-17,C.A.U. Burgos,Burgos,DOMINGO,3,2024,108,11.6,18.0,6.0,10.9,20.6,0.0,80.0,139
2024-03-18,C.A.U. Burgos,Burgos,LUNES,3,2024,139,11.3,20.5,3.6,5.9,18.3,0.0,74.0,147
2024-03-19,C.A.U. Burgos,Burgos,MARTES,3,2024,147,12.3,21.9,3.5,6.3,16.5,0.0,65.0,144
2024-03-20,C.A.U. Burgos,Burgos,MIÉRCOLES,3,2024,144,13.0,22.3,6.6,11.1,27.8,0.0,70.0,151
2024-03-21,C.A.U. Burgos,Burgos,JUEVES,3,2024,151,12.6,19.2,7.9,18.5,35.2,0.0,76.0,143
2024-03-22,C.A.U. Burgos,Burgos,VIERNES,3,2024,143,13.7,24.6,4.2,8.1,27.8,0.0,67.0,138
2024-03-23,C.A.U. Burgos,Burgos,SÁBADO,3,2024,138,9.6,14.1,3.0,25.6,35.2,0.0,79.0,136
2024-03-24,C.A.U. Burgos,Burgos,DOMINGO,3,2024,136,6.3,13.4,2.0,23.2,37.0,0.0,75.0,130
2024-03-25,C.A.U. Burgos,Burgos,LUNES,3,2024,130,7.3,16.0,2.0,13.0,33.5,0.0,74.0,166
2024-03-26,C.A.U. Burgos,Burgos,MARTES,3,2024,166,3.7,7.1,1.0,20.7,33.5,0.0,68.0,135
2024-03-27,C.A.U. Burgos,Burgos,MIÉRCOLES,3,2024,135,6.3,12.3,1.0,39.6,64.8,0.76,74.0,124
2024-03-28,C.A.U. Burgos,Burgos,JUEVES,3,2024,124,0.0,0.0,0.0,0.0,0.0,0.0,0.0,119
2024-03-29,C.A.U. Burgos,Burgos,VIERNES,3,2024,119,0.0,0.0,0.0,0.0,0.0,0.0,0.0,132
2024-03-30,C.A.U. Burgos,Burgos,SÁBADO,3,2024,132,0.0,0.0,0.0,0.0,0.0,0.0,0.0,115
2024-03-31,C.A.U. Burgos,Burgos,DOMINGO,3,2024,115,0.0,0.0,0.0,0.0,0.0,0.0,0.0,126
2024-04-01,C.A.U. Burgos,Burgos,LUNES,4,2024,126,5.3,9.9,3.0,27.8,44.6,1.02,76.0,112
2024-04-02,C.A.U. Burgos,Burgos,MARTES,4,2024,112,5.2,8.3,2.0,25.7,37.0,0.0,88.0,133
2024-04-03,C.A.U. Burgos,Burgos,MIÉRCOLES,4,2024,133,9.7,15.0,7.0,21.9,31.7,4.83,79.0,130
2024-04-04,C.A.U. Burgos,Burgos,JUEVES,4,2024,130,11.4,18.0,5.0,16.3,25.9,0.0,67.0,160
2024-04-05,C.A.U. Burgos,Burgos,VIERNES,4,2024,160,15.0,22.6,7.8,23.0,40.7,0.0,43.0,127
2024-04-06,C.A.U. Burgos,Burgos,SÁBADO,4,2024,127,16.5,20.2,12.0,28.3,46.5,0.0,45.0,138
2024-04-07,C.A.U. Burgos,Burgos,DOMINGO,4,2024,138,11.6,16.5,8.0,11.1,35.2,0.0,77.0,123
2024-04-08,C.A.U. Burgos,Burgos,LUNES,4,2024,123,8.1,14.0,2.7,20.2,50.0,4.32,85.0,149
2024-04-09,C.A.U. Burgos,Burgos,MARTES,4,2024,149,4.9,12.0,-1.0,8.1,16.5,6.35,73.0,122
2024-04-10,C.A.U. Burgos,Burgos,MIÉRCOLES,4,2024,122,7.4,15.8,-0.2,9.3,22.2,0.0,70.0,135
2024-04-11,C.A.U. Burgos,Burgos,JUEVES,4,2024,135,11.0,19.6,3.0,11.3,22.2,0.0,65.0,136
2024-04-12,C.A.U. Burgos,Burgos,VIERNES,4,2024,136,14.3,24.7,3.2,6.5,20.6,0.0,55.0,133
2024-04-13,C.A.U. Burgos,Burgos,SÁBADO,4,2024,133,15.3,26.3,4.2,5.0,16.5,0.0,51.0,120
2024-04-14,C.A.U. Burgos,Burgos,DOMINGO,4,2024,120,16.2,25.7,6.0,8.7,18.3,0.0,56.0,134
2024-04-15,C.A.U. Burgos,Burgos,LUNES,4,2024,134,11.4,17.2,5.0,19.1,29.4,0.51,79.0,156
2024-04-16,C.A.U. Burgos,Burgos,MARTES,4,2024,156,7.7,13.6,4.0,18.7,31.7,0.0,75.0,126
2024-04-17,C.A.U. Burgos,Burgos,MIÉRCOLES,4,2024,126,7.4,13.4,4.0,21.3,29.4,0.0,72.0,136
2024-04-18,C.A.U. Burgos,Burgos,JUEVES,4,2024,136,6.6,12.5,2.0,21.3,31.7,0.0,71.0,137
2024-04-19,C.A.U. Burgos,Burgos,VIERNES,4,2024,137,7.9,19.8,-3.0,8.3,22.2,0.0,56.0,132
2024-04-20,C.A.U. Burgos,Burgos,SÁBADO,4,2024,132,9.4,17.6,2.8,21.1,33.5,0.0,57.0,118
2024-04-21,C.A.U. Burgos,Burgos,DOMINGO,4,2024,118,7.5,16.1,1.0,25.2,35.2,0.0,58.0,119
2024-04-22,C.A.U. Burgos,Burgos,LUNES,4,2024,119,5.1,10.1,0.0,25.7,37.0,0.0,57.0,135
2024-04-23,C.A.U. Burgos,Burgos,MARTES,4,2024,135,3.6,9.9,-2.3,16.1,33.5,0.0,76.0,122
2024-04-24,C.A.U. Burgos,Burgos,MIÉRCOLES,4,2024,122,5.1,13.6,-3.6,8.7,20.6,0.25,67.0,137
2024-04-25,C.A.U. Burgos,Burgos,JUEVES,4,2024,137,6.9,12.4,2.0,8.9,16.5,0.0,75.0,156
2024-04-26,C.A.U. Burgos,Burgos,VIERNES,4,2024,156,7.8,13.3,2.0,10.6,24.1,2.54,76.0,149
2024-04-27,C.A.U. Burgos,Burgos,SÁBADO,4,2024,149,6.3,9.9,1.0,18.9,35.2,1.52,85.0,108
2024-04-28,C.A.U. Burgos,Burgos,DOMINGO,4,2024,108,6.2,13.9,-1.0,9.4,25.9,4.57,75.0,123
2024-04-29,C.A.U. Burgos,Burgos,LUNES,4,2024,123,7.9,15.2,2.0,13.0,20.6,1.02,74.0,124
2024-04-30,C.A.U. Burgos,Burgos,MARTES,4,2024,124,8.2,15.6,-0.1,15.9,29.4,0.0,74.0,152
2024-05-01,C.A.U. Burgos,Burgos,MIÉRCOLES,5,2024,152,0.0,0.0,0.0,0.0,0.0,0.0,0.0,122
2024-05-02,C.A.U. Burgos,Burgos,JUEVES,5,2024,122,5.2,11.0,-1.0,15.9,27.8,0.0,80.0,134
2024-05-03,C.A.U. Burgos,Burgos,VIERNES,5,2024,134,8.3,13.0,3.0,23.0,29.4,2.79,73.0,150
2024-05-04,C.A.U. Burgos,Burgos,SÁBADO,5,2024,150,12.4,19.3,8.8,25.9,38.9,0.0,69.0,110
2024-05-05,C.A.U. Burgos,Burgos,DOMINGO,5,2024,110,11.6,17.2,9.0,19.8,38.9,0.51,88.0,122
2024-05-06,C.A.U. Burgos,Burgos,LUNES,5,2024,122,9.9,15.7,6.0,9.8,22.2,10.92,76.0,153
2024-05-07,C.A.U. Burgos,Burgos,MARTES,5,2024,153,7.8,15.5,2.9,12.4,22.2,0.0,76.0,158
2024-05-08,C.A.U. Burgos,Burgos,MIÉRCOLES,5,2024,158,10.6,17.5,2.9,16.5,27.8,0.0,71.0,152
2024-05-09,C.A.U. Burgos,Burgos,JUEVES,5,2024,152,13.9,24.0,3.8,5.7,13.0,0.0,58.0,130
2024-05-10,C.A.U. Burgos,Burgos,VIERNES,5,2024,130,15.8,26.6,5.7,6.5,18.3,0.0,54.0,140
2024-05-11,C.A.U. Burgos,Burgos,SÁBADO,5,2024,140,14.5,22.6,8.4,10.6,22.2,0.0,70.0,123
2024-05-12,C.A.U. Burgos,Burgos,DOMINGO,5,2024,123,14.3,24.0,6.0,7.8,20.6,0.51,66.0,133
2024-05-13,C.A.U. Burgos,Burgos,LUNES,5,2024,133,13.3,22.9,5.8,15.2,31.7,0.0,75.0,152
2024-05-14,C.A.U. Burgos,Burgos,MARTES,5,2024,152,8.9,15.4,5.0,13.5,31.7,15.24,85.0,133
2024-05-15,C.A.U. Burgos,Burgos,MIÉRCOLES,5,2024,133,7.5,14.5,3.0,16.9,38.9,2.54,76.0,133
2024-05-16,C.A.U. Burgos,Burgos,JUEVES,5,2024,133,7.6,10.6,5.0,17.2,25.9,1.52,80.0,128
2024-05-17,C.A.U. Burgos,Burgos,VIERNES,5,2024,128,9.2,15.6,5.0,10.6,27.8,0.51,83.0,124
2024-05-18,C.A.U. Burgos,Burgos,SÁBADO,5,2024,124,8.4,15.7,2.8,8.5,25.9,1.02,82.0,139
2024-05-19,C.A.U. Burgos,Burgos,DOMINGO,5,2024,139,8.5,15.9,4.0,5.7,20.6,0.51,86.0,104
2024-05-20,C.A.U. Burgos,Burgos,LUNES,5,2024,104,9.7,16.3,5.0,8.1,20.6,3.81,80.0,174
2024-05-21,C.A.U. Burgos,Burgos,MARTES,5,2024,174,8.8,16.7,2.7,7.6,25.9,0.76,84.0,124
2024-05-22,C.A.U. Burgos,Burgos,MIÉRCOLES,5,2024,124,9.3,17.1,5.0,13.0,27.8,14.99,81.0,127
2024-05-23,C.A.U. Burgos,Burgos,JUEVES,5,2024,127,9.7,15.9,3.0,11.1,20.6,0.76,73.0,114
2024-05-24,C.A.U. Burgos,Burgos,VIERNES,5,2024,114,12.2,21.0,4.0,8.7,22.2,0.0,65.0,147
2024-05-25,C.A.U. Burgos,Burgos,SÁBADO,5,2024,147,15.0,23.3,5.0,12.2,24.1,0.0,55.0,129
2024-05-26,C.A.U. Burgos,Burgos,DOMINGO,5,2024,129,12.9,21.8,5.6,11.7,29.4,0.0,76.0,132
2024-05-27,C.A.U. Burgos,Burgos,LUNES,5,2024,132,11.4,17.4,7.0,20.9,27.8,0.0,80.0,153
2024-05-28,C.A.U. Burgos,Burgos,MARTES,5,2024,153,14.6,25.6,4.0,9.8,18.3,0.0,59.0,127
2024-05-29,C.A.U. Burgos,Burgos,MIÉRCOLES,5,2024,127,16.8,26.5,6.9,9.1,24.1,0.0,58.0,143
2024-05-30,C.A.U. Burgos,Burgos,JUEVES,5,2024,143,14.3,22.1,7.9,17.2,31.7,0.0,77.0,133
2024-05-31,C.A.U. Burgos,Burgos,VIERNES,5,2024,133,10.5,16.6,6.0,23.5,35.2,0.0,69.0,133
2024-06-01,C.A.U. Burgos,Burgos,SÁBADO,6,2024,133,10.4,17.0,5.0,22.4,35.2,0.0,74.0,152
2024-06-02,C.A.U. Burgos,Burgos,DOMINGO,6,2024,152,11.6,18.5,5.9,19.8,31.7,0.0,76.0,147
2024-06-03,C.A.U. Burgos,Burgos,LUNES,6,2024,147,13.6,20.3,8.7,21.9,29.4,0.0,73.0,151
2024-06-04,C.A.U. Burgos,Burgos,MARTES,6,2024,151,16.8,26.9,7.3,8.0,20.6,0.0,56.0,131
2024-06-05,C.A.U. Burgos,Burgos,MIÉRCOLES,6,2024,131,18.8,29.3,8.9,8.7,24.1,0.0,51.0,120
2024-06-06,C.A.U. Burgos,Burgos,JUEVES,6,2024,120,20.3,31.1,10.5,9.3,25.9,0.0,58.0,147
2024-06-07,C.A.U. Burgos,Burgos,VIERNES,6,2024,147,19.2,27.6,13.0,18.0,35.2,0.25,68.0,129
2024-06-08,C.A.U. Burgos,Burgos,SÁBADO,6,2024,129,16.7,26.2,13.0,13.7,27.8,5.08,81.0,132
2024-06-09,C.A.U. Burgos,Burgos,DOMINGO,6,2024,132,12.0,16.7,8.0,18.0,29.4,13.72,87.0,175
2024-06-10,C.A.U. Burgos,Burgos,LUNES,6,2024,175,11.3,17.3,6.0,20.7,31.7,0.0,72.0,153
2024-06-11,C.A.U. Burgos,Burgos,MARTES,6,2024,153,10.7,17.7,4.0,16.7,27.8,0.0,75.0,130
2024-06-12,C.A.U. Burgos,Burgos,MIÉRCOLES,6,2024,130,11.4,17.4,6.0,19.3,27.8,0.0,65.0,151
2024-06-13,C.A.U. Burgos,Burgos,JUEVES,6,2024,151,14.3,24.5,1.9,11.3,24.1,0.0,53.0,141
2024-06-14,C.A.U. Burgos,Burgos,VIERNES,6,2024,141,17.9,24.5,11.0,21.3,37.0,0.0,59.0,136
2024-06-15,C.A.U. Burgos,Burgos,SÁBADO,6,2024,136,14.6,22.8,8.9,10.0,20.6,0.0,54.0,111
2024-06-16,C.A.U. Burgos,Burgos,DOMINGO,6,2024,111,16.0,26.0,5.6,13.3,27.8,0.0,54.0,139
2024-06-17,C.A.U. Burgos,Burgos,LUNES,6,2024,139,18.1,27.4,9.5,15.4,33.5,0.0,51.0,174
2024-06-18,C.A.U. Burgos,Burgos,MARTES,6,2024,174,15.4,22.1,10.9,10.9,25.9,0.0,71.0,139
2024-06-19,C.A.U. Burgos,Burgos,MIÉRCOLES,6,2024,139,14.2,21.7,8.0,9.1,24.1,7.11,69.0,129
2024-06-20,C.A.U. Burgos,Burgos,JUEVES,6,2024,129,12.5,18.7,10.0,9.3,20.6,0.51,84.0,128
2024-06-21,C.A.U. Burgos,Burgos,VIERNES,6,2024,128,14.9,22.9,7.0,5.7,16.5,5.08,66.0,138
2024-06-22,C.A.U. Burgos,Burgos,SÁBADO,6,2024,138,14.3,19.6,9.0,9.4,20.6,0.0,74.0,122
2024-06-23,C.A.U. Burgos,Burgos,DOMINGO,6,2024,122,16.1,22.8,12.8,13.7,24.1,0.0,78.0,134
2024-06-24,C.A.U. Burgos,Burgos,LUNES,6,2024,134,17.8,25.3,12.0,16.9,24.1,0.0,64.0,137
2024-06-25,C.A.U. Burgos,Burgos,MARTES,6,2024,137,19.1,30.8,8.8,5.9,38.9,0.0,63.0,155
2024-06-26,C.A.U. Burgos,Burgos,MIÉRCOLES,6,2024,155,20.2,29.8,15.0,14.6,38.9,5.84,75.0,143
2024-06-27,C.A.U. Burgos,Burgos,JUEVES,6,2024,143,20.0,27.9,14.0,16.1,31.3,38.86,78.0,140
2024-06-28,C.A.U. Burgos,Burgos,VIERNES,6,2024,140,18.8,26.2,15.0,24.8,33.5,0.0,77.0,130
2024-06-29,C.A.U. Burgos,Burgos,SÁBADO,6,2024,130,15.4,19.4,14.0,8.9,18.3,0.25,87.0,127
2024-06-30,C.A.U. Burgos,Burgos,DOMINGO,6,2024,127,16.0,20.7,11.9,11.3,22.2,2.03,83.0,120
2024-07-01,C.A.U. Burgos,Burgos,LUNES,7,2024,120,14.7,20.2,9.0,18.9,27.8,0.51,74.0,141
2024-07-02,C.A.U. Burgos,Burgos,MARTES,7,2024,141,16.1,23.5,10.8,14.8,24.1,0.0,66.0,139
2024-07-03,C.A.U. Burgos,Burgos,MIÉRCOLES,7,2024,139,17.2,29.0,5.9,8.7,27.8,0.0,53.0,136
2024-07-04,C.A.U. Burgos,Burgos,JUEVES,7,2024,136,19.0,28.2,9.6,14.8,24.1,0.0,54.0,126
2024-07-05,C.A.U. Burgos,Burgos,VIERNES,7,2024,126,21.1,34.2,13.0,13.1,31.7,0.0,57.0,139
2024-07-06,C.A.U. Burgos,Burgos,SÁBADO,7,2024,139,14.3,19.3,10.0,21.3,31.7,3.3,87.0,107
2024-07-07,C.A.U. Burgos,Burgos,DOMINGO,7,2024,107,14.9,23.7,8.8,15.6,25.9,0.0,71.0,91
2024-07-08,C.A.U. Burgos,Burgos,LUNES,7,2024,91,19.8,29.4,9.0,11.5,25.9,0.0,46.0,136
2024-07-09,C.A.U. Burgos,Burgos,MARTES,7,2024,136,19.1,27.2,12.0,12.4,29.4,0.0,53.0,141
2024-07-10,C.A.U. Burgos,Burgos,MIÉRCOLES,7,2024,141,20.6,29.2,13.0,10.9,24.1,0.0,62.0,139
2024-07-11,C.A.U. Burgos,Burgos,JUEVES,7,2024,139,21.1,31.1,13.5,14.1,31.7,0.0,58.0,138
2024-07-12,C.A.U. Burgos,Burgos,VIERNES,7,2024,138,16.2,22.5,11.6,19.6,31.7,0.0,72.0,129
2024-07-13,C.A.U. Burgos,Burgos,SÁBADO,7,2024,129,17.1,26.5,10.0,17.6,25.9,0.0,65.0,102
2024-07-14,C.A.U. Burgos,Burgos,DOMINGO,7,2024,102,20.7,29.8,11.0,11.9,25.9,0.0,40.0,131
2024-07-15,C.A.U. Burgos,Burgos,LUNES,7,2024,131,18.4,26.6,12.0,19.1,37.0,0.0,60.0,129
2024-07-16,C.A.U. Burgos,Burgos,MARTES,7,2024,129,16.8,27.9,8.6,9.3,31.3,4.32,63.0,132
2024-07-17,C.A.U. Burgos,Burgos,MIÉRCOLES,7,2024,132,20.6,32.6,11.9,11.5,18.3,0.0,52.0,125
2024-07-18,C.A.U. Burgos,Burgos,JUEVES,7,2024,125,22.8,34.0,10.8,11.3,29.4,0.0,41.0,116
2024-07-19,C.A.U. Burgos,Burgos,VIERNES,7,2024,116,23.8,34.8,13.0,13.5,27.8,0.0,43.0,106
2024-07-20,C.A.U. Burgos,Burgos,SÁBADO,7,2024,106,22.1,30.6,12.6,15.6,31.7,0.0,54.0,113
2024-07-21,C.A.U. Burgos,Burgos,DOMINGO,7,2024,113,15.4,23.2,9.7,17.4,29.4,0.0,60.0,112
2024-07-22,C.A.U. Burgos,Burgos,LUNES,7,2024,112,18.2,29.6,8.0,16.1,25.9,0.0,53.0,139
2024-07-23,C.A.U. Burgos,Burgos,MARTES,7,2024,139,22.6,34.4,13.0,12.2,25.9,0.0,49.0,129
2024-07-24,C.A.U. Burgos,Burgos,MIÉRCOLES,7,2024,129,22.7,35.1,14.0,14.8,29.4,0.0,51.0,133
2024-07-25,C.A.U. Burgos,Burgos,JUEVES,7,2024,133,20.4,31.2,14.0,23.3,31.7,0.0,61.0,136
2024-07-26,C.A.U. Burgos,Burgos,VIERNES,7,2024,136,20.5,32.9,12.0,17.6,27.8,0.0,62.0,121
2024-07-27,C.A.U. Burgos,Burgos,SÁBADO,7,2024,121,21.1,34.2,13.0,16.1,33.5,0.0,63.0,100
2024-07-28,C.A.U. Burgos,Burgos,DOMINGO,7,2024,100,24.1,37.0,16.0,17.0,27.8,0.0,47.0,120
2024-07-29,C.A.U. Burgos,Burgos,LUNES,7,2024,120,23.7,35.8,15.9,8.9,66.5,0.0,48.0,126
2024-07-30,C.A.U. Burgos,Burgos,MARTES,7,2024,126,24.1,34.8,17.0,7.8,22.2,13.72,54.0,136
2024-07-31,C.A.U. Burgos,Burgos,MIÉRCOLES,7,2024,136,23.7,34.5,14.0,8.7,24.1,0.25,45.0,138
2024-08-01,C.A.U. Burgos,Burgos,JUEVES,8,2024,138,21.4,32.5,16.0,17.0,35.2,0.0,62.0,125
2024-08-02,C.A.U. Burgos,Burgos,VIERNES,8,2024,125,17.2,24.1,14.0,24.3,33.5,0.0,77.0,122
2024-08-03,C.A.U. Burgos,Burgos,SÁBADO,8,2024,122,19.7,29.1,13.0,15.9,25.9,0.0,55.0,107
2024-08-04,C.A.U. Burgos,Burgos,DOMINGO,8,2024,107,21.9,34.0,12.0,9.4,25.9,0.0,45.0,95
2024-08-05,C.A.U. Burgos,Burgos,LUNES,8,2024,95,23.2,35.5,13.2,11.1,25.9,0.0,48.0,149
2024-08-06,C.A.U. Burgos,Burgos,MARTES,8,2024,149,21.1,31.9,15.0,17.6,31.3,0.0,63.0,135
2024-08-07,C.A.U. Burgos,Burgos,MIÉRCOLES,8,2024,135,20.3,29.1,14.0,21.7,31.7,0.0,67.0,101
2024-08-08,C.A.U. Burgos,Burgos,JUEVES,8,2024,101,21.3,33.1,15.0,18.3,25.9,0.0,66.0,130
2024-08-09,C.A.U. Burgos,Burgos,VIERNES,8,2024,130,22.4,34.9,15.0,18.7,27.8,0.0,61.0,133
2024-08-10,C.A.U. Burgos,Burgos,SÁBADO,8,2024,133,25.4,37.1,16.0,10.9,22.2,0.0,45.0,134
2024-08-11,C.A.U. Burgos,Burgos,DOMINGO,8,2024,134,27.3,37.2,18.0,12.0,29.4,0.0,29.0,106
2024-08-12,C.A.U. Burgos,Burgos,LUNES,8,2024,106,0.0,0.0,0.0,0.0,0.0,0.0,0.0,148
2024-08-13,C.A.U. Burgos,Burgos,MARTES,8,2024,148,18.9,27.0,14.0,11.3,22.2,4.57,73.0,136
2024-08-14,C.A.U. Burgos,Burgos,MIÉRCOLES,8,2024,136,16.8,23.5,10.0,16.1,29.4,0.0,70.0,123
2024-08-15,C.A.U. Burgos,Burgos,JUEVES,8,2024,123,15.4,24.8,8.0,17.2,29.4,0.0,60.0,135
2024-08-16,C.A.U. Burgos,Burgos,VIERNES,8,2024,135,18.7,29.7,6.9,11.9,20.6,0.0,41.0,149
2024-08-17,C.A.U. Burgos,Burgos,SÁBADO,8,2024,149,20.8,31.5,11.1,10.9,31.7,0.0,47.0,104
2024-08-18,C.A.U. Burgos,Burgos,DOMINGO,8,2024,104,19.2,27.7,12.0,13.5,25.9,0.0,71.0,124
2024-08-19,C.A.U. Burgos,Burgos,LUNES,8,2024,124,18.1,30.5,9.0,12.0,22.2,0.0,48.0,127
2024-08-20,C.A.U. Burgos,Burgos,MARTES,8,2024,127,21.8,29.5,12.0,17.2,33.5,0.0,41.0,153
2024-08-21,C.A.U. Burgos,Burgos,MIÉRCOLES,8,2024,153,19.3,28.0,13.0,19.6,27.8,0.0,64.0,128
2024-08-22,C.A.U. Burgos,Burgos,JUEVES,8,2024,128,21.3,34.0,10.0,9.3,24.1,0.0,49.0,112
2024-08-23,C.A.U. Burgos,Burgos,VIERNES,8,2024,112,21.7,33.0,10.6,7.8,22.2,0.0,40.0,129
2024-08-24,C.A.U. Burgos,Burgos,SÁBADO,8,2024,129,21.7,32.8,14.0,18.1,35.2,0.0,46.0,118
2024-08-25,C.A.U. Burgos,Burgos,DOMINGO,8,2024,118,14.9,20.0,11.0,27.6,37.0,0.0,75.0,107
2024-08-26,C.A.U. Burgos,Burgos,LUNES,8,2024,107,16.3,26.2,9.9,16.9,27.8,0.0,64.0,140
2024-08-27,C.A.U. Burgos,Burgos,MARTES,8,2024,140,20.4,32.5,7.9,6.1,20.6,0.0,44.0,118
2024-08-28,C.A.U. Burgos,Burgos,MIÉRCOLES,8,2024,118,22.3,33.3,11.0,11.1,25.9,0.0,45.0,130
2024-08-29,C.A.U. Burgos,Burgos,JUEVES,8,2024,130,18.3,27.5,15.0,13.7,33.5,3.05,83.0,109
2024-08-30,C.A.U. Burgos,Burgos,VIERNES,8,2024,109,18.2,25.4,14.0,14.3,37.0,1.02,85.0,113
2024-08-31,C.A.U. Burgos,Burgos,SÁBADO,8,2024,113,18.0,29.0,14.0,8.9,50.0,36.07,81.0,108
2024-09-01,C.A.U. Burgos,Burgos,DOMINGO,9,2024,108,19.3,26.0,14.0,12.0,20.6,0.0,76.0,110
2024-09-02,C.A.U. Burgos,Burgos,LUNES,9,2024,110,17.9,25.1,14.0,15.7,29.4,0.0,83.0,119
2024-09-03,C.A.U. Burgos,Burgos,MARTES,9,2024,119,13.9,16.9,12.0,22.8,33.5,0.0,90.0,119
2024-09-04,C.A.U. Burgos,Burgos,MIÉRCOLES,9,2024,119,14.1,19.1,12.0,17.6,29.4,3.05,78.0,101
2024-09-05,C.A.U. Burgos,Burgos,JUEVES,9,2024,101,12.7,18.5,10.0,10.9,22.2,0.0,73.0,122
2024-09-06,C.A.U. Burgos,Burgos,VIERNES,9,2024,122,12.6,19.7,8.0,11.3,20.6,3.05,67.0,105
2024-09-07,C.A.U. Burgos,Burgos,SÁBADO,9,2024,105,13.4,20.5,8.0,15.0,25.9,0.25,64.0,107
2024-09-08,C.A.U. Burgos,Burgos,DOMINGO,9,2024,107,14.1,21.9,9.0,10.9,22.2,0.0,70.0,110
2024-09-09,C.A.U. Burgos,Burgos,LUNES,9,2024,110,14.1,22.5,6.0,9.8,25.9,0.0,70.0,145
2024-09-10,C.A.U. Burgos,Burgos,MARTES,9,2024,145,14.4,21.0,10.0,18.3,25.9,0.0,73.0,152
2024-09-11,C.A.U. Burgos,Burgos,MIÉRCOLES,9,2024,152,13.3,20.0,7.0,13.5,22.2,0.0,71.0,128
2024-09-12,C.A.U. Burgos,Burgos,JUEVES,9,2024,128,12.9,17.3,7.0,11.3,24.1,25.15,82.0,129
2024-09-13,C.A.U. Burgos,Burgos,VIERNES,9,2024,129,8.1,13.2,5.0,16.1,31.7,0.0,80.0,151
2024-09-14,C.A.U. Burgos,Burgos,SÁBADO,9,2024,151,11.5,21.6,2.8,14.3,24.1,0.0,55.0,88
2024-09-15,C.A.U. Burgos,Burgos,DOMINGO,9,2024,88,12.9,22.5,5.9,17.6,31.7,0.0,40.0,129
2024-09-16,C.A.U. Burgos,Burgos,LUNES,9,2024,129,12.4,21.3,5.0,20.6,37.0,0.0,49.0,155
2024-09-17,C.A.U. Burgos,Burgos,MARTES,9,2024,155,12.5,17.6,8.9,24.3,40.7,0.0,70.0,124
2024-09-18,C.A.U. Burgos,Burgos,MIÉRCOLES,9,2024,124,13.8,21.0,9.0,15.0,22.2,0.0,72.0,142
2024-09-19,C.A.U. Burgos,Burgos,JUEVES,9,2024,142,14.4,23.6,7.3,9.1,31.7,0.25,78.0,129
2024-09-20,C.A.U. Burgos,Burgos,VIERNES,9,2024,129,14.4,19.7,11.0,7.8,20.6,14.73,84.0,138
2024-09-21,C.A.U. Burgos,Burgos,SÁBADO,9,2024,138,14.9,20.8,11.0,8.1,14.8,1.52,84.0,118
2024-09-22,C.A.U. Burgos,Burgos,DOMINGO,9,2024,118,13.9,20.9,9.0,8.9,18.3,1.52,77.0,154
2024-09-23,C.A.U. Burgos,Burgos,LUNES,9,2024,154,12.3,18.9,7.0,8.9,20.6,0.0,71.0,153
2024-09-24,C.A.U. Burgos,Burgos,MARTES,9,2024,153,13.9,19.5,9.0,16.9,27.8,0.0,65.0,130
2024-09-25,C.A.U. Burgos,Burgos,MIÉRCOLES,9,2024,130,16.1,22.6,12.0,27.4,44.6,0.0,79.0,151
2024-09-26,C.A.U. Burgos,Burgos,JUEVES,9,2024,151,16.7,21.0,12.0,38.3,50.0,0.0,70.0,134
2024-09-27,C.A.U. Burgos,Burgos,VIERNES,9,2024,134,10.4,16.5,4.8,20.4,29.4,4.32,72.0,143
2024-09-28,C.A.U. Burgos,Burgos,SÁBADO,9,2024,143,8.3,14.6,3.0,8.5,20.6,0.0,76.0,126
2024-09-29,C.A.U. Burgos,Burgos,DOMINGO,9,2024,126,12.6,22.8,3.0,13.0,27.8,0.0,49.0,138
2024-09-30,C.A.U. Burgos,Burgos,LUNES,9,2024,138,15.4,24.9,8.0,8.3,16.5,0.0,58.0,142
2024-10-01,C.A.U. Burgos,Burgos,MARTES,10,2024,142,16.4,23.2,9.0,13.7,27.8,0.0,65.0,142
2024-10-02,C.A.U. Burgos,Burgos,MIÉRCOLES,10,2024,142,15.2,17.0,11.0,16.5,27.8,0.51,92.0,162
2024-10-03,C.A.U. Burgos,Burgos,JUEVES,10,2024,162,11.1,16.5,6.1,7.8,18.3,23.62,77.0,132
2024-10-04,C.A.U. Burgos,Burgos,VIERNES,10,2024,132,9.2,18.2,1.7,4.1,11.1,0.0,74.0,142
2024-10-05,C.A.U. Burgos,Burgos,SÁBADO,10,2024,142,13.2,18.9,5.0,14.6,29.4,0.0,79.0,140
2024-10-06,C.A.U. Burgos,Burgos,DOMINGO,10,2024,140,15.4,17.5,15.0,28.0,37.0,14.99,87.0,149
2024-10-07,C.A.U. Burgos,Burgos,LUNES,10,2024,149,13.3,16.4,10.0,23.7,44.6,28.96,91.0,149
2024-10-08,C.A.U. Burgos,Burgos,MARTES,10,2024,149,11.6,14.4,9.0,29.4,51.9,0.0,91.0,150
2024-10-09,C.A.U. Burgos,Burgos,MIÉRCOLES,10,2024,150,13.9,20.5,8.0,38.2,74.1,2.29,82.0,166
2024-10-10,C.A.U. Burgos,Burgos,JUEVES,10,2024,166,9.2,15.5,4.0,9.4,16.5,9.14,80.0,101
2024-10-11,C.A.U. Burgos,Burgos,VIERNES,10,2024,101,10.6,17.7,2.9,13.7,29.4,0.0,68.0,126
2024-10-12,C.A.U. Burgos,Burgos,SÁBADO,10,2024,126,13.9,19.3,10.0,15.7,24.1,1.27,84.0,130
2024-10-13,C.A.U. Burgos,Burgos,DOMINGO,10,2024,130,14.2,22.1,8.0,8.5,22.2,2.29,82.0,123
2024-10-14,C.A.U. Burgos,Burgos,LUNES,10,2024,123,14.9,20.5,10.0,9.1,22.2,0.0,89.0,151
2024-10-15,C.A.U. Burgos,Burgos,MARTES,10,2024,151,16.4,21.0,13.0,20.6,37.0,0.0,76.0,146
2024-10-16,C.A.U. Burgos,Burgos,MIÉRCOLES,10,2024,146,14.9,19.2,12.0,22.4,38.9,4.32,86.0,129
2024-10-17,C.A.U. Burgos,Burgos,JUEVES,10,2024,129,9.6,13.5,4.6,9.8,22.2,8.89,90.0,161
2024-10-18,C.A.U. Burgos,Burgos,VIERNES,10,2024,161,8.5,13.8,2.0,9.3,20.6,10.92,81.0,127
2024-10-19,C.A.U. Burgos,Burgos,SÁBADO,10,2024,127,12.2,14.5,11.0,15.2,22.2,0.0,91.0,122
2024-10-20,C.A.U. Burgos,Burgos,DOMINGO,10,2024,122,12.9,18.0,9.0,14.1,22.2,0.25,86.0,126
2024-10-21,C.A.U. Burgos,Burgos,LUNES,10,2024,126,12.7,19.4,6.8,8.9,24.1,0.0,82.0,145
2024-10-22,C.A.U. Burgos,Burgos,MARTES,10,2024,145,10.9,14.3,8.0,19.6,29.4,0.0,87.0,150
2024-10-23,C.A.U. Burgos,Burgos,MIÉRCOLES,10,2024,150,10.8,20.3,6.0,6.5,13.0,0.0,83.0,116
2024-10-24,C.A.U. Burgos,Burgos,JUEVES,10,2024,116,13.7,20.0,8.0,12.2,27.8,0.0,73.0,124
2024-10-25,C.A.U. Burgos,Burgos,VIERNES,10,2024,124,9.8,13.0,5.0,10.6,18.3,18.29,85.0,123
2024-10-26,C.A.U. Burgos,Burgos,SÁBADO,10,2024,123,5.6,9.6,3.7,9.1,16.5,2.29,92.0,103
2024-10-27,C.A.U. Burgos,Burgos,DOMINGO,10,2024,103,6.7,9.6,3.9,10.0,25.9,14.48,91.0,118
2024-10-28,C.A.U. Burgos,Burgos,LUNES,10,2024,118,9.4,14.2,6.7,19.3,35.2,1.02,88.0,130
2024-10-29,C.A.U. Burgos,Burgos,MARTES,10,2024,130,10.2,13.9,7.0,17.6,37.0,0.0,94.0,127
2024-10-30,C.A.U. Burgos,Burgos,MIÉRCOLES,10,2024,127,10.8,14.0,9.0,20.7,38.9,2.03,91.0,124
2024-10-31,C.A.U. Burgos,Burgos,JUEVES,10,2024,124,11.0,17.2,6.9,7.0,18.3,1.52,90.0,111
2024-11-01,C.A.U. Burgos,Burgos,VIERNES,11,2024,111,11.6,16.1,9.0,9.8,22.2,0.0,93.0,147
2024-11-02,C.A.U. Burgos,Burgos,SÁBADO,11,2024,147,12.2,18.8,8.0,9.1,22.2,0.0,81.0,124
2024-11-03,C.A.U. Burgos,Burgos,DOMINGO,11,2024,124,11.4,17.8,7.0,9.3,22.2,0.0,81.0,125
2024-11-04,C.A.U. Burgos,Burgos,LUNES,11,2024,125,10.7,17.5,6.0,8.5,24.1,0.0,85.0,141
2024-11-05,C.A.U. Burgos,Burgos,MARTES,11,2024,141,11.9,18.4,8.0,6.1,16.5,0.0,79.0,140
2024-11-06,C.A.U. Burgos,Burgos,MIÉRCOLES,11,2024,140,10.7,19.7,4.0,2.8,11.1,0.0,79.0,134
2024-11-07,C.A.U. Burgos,Burgos,JUEVES,11,2024,134,8.8,18.5,3.6,3.9,16.5,0.0,90.0,123
2024-11-08,C.A.U. Burgos,Burgos,VIERNES,11,2024,123,9.1,16.3,4.9,3.7,9.4,0.0,92.0,144
2024-11-09,C.A.U. Burgos,Burgos,SÁBADO,11,2024,144,10.2,15.6,3.6,5.9,14.8,0.25,86.0,118
2024-11-10,C.A.U. Burgos,Burgos,DOMINGO,11,2024,118,8.7,13.3,3.5,5.0,16.5,0.25,91.0,129
2024-11-11,C.A.U. Burgos,Burgos,LUNES,11,2024,129,9.1,12.4,7.0,18.3,35.2,2.29,85.0,120
2024-11-12,C.A.U. Burgos,Burgos,MARTES,11,2024,120,6.2,10.4,2.0,23.9,40.7,0.0,82.0,139
2024-11-13,C.A.U. Burgos,Burgos,MIÉRCOLES,11,2024,139,3.4,6.0,2.0,21.7,33.5,0.0,88.0,127
2024-11-14,C.A.U. Burgos,Burgos,JUEVES,11,2024,127,7.3,13.6,3.9,15.0,29.4,0.0,85.0,120
2024-11-15,C.A.U. Burgos,Burgos,VIERNES,11,2024,120,6.1,10.0,2.6,10.7,20.6,0.0,97.0,141
2024-11-16,C.A.U. Burgos,Burgos,SÁBADO,11,2024,141,6.9,12.0,4.0,9.1,18.3,0.0,96.0,136
2024-11-17,C.A.U. Burgos,Burgos,DOMINGO,11,2024,136,7.9,18.0,1.0,3.7,13.0,0.0,83.0,134
2024-11-18,C.A.U. Burgos,Burgos,LUNES,11,2024,134,0.0,0.0,0.0,0.0,0.0,0.0,0.0,147
2024-11-19,C.A.U. Burgos,Burgos,MARTES,11,2024,147,0.0,0.0,0.0,0.0,0.0,0.0,0.0,149
2024-11-20,C.A.U. Burgos,Burgos,MIÉRCOLES,11,2024,149,0.0,0.0,0.0,0.0,0.0,0.0,0.0,125
2024-11-21,C.A.U. Burgos,Burgos,JUEVES,11,2024,125,0.0,0.0,0.0,0.0,0.0,0.0,0.0,160
2024-11-22,C.A.U. Burgos,Burgos,VIERNES,11,2024,160,4.2,7.8,1.0,11.3,22.2,0.0,76.0,136
2024-11-23,C.A.U. Burgos,Burgos,SÁBADO,11,2024,136,9.3,15.7,0.9,18.1,37.0,0.25,78.0,124
2024-11-24,C.A.U. Burgos,Burgos,DOMINGO,11,2024,124,12.3,16.1,5.0,40.4,59.4,0.25,63.0,116
2024-11-25,C.A.U. Burgos,Burgos,LUNES,11,2024,116,10.2,16.1,2.0,30.0,57.6,0.0,70.0,143
2024-11-26,C.A.U. Burgos,Burgos,MARTES,11,2024,143,5.0,8.8,1.7,10.6,20.6,16.0,89.0,146
2024-11-27,C.A.U. Burgos,Burgos,MIÉRCOLES,11,2024,146,3.9,10.1,0.0,6.7,14.8,0.0,91.0,144
2024-11-28,C.A.U. Burgos,Burgos,JUEVES,11,2024,144,5.4,15.7,-1.1,2.4,13.0,0.0,81.0,137
2024-11-29,C.A.U. Burgos,Burgos,VIERNES,11,2024,137,7.6,15.4,1.9,6.1,22.2,0.0,78.0,128
2024-11-30,C.A.U. Burgos,Burgos,SÁBADO,11,2024,128,9.2,14.5,3.4,8.7,16.5,0.0,88.0,126
2024-12-01,C.A.U. Burgos,Burgos,DOMINGO,12,2024,126,0.0,0.0,0.0,0.0,0.0,0.0,0.0,119
2024-12-02,C.A.U. Burgos,Burgos,LUNES,12,2024,119,9.1,12.6,7.0,8.5,16.5,1.52,88.0,163
2024-12-03,C.A.U. Burgos,Burgos,MARTES,12,2024,163,6.7,11.1,4.8,9.8,18.3,0.51,93.0,134
2024-12-04,C.A.U. Burgos,Burgos,MIÉRCOLES,12,2024,134,5.3,8.7,2.0,10.7,29.4,2.79,91.0,130
2024-12-05,C.A.U. Burgos,Burgos,JUEVES,12,2024,130,7.6,11.2,2.1,11.1,20.6,0.0,84.0,101
2024-12-06,C.A.U. Burgos,Burgos,VIERNES,12,2024,101,8.6,10.1,8.0,14.6,20.6,0.0,97.0,127
2024-12-07,C.A.U. Burgos,Burgos,SÁBADO,12,2024,127,7.0,11.2,2.9,20.2,33.5,0.0,83.0,92
2024-12-08,C.A.U. Burgos,Burgos,DOMINGO,12,2024,92,2.3,5.6,1.0,21.5,40.7,0.0,0.0,131
2024-12-09,C.A.U. Burgos,Burgos,LUNES,12,2024,131,1.8,4.5,0.0,16.5,29.4,2.29,89.0,122
2024-12-10,C.A.U. Burgos,Burgos,MARTES,12,2024,122,1.9,4.4,1.0,9.1,22.2,0.0,91.0,144
2024-12-11,C.A.U. Burgos,Burgos,MIÉRCOLES,12,2024,144,1.3,3.7,0.0,4.8,13.0,1.78,90.0,150
2024-12-12,C.A.U. Burgos,Burgos,JUEVES,12,2024,150,1.3,5.7,-1.1,10.6,20.6,0.0,95.0,155
2024-12-13,C.A.U. Burgos,Burgos,VIERNES,12,2024,155,1.8,6.7,-1.7,5.4,13.0,0.25,92.0,143
2024-12-14,C.A.U. Burgos,Burgos,SÁBADO,12,2024,143,0.2,6.2,-3.1,3.0,13.0,0.0,95.0,139
2024-12-15,C.A.U. Burgos,Burgos,DOMINGO,12,2024,139,1.1,6.9,-3.5,4.6,16.5,0.0,93.0,136
2024-12-16,C.A.U. Burgos,Burgos,LUNES,12,2024,136,2.2,12.2,-4.0,7.8,20.6,0.0,81.0,146
2024-12-17,C.A.U. Burgos,Burgos,MARTES,12,2024,146,2.6,11.6,-3.9,8.5,18.3,0.0,72.0,153
2024-12-18,C.A.U. Burgos,Burgos,MIÉRCOLES,12,2024,153,7.9,11.9,1.8,18.0,37.0,0.0,71.0,144
2024-12-19,C.A.U. Burgos,Burgos,JUEVES,12,2024,144,6.6,9.4,2.0,24.1,42.4,3.3,87.0,150
2024-12-20,C.A.U. Burgos,Burgos,VIERNES,12,2024,150,2.4,6.8,0.0,9.3,18.3,0.0,90.0,142
2024-12-21,C.A.U. Burgos,Burgos,SÁBADO,12,2024,142,0.9,7.3,-3.6,5.4,14.8,0.0,88.0,132
2024-12-22,C.A.U. Burgos,Burgos,DOMINGO,12,2024,132,1.8,6.4,-2.4,10.2,29.4,0.0,90.0,150
2024-12-23,C.A.U. Burgos,Burgos,LUNES,12,2024,150,3.7,6.2,2.0,16.9,35.2,1.52,87.0,144
2024-12-24,C.A.U. Burgos,Burgos,MARTES,12,2024,144,5.4,9.5,2.0,10.7,22.2,1.78,93.0,112
2024-12-25,C.A.U. Burgos,Burgos,MIÉRCOLES,12,2024,112,7.0,11.7,3.0,15.0,29.4,0.0,94.0,120
2024-12-26,C.A.U. Burgos,Burgos,JUEVES,12,2024,120,3.9,13.8,-1.6,7.4,22.2,0.0,92.0,172
2024-12-27,C.A.U. Burgos,Burgos,VIERNES,12,2024,172,3.9,8.3,1.0,5.7,16.5,0.0,97.0,134
2024-12-28,C.A.U. Burgos,Burgos,SÁBADO,12,2024,134,1.5,10.0,-3.0,4.6,11.1,0.0,91.0,156
2024-12-29,C.A.U. Burgos,Burgos,DOMINGO,12,2024,156,-0.4,5.1,-3.0,3.0,7.6,0.0,98.0,163
2024-12-30,C.A.U. Burgos,Burgos,LUNES,12,2024,163,-1.3,2.2,-3.0,5.4,11.1,0.0,99.0,150
2024-12-31,C.A.U. Burgos,Burgos,MARTES,12,2024,150,-1.7,0.3,-3.2,5.2,11.1,0.0,99.0,142
2025-01-01,C.A.U. Burgos,Burgos,MIÉRCOLES,1,2025,142,-1.3,4.2,-5.0,8.3,16.5,0.0,97.0,243
2025-01-02,C.A.U. Burgos,Burgos,JUEVES,1,2025,243,0.8,4.0,-2.4,14.4,24.1,0.0,95.0,278
2025-01-03,C.A.U. Burgos,Burgos,VIERNES,1,2025,278,4.4,6.6,2.0,21.9,25.9,0.25,93.0,302
2025-01-04,C.A.U. Burgos,Burgos,SÁBADO,1,2025,302,6.3,8.9,5.0,22.2,27.8,2.29,90.0,291
2025-01-05,C.A.U. Burgos,Burgos,DOMINGO,1,2025,291,7.3,10.2,5.0,31.9,46.5,0.0,79.0,265
2025-01-06,C.A.U. Burgos,Burgos,LUNES,1,2025,265,5.6,9.2,1.0,22.6,40.7,7.87,84.0,209
2025-01-07,C.A.U. Burgos,Burgos,MARTES,1,2025,209,4.2,7.2,0.5,28.0,40.7,0.0,93.0,282
2025-01-08,C.A.U. Burgos,Burgos,MIÉRCOLES,1,2025,282,7.2,8.3,6.0,35.9,46.5,0.51,90.0,307
2025-01-09,C.A.U. Burgos,Burgos,JUEVES,1,2025,307,8.5,11.7,7.0,26.9,44.6,3.3,89.0,250
2025-01-10,C.A.U. Burgos,Burgos,VIERNES,1,2025,250,9.2,10.8,8.0,20.4,27.8,0.25,91.0,315
2025-01-11,C.A.U. Burgos,Burgos,SÁBADO,1,2025,315,8.4,11.5,1.0,14.1,27.8,4.57,87.0,249
2025-01-12,C.A.U. Burgos,Burgos,DOMINGO,1,2025,249,3.2,8.0,-3.0,14.8,31.7,0.25,83.0,251
2025-01-13,C.A.U. Burgos,Burgos,LUNES,1,2025,251,-1.5,4.9,-5.0,9.4,25.9,0.0,63.0,294
2025-01-14,C.A.U. Burgos,Burgos,MARTES,1,2025,294,-0.3,11.1,-7.0,5.6,25.9,0.0,59.0,264
2025-01-15,C.A.U. Burgos,Burgos,MIÉRCOLES,1,2025,264,-0.1,10.4,-8.5,9.4,29.4,0.0,49.0,239
2025-01-16,C.A.U. Burgos,Burgos,JUEVES,1,2025,239,2.4,6.6,-1.0,14.1,24.1,0.0,77.0,286
2025-01-17,C.A.U. Burgos,Burgos,VIERNES,1,2025,286,0.4,8.9,-5.0,3.9,13.0,0.0,83.0,233
2025-01-18,C.A.U. Burgos,Burgos,SÁBADO,1,2025,233,-0.7,8.2,-6.3,3.1,13.0,0.0,80.0,209
2025-01-19,C.A.U. Burgos,Burgos,DOMINGO,1,2025,209,0.8,8.5,-5.2,10.2,27.8,0.0,77.0,271
2025-01-20,C.A.U. Burgos,Burgos,LUNES,1,2025,271,4.5,7.0,2.0,14.1,24.1,1.27,91.0,263
2025-01-21,C.A.U. Burgos,Burgos,MARTES,1,2025,263,7.3,9.1,5.9,15.2,25.9,0.0,94.0,246
2025-01-22,C.A.U. Burgos,Burgos,MIÉRCOLES,1,2025,246,8.4,12.2,7.0,20.2,37.0,10.16,89.0,288
2025-01-23,C.A.U. Burgos,Burgos,JUEVES,1,2025,288,7.9,12.0,5.0,13.0,27.8,0.0,88.0,250
2025-01-24,C.A.U. Burgos,Burgos,VIERNES,1,2025,250,8.9,11.6,8.0,23.9,37.0,0.25,87.0,271
2025-01-25,C.A.U. Burgos,Burgos,SÁBADO,1,2025,271,6.8,10.0,4.0,27.4,44.6,1.78,85.0,228
2025-01-26,C.A.U. Burgos,Burgos,DOMINGO,1,2025,228,6.7,12.3,3.0,39.1,59.4,3.3,81.0,284
2025-01-27,C.A.U. Burgos,Burgos,LUNES,1,2025,284,7.2,11.2,2.0,38.2,53.5,10.67,87.0,304
2025-01-28,C.A.U. Burgos,Burgos,MARTES,1,2025,304,3.3,8.0,0.0,30.6,40.7,9.14,83.0,282
2025-01-29,C.A.U. Burgos,Burgos,MIÉRCOLES,1,2025,282,3.7,6.6,2.0,33.0,53.5,0.25,85.0,271
2025-01-30,C.A.U. Burgos,Burgos,JUEVES,1,2025,271,2.4,5.8,-0.6,25.7,50.0,3.05,81.0,264
2025-01-31,C.A.U. Burgos,Burgos,VIERNES,1,2025,264,1.1,7.2,-3.0,5.0,13.0,1.27,77.0,229
2025-02-01,C.A.U. Burgos,Burgos,SÁBADO,2,2025,229,1.8,9.0,-3.1,9.4,27.8,0.0,84.0,245
2025-02-02,C.A.U. Burgos,Burgos,DOMINGO,2,2025,245,-0.6,3.3,-5.3,5.2,22.2,3.05,95.0,225
2025-02-03,C.A.U. Burgos,Burgos,LUNES,2,2025,225,1.4,7.1,-2.0,12.8,27.8,0.0,92.0,303
2025-02-04,C.A.U. Burgos,Burgos,MARTES,2,2025,303,-0.2,6.4,-4.3,5.6,13.0,0.0,96.0,292
2025-02-05,C.A.U. Burgos,Burgos,MIÉRCOLES,2,2025,292,1.8,10.0,-4.7,9.8,25.9,0.0,82.0,252
2025-02-06,C.A.U. Burgos,Burgos,JUEVES,2,2025,252,2.6,10.1,-1.0,10.7,20.6,0.0,84.0,234
2025-02-07,C.A.U. Burgos,Burgos,VIERNES,2,2025,234,1.0,5.5,-2.0,16.7,29.4,12.95,92.0,264
2025-02-08,C.A.U. Burgos,Burgos,SÁBADO,2,2025,264,-0.1,5.5,-7.0,6.9,20.6,4.06,85.0,216
2025-02-09,C.A.U. Burgos,Burgos,DOMINGO,2,2025,216,5.9,9.6,2.0,14.8,22.2,0.0,89.0,288
2025-02-10,C.A.U. Burgos,Burgos,LUNES,2,2025,288,6.6,11.9,4.0,7.6,20.6,0.0,92.0,265
2025-02-11,C.A.U. Burgos,Burgos,MARTES,2,2025,265,7.7,13.1,4.7,11.3,24.1,7.62,78.0,271
2025-02-12,C.A.U. Burgos,Burgos,MIÉRCOLES,2,2025,271,6.0,9.5,3.0,7.6,18.3,6.35,88.0,271
2025-02-13,C.A.U. Burgos,Burgos,JUEVES,2,2025,271,4.7,8.3,-0.6,7.8,18.3,0.0,93.0,258
2025-02-14,C.A.U. Burgos,Burgos,VIERNES,2,2025,258,6.7,12.6,1.0,7.2,18.3,0.51,84.0,268
2025-02-15,C.A.U. Burgos,Burgos,SÁBADO,2,2025,268,5.8,16.6,-1.0,7.6,20.6,0.0,72.0,272
2025-02-16,C.A.U. Burgos,Burgos,DOMINGO,2,2025,272,7.9,15.3,0.8,6.3,16.5,0.0,63.0,238
2025-02-17,C.A.U. Burgos,Burgos,LUNES,2,2025,238,7.1,11.8,1.6,7.6,18.3,0.0,84.0,277
2025-02-18,C.A.U. Burgos,Burgos,MARTES,2,2025,277,6.3,16.3,0.0,7.8,20.6,0.0,80.0,303
2025-02-19,C.A.U. Burgos,Burgos,MIÉRCOLES,2,2025,303,8.1,15.1,1.0,7.2,18.3,0.0,76.0,249
2025-02-20,C.A.U. Burgos,Burgos,JUEVES,2,2025,249,7.4,11.4,4.0,12.4,22.2,0.0,92.0,267
2025-02-21,C.A.U. Burgos,Burgos,VIERNES,2,2025,267,9.9,15.5,5.8,23.3,48.2,0.0,75.0,247
2025-02-22,C.A.U. Burgos,Burgos,SÁBADO,2,2025,247,6.2,10.6,2.9,13.7,27.8,10.41,80.0,237
2025-02-23,C.A.U. Burgos,Burgos,DOMINGO,2,2025,237,4.7,12.6,-2.0,8.5,22.2,0.0,80.0,255
2025-02-24,C.A.U. Burgos,Burgos,LUNES,2,2025,255,8.0,13.0,3.7,20.7,33.5,0.0,68.0,326
2025-02-25,C.A.U. Burgos,Burgos,MARTES,2,2025,326,5.7,8.8,0.0,17.2,33.5,0.0,81.0,240
2025-02-26,C.A.U. Burgos,Burgos,MIÉRCOLES,2,2025,240,2.6,10.3,-3.2,6.7,18.3,5.84,74.0,284
2025-02-27,C.A.U. Burgos,Burgos,JUEVES,2,2025,284,4.3,10.5,0.0,5.0,16.5,0.0,76.0,258
2025-02-28,C.A.U. Burgos,Burgos,VIERNES,2,2025,258,3.8,7.0,2.0,16.3,31.7,0.0,87.0,270
2025-03-01,C.A.U. Burgos,Burgos,SÁBADO,3,2025,270,2.4,5.5,0.0,22.8,33.5,0.0,76.0,196
2025-03-02,C.A.U. Burgos,Burgos,DOMINGO,3,2025,196,1.1,4.4,-1.0,18.9,27.8,0.0,84.0,239
2025-03-03,C.A.U. Burgos,Burgos,LUNES,3,2025,239,4.2,7.7,2.0,16.1,24.1,2.54,96.0,283
2025-03-04,C.A.U. Burgos,Burgos,MARTES,3,2025,283,6.9,10.6,4.7,12.2,24.1,1.52,92.0,246
2025-03-05,C.A.U. Burgos,Burgos,MIÉRCOLES,3,2025,246,7.1,12.0,4.0,11.9,24.1,0.0,84.0,269
2025-03-06,C.A.U. Burgos,Burgos,JUEVES,3,2025,269,7.9,14.6,5.0,21.1,40.7,0.51,84.0,285
2025-03-07,C.A.U. Burgos,Burgos,VIERNES,3,2025,285,9.1,14.0,7.0,25.4,35.2,0.51,81.0,237
2025-03-08,C.A.U. Burgos,Burgos,SÁBADO,3,2025,237,7.7,10.7,4.0,33.2,55.4,3.05,83.0,234
2025-03-09,C.A.U. Burgos,Burgos,DOMINGO,3,2025,234,4.7,8.6,1.0,14.3,25.9,3.81,81.0,224
2025-03-10,C.A.U. Burgos,Burgos,LUNES,3,2025,224,6.2,12.0,1.0,13.3,27.8,0.51,72.0,280
2025-03-11,C.A.U. Burgos,Burgos,MARTES,3,2025,280,6.3,10.8,5.0,13.1,27.8,0.0,86.0,300
2025-03-12,C.A.U. Burgos,Burgos,MIÉRCOLES,3,2025,300,5.1,11.8,-1.0,12.8,25.9,0.25,79.0,245
2025-03-13,C.A.U. Burgos,Burgos,JUEVES,3,2025,245,3.1,6.9,0.0,13.9,29.4,3.3,84.0,247
2025-03-14,C.A.U. Burgos,Burgos,VIERNES,3,2025,247,1.0,5.8,-2.0,17.2,29.4,1.52,81.0,250
2025-03-15,C.A.U. Burgos,Burgos,SÁBADO,3,2025,250,0.9,5.9,-2.0,6.5,14.8,0.0,80.0,219
2025-03-16,C.A.U. Burgos,Burgos,DOMINGO,3,2025,219,1.6,6.0,-2.0,7.8,13.0,2.29,75.0,204
2025-03-17,C.A.U. Burgos,Burgos,LUNES,3,2025,204,2.4,10.0,-5.0,10.4,27.8,0.0,77.0,256
2025-03-18,C.A.U. Burgos,Burgos,MARTES,3,2025,256,5.2,11.2,1.0,19.3,37.0,0.0,88.0,291
2025-03-19,C.A.U. Burgos,Burgos,MIÉRCOLES,3,2025,291,10.1,16.0,5.0,23.0,42.4,4.32,68.0,248
2025-03-20,C.A.U. Burgos,Burgos,JUEVES,3,2025,248,10.1,13.0,7.0,24.1,51.9,14.48,73.0,248
2025-03-21,C.A.U. Burgos,Burgos,VIERNES,3,2025,248,8.0,11.7,4.0,33.2,51.9,20.57,83.0,270
2025-03-22,C.A.U. Burgos,Burgos,SÁBADO,3,2025,270,4.9,9.7,3.0,25.2,40.7,8.64,88.0,223
2025-03-23,C.A.U. Burgos,Burgos,DOMINGO,3,2025,223,3.4,9.6,0.0,8.5,20.6,8.38,85.0,242
2025-03-24,C.A.U. Burgos,Burgos,LUNES,3,2025,242,5.3,8.6,2.0,13.5,29.4,5.08,89.0,294
2025-03-25,C.A.U. Burgos,Burgos,MARTES,3,2025,294,6.4,11.6,3.0,15.0,27.8,4.57,86.0,273
2025-03-26,C.A.U. Burgos,Burgos,MIÉRCOLES,3,2025,273,5.6,8.8,2.0,11.3,20.6,0.76,84.0,275
2025-03-27,C.A.U. Burgos,Burgos,JUEVES,3,2025,275,5.2,9.1,3.0,15.4,27.8,0.0,86.0,260
2025-03-28,C.A.U. Burgos,Burgos,VIERNES,3,2025,260,5.9,12.3,-0.6,13.9,29.4,0.0,77.0,263
2025-03-29,C.A.U. Burgos,Burgos,SÁBADO,3,2025,263,6.0,10.1,2.0,19.6,33.5,0.0,72.0,191
2025-03-30,C.A.U. Burgos,Burgos,DOMINGO,3,2025,191,6.1,13.0,-0.5,17.8,33.5,0.0,68.0,211
2025-03-31,C.A.U. Burgos,Burgos,LUNES,3,2025,211,10.4,19.5,1.7,15.9,37.0,0.0,51.0,284
2025-04-01,C.A.U. Burgos,Burgos,MARTES,4,2025,284,12.2,23.7,1.0,5.2,18.3,0.0,53.0,278
2025-04-02,C.A.U. Burgos,Burgos,MIÉRCOLES,4,2025,278,8.3,15.5,4.4,11.7,29.4,0.0,85.0,275
2025-04-03,C.A.U. Burgos,Burgos,JUEVES,4,2025,275,8.7,11.5,6.0,18.0,38.9,23.11,83.0,314
2025-04-04,C.A.U. Burgos,Burgos,VIERNES,4,2025,314,10.8,17.0,6.8,21.9,44.6,1.02,74.0,274
2025-04-05,C.A.U. Burgos,Burgos,SÁBADO,4,2025,274,8.8,12.3,7.0,15.7,27.8,2.54,85.0,251
2025-04-06,C.A.U. Burgos,Burgos,DOMINGO,4,2025,251,10.6,17.1,6.0,11.7,25.9,0.0,76.0,240
2025-04-07,C.A.U. Burgos,Burgos,LUNES,4,2025,240,11.2,19.7,3.9,8.5,24.1,0.0,65.0,294
2025-04-08,C.A.U. Burgos,Burgos,MARTES,4,2025,294,12.7,22.2,2.4,5.0,14.8,0.0,62.0,266
2025-04-09,C.A.U. Burgos,Burgos,MIÉRCOLES,4,2025,266,13.2,22.6,4.0,5.9,18.3,0.0,63.0,279
2025-04-10,C.A.U. Burgos,Burgos,JUEVES,4,2025,279,12.1,17.6,7.0,18.1,33.5,0.0,74.0,247
2025-04-11,C.A.U. Burgos,Burgos,VIERNES,4,2025,247,10.5,17.8,6.6,14.1,29.4,0.0,82.0,300
2025-04-12,C.A.U. Burgos,Burgos,SÁBADO,4,2025,300,11.4,17.0,8.5,12.2,22.2,3.81,86.0,227
2025-04-13,C.A.U. Burgos,Burgos,DOMINGO,4,2025,227,10.4,15.4,8.0,8.1,25.9,4.32,92.0,244
2025-04-14,C.A.U. Burgos,Burgos,LUNES,4,2025,244,9.4,14.5,4.6,20.6,38.9,12.19,79.0,302
2025-04-15,C.A.U. Burgos,Burgos,MARTES,4,2025,302,5.7,11.0,1.0,17.8,29.4,0.0,79.0,281
2025-04-16,C.A.U. Burgos,Burgos,MIÉRCOLES,4,2025,281,3.5,8.5,0.0,13.7,33.5,8.89,85.0,264
2025-04-17,C.A.U. Burgos,Burgos,JUEVES,4,2025,264,6.2,14.4,-2.1,12.8,27.8,1.78,78.0,217
2025-04-18,C.A.U. Burgos,Burgos,VIERNES,4,2025,217,10.2,16.6,8.0,20.7,35.2,0.0,83.0,212
2025-04-19,C.A.U. Burgos,Burgos,SÁBADO,4,2025,212,5.7,9.8,3.0,25.0,42.4,17.02,85.0,225
2025-04-20,C.A.U. Burgos,Burgos,DOMINGO,4,2025,225,6.9,13.1,2.7,13.0,24.1,11.94,81.0,213
2025-04-21,C.A.U. Burgos,Burgos,LUNES,4,2025,213,8.6,14.1,3.0,10.9,24.1,0.0,83.0,282
2025-04-22,C.A.U. Burgos,Burgos,MARTES,4,2025,282,8.4,14.0,5.0,12.8,18.3,10.67,78.0,290
2025-04-23,C.A.U. Burgos,Burgos,MIÉRCOLES,4,2025,290,9.4,18.7,1.0,6.9,22.2,0.0,76.0,247
2025-04-24,C.A.U. Burgos,Burgos,JUEVES,4,2025,247,12.3,21.5,3.8,7.8,13.0,0.0,70.0,279
2025-04-25,C.A.U. Burgos,Burgos,VIERNES,4,2025,279,13.3,23.1,3.5,11.3,44.6,0.0,67.0,304
2025-04-26,C.A.U. Burgos,Burgos,SÁBADO,4,2025,304,9.3,14.6,5.0,19.1,31.7,3.3,76.0,232
2025-04-27,C.A.U. Burgos,Burgos,DOMINGO,4,2025,232,8.6,14.0,5.9,15.0,25.9,0.0,79.0,228
2025-04-28,C.A.U. Burgos,Burgos,LUNES,4,2025,228,11.1,21.5,0.7,7.4,18.3,0.0,69.0,265
2025-04-29,C.A.U. Burgos,Burgos,MARTES,4,2025,265,13.1,21.5,6.0,15.2,25.9,0.0,69.0,291
2025-04-30,C.A.U. Burgos,Burgos,MIÉRCOLES,4,2025,291,11.7,19.1,5.0,16.1,37.0,0.0,78.0,249
2025-05-01,C.A.U. Burgos,Burgos,JUEVES,5,2025,249,12.1,19.8,8.0,8.5,24.1,9.14,82.0,277
2025-05-02,C.A.U. Burgos,Burgos,VIERNES,5,2025,277,10.8,18.4,8.0,12.6,38.9,0.0,86.0,264
2025-05-03,C.A.U. Burgos,Burgos,SÁBADO,5,2025,264,12.7,18.4,9.0,14.3,29.4,16.76,72.0,242
2025-05-04,C.A.U. Burgos,Burgos,DOMINGO,5,2025,242,10.4,17.2,5.7,8.0,24.1,0.0,82.0,222
2025-05-05,C.A.U. Burgos,Burgos,LUNES,5,2025,222,8.4,11.6,2.0,13.5,29.4,0.51,86.0,265
2025-05-06,C.A.U. Burgos,Burgos,MARTES,5,2025,265,4.7,10.3,0.7,12.8,24.1,0.76,80.0,242
2025-05-07,C.A.U. Burgos,Burgos,MIÉRCOLES,5,2025,242,7.8,15.2,1.8,16.1,25.9,0.0,74.0,252
2025-05-08,C.A.U. Burgos,Burgos,JUEVES,5,2025,252,9.1,16.5,3.6,14.3,20.6,0.0,74.0,265
2025-05-09,C.A.U. Burgos,Burgos,VIERNES,5,2025,265,8.1,11.0,5.0,10.6,18.3,1.02,93.0,272
2025-05-10,C.A.U. Burgos,Burgos,SÁBADO,5,2025,272,7.2,13.0,2.5,9.1,24.1,14.48,88.0,223
2025-05-11,C.A.U. Burgos,Burgos,DOMINGO,5,2025,223,7.5,11.8,4.0,18.3,27.8,6.35,85.0,237
2025-05-12,C.A.U. Burgos,Burgos,LUNES,5,2025,237,7.8,13.7,2.0,16.3,27.8,5.08,85.0,303
2025-05-13,C.A.U. Burgos,Burgos,MARTES,5,2025,303,10.7,16.9,7.0,12.6,24.1,4.57,75.0,245
2025-05-14,C.A.U. Burgos,Burgos,MIÉRCOLES,5,2025,245,10.1,17.6,7.0,9.8,22.2,0.0,89.0,242
2025-05-15,C.A.U. Burgos,Burgos,JUEVES,5,2025,242,10.2,13.2,8.0,17.6,27.8,2.03,88.0,245
2025-05-16,C.A.U. Burgos,Burgos,VIERNES,5,2025,245,11.2,18.0,6.0,13.3,25.9,0.0,71.0,253
2025-05-17,C.A.U. Burgos,Burgos,SÁBADO,5,2025,253,11.6,21.3,2.3,5.7,14.8,0.0,67.0,223
2025-05-18,C.A.U. Burgos,Burgos,DOMINGO,5,2025,223,15.0,25.5,4.6,8.9,29.4,0.0,60.0,258
2025-05-19,C.A.U. Burgos,Burgos,LUNES,5,2025,258,10.1,13.4,7.0,10.2,18.3,0.51,85.0,291
2025-05-20,C.A.U. Burgos,Burgos,MARTES,5,2025,291,10.6,18.4,3.0,7.0,14.8,9.65,75.0,284
2025-05-21,C.A.U. Burgos,Burgos,MIÉRCOLES,5,2025,284,11.8,21.7,3.8,8.3,25.9,0.0,74.0,269
2025-05-22,C.A.U. Burgos,Burgos,JUEVES,5,2025,269,9.5,15.3,5.0,17.0,27.8,0.51,75.0,280
2025-05-23,C.A.U. Burgos,Burgos,VIERNES,5,2025,280,9.8,16.6,4.0,18.9,29.4,0.0,75.0,266
2025-05-24,C.A.U. Burgos,Burgos,SÁBADO,5,2025,266,11.8,22.5,2.0,7.0,14.8,0.0,56.0,222
2025-05-25,C.A.U. Burgos,Burgos,DOMINGO,5,2025,222,6.5,9.0,4.5,2.8,5.4,0.0,86.0,251
2025-05-26,C.A.U. Burgos,Burgos,LUNES,5,2025,251,13.7,20.5,9.0,15.6,22.2,0.0,77.0,327
2025-05-27,C.A.U. Burgos,Burgos,MARTES,5,2025,327,15.8,25.7,8.0,10.2,20.6,0.0,59.0,272
2025-05-28,C.A.U. Burgos,Burgos,MIÉRCOLES,5,2025,272,17.4,28.0,7.0,7.2,18.3,0.0,57.0,259
2025-05-29,C.A.U. Burgos,Burgos,JUEVES,5,2025,259,19.6,30.7,7.0,5.6,16.5,0.0,46.0,297
2025-05-30,C.A.U. Burgos,Burgos,VIERNES,5,2025,297,18.7,30.2,12.0,9.4,48.2,0.0,59.0,250
2025-05-31,C.A.U. Burgos,Burgos,SÁBADO,5,2025,250,19.7,30.6,9.0,7.8,27.8,0.0,55.0,247
2025-06-01,C.A.U. Burgos,Burgos,DOMINGO,6,2025,247,19.2,29.3,11.0,14.1,31.7,0.0,62.0,253
2025-06-02,C.A.U. Burgos,Burgos,LUNES,6,2025,253,12.0,14.8,10.0,23.3,31.7,0.0,92.0,296
2025-06-03,C.A.U. Burgos,Burgos,MARTES,6,2025,296,13.6,19.1,11.0,16.9,25.9,0.0,89.0,290
2025-06-04,C.A.U. Burgos,Burgos,MIÉRCOLES,6,2025,290,13.9,21.2,8.0,12.4,25.9,0.0,76.0,285
2025-06-05,C.A.U. Burgos,Burgos,JUEVES,6,2025,285,15.1,24.6,7.0,12.4,22.2,0.0,62.0,248
2025-06-06,C.A.U. Burgos,Burgos,VIERNES,6,2025,248,16.1,26.0,8.0,10.4,22.2,0.0,62.0,244
2025-06-07,C.A.U. Burgos,Burgos,SÁBADO,6,2025,244,16.1,26.1,8.0,11.7,25.9,0.0,60.0,223
2025-06-08,C.A.U. Burgos,Burgos,DOMINGO,6,2025,223,14.7,24.4,10.0,17.2,29.4,0.0,73.0,244
2025-06-09,C.A.U. Burgos,Burgos,LUNES,6,2025,244,19.0,32.5,9.0,9.4,31.7,0.0,58.0,267
2025-06-10,C.A.U. Burgos,Burgos,MARTES,6,2025,267,23.0,34.7,13.2,9.6,51.9,0.0,49.0,276
2025-06-11,C.A.U. Burgos,Burgos,MIÉRCOLES,6,2025,276,18.6,28.0,13.0,14.4,38.9,3.05,68.0,299
2025-06-12,C.A.U. Burgos,Burgos,JUEVES,6,2025,299,16.8,24.3,10.0,10.6,24.1,13.21,67.0,260
2025-06-13,C.A.U. Burgos,Burgos,VIERNES,6,2025,260,18.6,29.8,9.0,9.3,24.1,0.0,56.0,273
2025-06-14,C.A.U. Burgos,Burgos,SÁBADO,6,2025,273,17.3,26.4,12.0,16.7,33.5,0.0,78.0,258
2025-06-15,C.A.U. Burgos,Burgos,DOMINGO,6,2025,258,14.1,19.9,12.0,26.5,38.9,0.0,82.0,265
2025-06-16,C.A.U. Burgos,Burgos,LUNES,6,2025,265,17.4,28.1,11.0,20.0,31.7,0.0,73.0,299
2025-06-17,C.A.U. Burgos,Burgos,MARTES,6,2025,299,21.7,32.4,12.0,9.8,24.1,0.0,61.0,277
2025-06-18,C.A.U. Burgos,Burgos,MIÉRCOLES,6,2025,277,22.8,33.7,11.0,8.9,22.2,0.0,54.0,268
2025-06-19,C.A.U. Burgos,Burgos,JUEVES,6,2025,268,21.9,32.6,13.6,9.8,31.7,0.0,52.0,249
2025-06-20,C.A.U. Burgos,Burgos,VIERNES,6,2025,249,22.2,34.5,11.0,5.7,27.8,0.0,48.0,229
2025-06-21,C.A.U. Burgos,Burgos,SÁBADO,6,2025,229,22.7,35.0,15.0,10.9,42.4,0.0,52.0,235
2025-06-22,C.A.U. Burgos,Burgos,DOMINGO,6,2025,235,23.6,32.4,15.0,16.3,35.2,11.68,50.0,257
2025-06-23,C.A.U. Burgos,Burgos,LUNES,6,2025,257,23.4,33.7,14.7,11.3,29.4,0.0,55.0,265
2025-06-24,C.A.U. Burgos,Burgos,MARTES,6,2025,265,21.7,30.6,16.0,11.9,37.0,0.0,56.0,316
2025-06-25,C.A.U. Burgos,Burgos,MIÉRCOLES,6,2025,316,19.6,26.5,13.0,15.6,29.4,3.81,59.0,303
2025-06-26,C.A.U. Burgos,Burgos,JUEVES,6,2025,303,18.4,27.4,11.4,12.6,25.9,0.0,67.0,270
2025-06-27,C.A.U. Burgos,Burgos,VIERNES,6,2025,270,22.1,32.2,12.0,9.8,24.1,0.0,55.0,241
2025-06-28,C.A.U. Burgos,Burgos,SÁBADO,6,2025,241,24.4,34.6,15.0,11.1,24.1,0.0,47.0,265
2025-06-29,C.A.U. Burgos,Burgos,DOMINGO,6,2025,265,23.9,36.8,13.9,10.2,44.6,0.0,47.0,244
2025-06-30,C.A.U. Burgos,Burgos,LUNES,6,2025,244,24.9,34.9,15.0,8.9,25.9,13.46,42.0,286
2025-07-01,C.A.U. Burgos,Burgos,MARTES,7,2025,286,24.2,35.5,14.0,7.8,27.8,0.0,45.0,289
2025-07-02,C.A.U. Burgos,Burgos,MIÉRCOLES,7,2025,289,20.1,26.8,15.0,22.6,42.4,0.0,78.0,255
2025-07-03,C.A.U. Burgos,Burgos,JUEVES,7,2025,255,17.9,26.6,14.0,24.1,33.5,1.52,79.0,288
2025-07-04,C.A.U. Burgos,Burgos,VIERNES,7,2025,288,20.8,30.9,13.0,15.0,31.7,1.52,67.0,261
2025-07-05,C.A.U. Burgos,Burgos,SÁBADO,7,2025,261,21.0,29.2,15.0,20.6,31.7,2.79,63.0,205
2025-07-06,C.A.U. Burgos,Burgos,DOMINGO,7,2025,205,19.1,27.0,12.0,15.9,29.4,0.0,56.0,255
2025-07-07,C.A.U. Burgos,Burgos,LUNES,7,2025,255,16.8,23.2,12.0,20.7,38.9,0.0,68.0,293
2025-07-08,C.A.U. Burgos,Burgos,MARTES,7,2025,293,15.8,24.4,9.0,25.4,33.5,0.0,62.0,248
2025-07-09,C.A.U. Burgos,Burgos,MIÉRCOLES,7,2025,248,19.1,30.2,10.0,17.8,25.9,0.0,54.0,259
2025-07-10,C.A.U. Burgos,Burgos,JUEVES,7,2025,259,22.7,33.2,13.0,13.0,25.9,0.0,54.0,243
2025-07-11,C.A.U. Burgos,Burgos,VIERNES,7,2025,243,22.1,32.8,15.7,11.7,35.2,0.0,55.0,272
2025-07-12,C.A.U. Burgos,Burgos,SÁBADO,7,2025,272,18.5,26.3,14.0,12.4,27.8,0.0,74.0,206
2025-07-13,C.A.U. Burgos,Burgos,DOMINGO,7,2025,206,19.9,29.4,13.0,10.2,31.7,1.52,66.0,255
2025-07-14,C.A.U. Burgos,Burgos,LUNES,7,2025,255,19.8,28.6,15.0,19.1,35.2,0.0,71.0,311
2025-07-15,C.A.U. Burgos,Burgos,MARTES,7,2025,311,19.3,27.3,14.0,19.4,25.9,0.0,66.0,250
2025-07-16,C.A.U. Burgos,Burgos,MIÉRCOLES,7,2025,250,23.5,36.2,11.0,9.3,27.8,0.0,41.0,261
2025-07-17,C.A.U. Burgos,Burgos,JUEVES,7,2025,261,24.4,36.9,15.0,12.4,29.4,0.0,44.0,253
2025-07-18,C.A.U. Burgos,Burgos,VIERNES,7,2025,253,20.1,27.1,16.0,21.1,35.2,0.0,72.0,267
2025-07-19,C.A.U. Burgos,Burgos,SÁBADO,7,2025,267,20.1,27.5,14.0,15.4,29.4,0.0,53.0,204
2025-07-20,C.A.U. Burgos,Burgos,DOMINGO,7,2025,204,18.1,26.1,11.0,23.7,37.0,0.0,53.0,234
2025-07-21,C.A.U. Burgos,Burgos,LUNES,7,2025,234,16.2,26.2,7.0,7.8,24.1,0.0,56.0,267
2025-07-22,C.A.U. Burgos,Burgos,MARTES,7,2025,267,19.7,30.6,10.1,12.6,24.1,0.0,49.0,252
2025-07-23,C.A.U. Burgos,Burgos,MIÉRCOLES,7,2025,252,16.8,23.1,12.0,21.1,31.7,0.0,69.0,266
2025-07-24,C.A.U. Burgos,Burgos,JUEVES,7,2025,266,14.9,20.8,10.0,21.1,33.5,0.0,67.0,241
2025-07-25,C.A.U. Burgos,Burgos,VIERNES,7,2025,241,15.0,22.4,9.0,19.8,27.8,0.0,68.0,278
2025-07-26,C.A.U. Burgos,Burgos,SÁBADO,7,2025,278,16.2,25.2,8.0,17.6,25.9,0.0,66.0,227
2025-07-27,C.A.U. Burgos,Burgos,DOMINGO,7,2025,227,18.2,27.0,11.0,16.9,25.9,0.0,60.0,212
2025-07-28,C.A.U. Burgos,Burgos,LUNES,7,2025,212,15.7,21.0,12.0,24.4,35.2,0.0,70.0,295
2025-07-29,C.A.U. Burgos,Burgos,MARTES,7,2025,295,15.7,21.2,10.0,20.7,31.3,0.0,67.0,256
2025-07-30,C.A.U. Burgos,Burgos,MIÉRCOLES,7,2025,256,17.1,24.7,10.0,20.9,29.4,0.0,67.0,242
2025-07-31,C.A.U. Burgos,Burgos,JUEVES,7,2025,242,17.5,26.0,11.0,20.6,27.8,0.0,64.0,234
2025-08-01,C.A.U. Burgos,Burgos,VIERNES,8,2025,234,16.7,25.5,11.0,22.6,31.7,0.0,66.0,239
2025-08-02,C.A.U. Burgos,Burgos,SÁBADO,8,2025,239,17.9,26.1,12.0,23.5,33.5,0.0,61.0,249
2025-08-03,C.A.U. Burgos,Burgos,DOMINGO,8,2025,249,18.7,28.7,11.0,21.7,29.4,0.0,49.0,222
2025-08-04,C.A.U. Burgos,Burgos,LUNES,8,2025,222,22.7,35.1,9.0,9.1,25.9,0.0,36.0,276
2025-08-05,C.A.U. Burgos,Burgos,MARTES,8,2025,276,19.6,26.4,14.0,22.8,35.2,0.0,55.0,273
2025-08-06,C.A.U. Burgos,Burgos,MIÉRCOLES,8,2025,273,20.6,31.9,13.0,14.4,25.9,0.0,61.0,264
2025-08-07,C.A.U. Burgos,Burgos,JUEVES,8,2025,264,24.7,37.2,12.7,7.4,20.6,0.0,41.0,235
2025-08-08,C.A.U. Burgos,Burgos,VIERNES,8,2025,235,25.5,38.0,16.0,11.1,24.1,0.0,46.0,231
2025-08-09,C.A.U. Burgos,Burgos,SÁBADO,8,2025,231,24.5,34.8,16.0,13.5,27.8,0.0,53.0,249
2025-08-10,C.A.U. Burgos,Burgos,DOMINGO,8,2025,249,25.9,37.8,14.0,12.6,22.2,0.0,40.0,270
2025-08-11,C.A.U. Burgos,Burgos,LUNES,8,2025,270,28.6,37.6,19.6,11.9,24.1,0.0,29.0,248
2025-08-12,C.A.U. Burgos,Burgos,MARTES,8,2025,248,24.1,38.5,14.9,11.1,35.2,0.0,44.0,311
2025-08-13,C.A.U. Burgos,Burgos,MIÉRCOLES,8,2025,311,22.8,34.1,16.9,9.4,37.0,3.05,53.0,245
2025-08-14,C.A.U. Burgos,Burgos,JUEVES,8,2025,245,23.6,36.7,13.0,8.7,27.8,0.0,48.0,270
2025-08-15,C.A.U. Burgos,Burgos,VIERNES,8,2025,270,27.0,37.0,19.0,8.9,16.5,0.0,37.0,238
2025-08-16,C.A.U. Burgos,Burgos,SÁBADO,8,2025,238,26.4,38.0,15.0,5.6,20.6,0.0,30.0,233
2025-08-17,C.A.U. Burgos,Burgos,DOMINGO,8,2025,233,25.9,37.8,14.7,11.7,31.7,0.0,32.0,227
2025-08-18,C.A.U. Burgos,Burgos,LUNES,8,2025,227,19.0,23.1,15.8,21.1,33.5,0.0,78.0,287
2025-08-19,C.A.U. Burgos,Burgos,MARTES,8,2025,287,16.4,22.9,13.0,19.6,27.8,0.0,74.0,273
2025-08-20,C.A.U. Burgos,Burgos,MIÉRCOLES,8,2025,273,15.6,22.0,10.7,12.8,25.9,0.0,69.0,287
2025-08-21,C.A.U. Burgos,Burgos,JUEVES,8,2025,287,15.3,22.3,8.7,13.3,27.8,0.0,69.0,280
2025-08-22,C.A.U. Burgos,Burgos,VIERNES,8,2025,280,15.6,22.1,9.0,16.1,29.4,0.0,65.0,256
2025-08-23,C.A.U. Burgos,Burgos,SÁBADO,8,2025,256,18.4,30.1,7.7,8.0,14.8,0.0,47.0,236
2025-08-24,C.A.U. Burgos,Burgos,DOMINGO,8,2025,236,21.3,32.0,9.2,8.9,18.3,0.0,40.0,231
2025-08-25,C.A.U. Burgos,Burgos,LUNES,8,2025,231,0.0,0.0,0.0,0.0,0.0,0.0,0.0,276
2025-08-26,C.A.U. Burgos,Burgos,MARTES,8,2025,276,0.0,0.0,0.0,0.0,0.0,0.0,0.0,242
2025-08-27,C.A.U. Burgos,Burgos,MIÉRCOLES,8,2025,242,0.0,0.0,0.0,0.0,0.0,0.0,0.0,266
2025-08-28,C.A.U. Burgos,Burgos,JUEVES,8,2025,266,0.0,0.0,0.0,0.0,0.0,0.0,0.0,234
2025-08-29,C.A.U. Burgos,Burgos,VIERNES,8,2025,234,0.0,0.0,0.0,0.0,0.0,0.0,0.0,268
2025-08-30,C.A.U. Burgos,Burgos,SÁBADO,8,2025,268,0.0,0.0,0.0,0.0,0.0,0.0,0.0,198
2025-08-31,C.A.U. Burgos,Burgos,DOMINGO,8,2025,198,0.0,0.0,0.0,0.0,0.0,0.0,0.0,211
2024-01-01,H. Santiago Apóstol,Burgos,LUNES,1,2024,19,3.3,6.5,1.0,17.0,27.8,1.27,84.0,19
2024-01-02,H. Santiago Apóstol,Burgos,MARTES,1,2024,19,7.0,10.1,4.0,32.0,42.4,0.0,82.0,35
2024-01-03,H. Santiago Apóstol,Burgos,MIÉRCOLES,1,2024,35,9.3,11.6,7.0,24.1,33.5,1.52,91.0,31
2024-01-04,H. Santiago Apóstol,Burgos,JUEVES,1,2024,31,6.8,9.6,5.0,16.7,27.8,1.52,86.0,29
2024-01-05,H. Santiago Apóstol,Burgos,VIERNES,1,2024,29,3.3,7.0,0.0,7.0,18.3,0.76,88.0,39
2024-01-06,H. Santiago Apóstol,Burgos,SÁBADO,1,2024,39,1.9,5.9,-1.0,10.2,24.1,5.08,87.0,24
2024-01-07,H. Santiago Apóstol,Burgos,DOMINGO,1,2024,24,1.7,5.6,-1.0,11.5,24.1,0.25,88.0,30
2024-01-08,H. Santiago Apóstol,Burgos,LUNES,1,2024,30,-0.4,3.4,-4.2,3.7,9.4,0.25,86.0,22
2024-01-09,H. Santiago Apóstol,Burgos,MARTES,1,2024,22,1.6,3.5,-1.8,7.6,14.8,0.0,88.0,25
2024-01-10,H. Santiago Apóstol,Burgos,MIÉRCOLES,1,2024,25,2.4,4.0,0.0,13.9,20.6,0.0,93.0,22
2024-01-11,H. Santiago Apóstol,Burgos,JUEVES,1,2024,22,0.3,3.0,-2.1,9.1,16.5,2.54,89.0,33
2024-01-12,H. Santiago Apóstol,Burgos,VIERNES,1,2024,33,1.1,7.3,-2.0,9.3,18.3,0.0,79.0,20
2024-01-13,H. Santiago Apóstol,Burgos,SÁBADO,1,2024,20,3.9,12.1,-2.3,7.2,22.2,0.0,75.0,18
2024-01-14,H. Santiago Apóstol,Burgos,DOMINGO,1,2024,18,7.7,10.0,6.0,17.6,33.5,0.51,95.0,26
2024-01-15,H. Santiago Apóstol,Burgos,LUNES,1,2024,26,9.9,12.0,8.0,15.6,24.1,7.62,97.0,38
2024-01-16,H. Santiago Apóstol,Burgos,MARTES,1,2024,38,10.4,12.3,8.0,23.7,42.4,4.57,90.0,29
2024-01-17,H. Santiago Apóstol,Burgos,MIÉRCOLES,1,2024,29,9.4,11.0,8.0,40.7,50.0,6.1,84.0,25
2024-01-18,H. Santiago Apóstol,Burgos,JUEVES,1,2024,25,7.4,11.0,2.8,34.6,51.9,3.3,82.0,23
2024-01-19,H. Santiago Apóstol,Burgos,VIERNES,1,2024,23,0.1,2.5,-5.0,26.9,44.6,0.51,69.0,25
2024-01-20,H. Santiago Apóstol,Burgos,SÁBADO,1,2024,25,-2.3,5.4,-7.2,10.2,16.5,0.0,75.0,15
2024-01-21,H. Santiago Apóstol,Burgos,DOMINGO,1,2024,15,0.9,7.7,-6.0,13.9,27.8,0.0,83.0,30
2024-01-22,H. Santiago Apóstol,Burgos,LUNES,1,2024,30,7.5,10.0,4.0,22.0,31.7,0.0,81.0,33
2024-01-23,H. Santiago Apóstol,Burgos,MARTES,1,2024,33,8.7,10.0,8.0,13.5,20.6,0.25,97.0,23
2024-01-24,H. Santiago Apóstol,Burgos,MIÉRCOLES,1,2024,23,7.4,14.0,3.0,8.5,14.8,0.0,95.0,29
2024-01-25,H. Santiago Apóstol,Burgos,JUEVES,1,2024,29,5.7,15.4,0.0,4.6,16.5,0.0,86.0,25
2024-01-26,H. Santiago Apóstol,Burgos,VIERNES,1,2024,25,6.1,16.2,-1.9,6.1,22.2,0.25,73.0,19
2024-01-27,H. Santiago Apóstol,Burgos,SÁBADO,1,2024,19,6.5,20.0,-0.6,4.3,13.0,0.0,75.0,20
2024-01-28,H. Santiago Apóstol,Burgos,DOMINGO,1,2024,20,6.3,17.9,-0.1,7.8,20.6,0.0,78.0,24
2024-01-29,H. Santiago Apóstol,Burgos,LUNES,1,2024,24,4.7,10.9,1.0,12.2,22.2,0.0,95.0,21
2024-01-30,H. Santiago Apóstol,Burgos,MARTES,1,2024,21,5.1,10.2,2.0,11.1,20.6,0.0,97.0,15
2024-01-31,H. Santiago Apóstol,Burgos,MIÉRCOLES,1,2024,15,6.6,15.6,1.9,8.9,18.3,0.0,77.0,27
2024-02-01,H. Santiago Apóstol,Burgos,JUEVES,2,2024,27,6.2,14.7,-0.5,10.2,22.2,0.0,73.0,17
2024-02-02,H. Santiago Apóstol,Burgos,VIERNES,2,2024,17,6.6,10.0,3.0,18.9,38.9,0.0,88.0,26
2024-02-03,H. Santiago Apóstol,Burgos,SÁBADO,2,2024,26,5.8,16.3,-2.2,3.7,9.4,0.0,77.0,24
2024-02-04,H. Santiago Apóstol,Burgos,DOMINGO,2,2024,24,5.8,16.5,-2.0,3.3,9.4,0.0,72.0,21
2024-02-05,H. Santiago Apóstol,Burgos,LUNES,2,2024,21,5.1,14.3,-2.3,3.1,11.1,0.0,77.0,26
2024-02-06,H. Santiago Apóstol,Burgos,MARTES,2,2024,26,5.5,13.6,0.0,5.2,14.8,0.0,85.0,32
2024-02-07,H. Santiago Apóstol,Burgos,MIÉRCOLES,2,2024,32,6.0,9.5,1.0,19.4,31.7,0.0,88.0,28
2024-02-08,H. Santiago Apóstol,Burgos,JUEVES,2,2024,28,8.6,11.0,7.0,42.2,61.1,0.0,71.0,34
2024-02-09,H. Santiago Apóstol,Burgos,VIERNES,2,2024,34,8.1,10.2,6.0,26.5,40.7,4.06,91.0,13
2024-02-10,H. Santiago Apóstol,Burgos,SÁBADO,2,2024,13,4.2,7.8,1.0,20.2,38.9,16.76,82.0,31
2024-02-11,H. Santiago Apóstol,Burgos,DOMINGO,2,2024,31,3.1,7.0,0.0,21.1,27.8,0.76,87.0,19
2024-02-12,H. Santiago Apóstol,Burgos,LUNES,2,2024,19,7.6,12.9,4.6,14.6,31.7,1.52,83.0,23
2024-02-13,H. Santiago Apóstol,Burgos,MARTES,2,2024,23,9.2,13.4,4.6,18.0,27.8,0.0,88.0,31
2024-02-14,H. Santiago Apóstol,Burgos,MIÉRCOLES,2,2024,31,11.2,17.2,8.0,10.9,22.2,0.0,87.0,21
2024-02-15,H. Santiago Apóstol,Burgos,JUEVES,2,2024,21,10.8,17.6,6.0,20.6,50.0,0.0,79.0,22
2024-02-16,H. Santiago Apóstol,Burgos,VIERNES,2,2024,22,7.6,12.1,3.0,7.2,18.3,12.7,85.0,15
2024-02-17,H. Santiago Apóstol,Burgos,SÁBADO,2,2024,15,4.9,12.6,-1.6,9.1,22.2,0.51,77.0,19
2024-02-18,H. Santiago Apóstol,Burgos,DOMINGO,2,2024,19,6.6,16.8,-1.5,6.3,13.0,0.25,73.0,20
2024-02-19,H. Santiago Apóstol,Burgos,LUNES,2,2024,20,9.0,13.9,3.0,14.8,31.7,0.0,77.0,28
2024-02-20,H. Santiago Apóstol,Burgos,MARTES,2,2024,28,6.9,17.6,-1.5,5.4,22.2,0.0,53.0,23
2024-02-21,H. Santiago Apóstol,Burgos,MIÉRCOLES,2,2024,23,7.1,13.0,-1.0,13.9,29.4,0.0,67.0,23
2024-02-22,H. Santiago Apóstol,Burgos,JUEVES,2,2024,23,7.7,11.3,1.0,30.0,50.0,0.0,84.0,23
2024-02-23,H. Santiago Apóstol,Burgos,VIERNES,2,2024,23,2.8,7.7,0.0,26.5,46.5,3.05,77.0,35
2024-02-24,H. Santiago Apóstol,Burgos,SÁBADO,2,2024,35,3.6,8.0,0.0,24.3,37.0,0.0,75.0,21
2024-02-25,H. Santiago Apóstol,Burgos,DOMINGO,2,2024,21,7.3,10.0,3.7,39.6,51.9,6.1,90.0,22
2024-02-26,H. Santiago Apóstol,Burgos,LUNES,2,2024,22,3.4,6.3,0.6,19.6,33.5,3.3,88.0,36
2024-02-27,H. Santiago Apóstol,Burgos,MARTES,2,2024,36,2.4,6.0,0.6,30.2,46.5,6.86,82.0,21
2024-02-28,H. Santiago Apóstol,Burgos,MIÉRCOLES,2,2024,21,4.6,9.6,1.9,17.0,29.4,0.51,86.0,25
2024-02-29,H. Santiago Apóstol,Burgos,JUEVES,2,2024,25,2.3,7.0,-1.7,10.9,38.9,0.25,92.0,18
2024-03-01,H. Santiago Apóstol,Burgos,VIERNES,3,2024,18,2.6,7.2,-2.2,24.6,40.7,2.29,84.0,29
2024-03-02,H. Santiago Apóstol,Burgos,SÁBADO,3,2024,29,3.0,6.0,-2.1,28.5,53.5,1.02,93.0,14
2024-03-03,H. Santiago Apóstol,Burgos,DOMINGO,3,2024,14,0.6,6.0,-4.4,9.4,24.1,10.92,85.0,24
2024-03-04,H. Santiago Apóstol,Burgos,LUNES,3,2024,24,5.5,10.5,-0.8,21.7,35.2,3.81,86.0,28
2024-03-05,H. Santiago Apóstol,Burgos,MARTES,3,2024,28,3.9,9.6,0.9,13.1,20.6,1.02,77.0,20
2024-03-06,H. Santiago Apóstol,Burgos,MIÉRCOLES,3,2024,20,6.3,12.4,-1.0,10.6,18.3,0.0,63.0,26
2024-03-07,H. Santiago Apóstol,Burgos,JUEVES,3,2024,26,6.2,12.0,1.7,22.8,42.4,0.25,68.0,36
2024-03-08,H. Santiago Apóstol,Burgos,VIERNES,3,2024,36,3.8,8.8,1.0,29.6,50.0,8.89,84.0,31
2024-03-09,H. Santiago Apóstol,Burgos,SÁBADO,3,2024,31,3.2,7.8,1.0,29.4,50.0,9.65,85.0,30
2024-03-10,H. Santiago Apóstol,Burgos,DOMINGO,3,2024,30,5.3,11.1,1.7,25.2,37.0,4.32,78.0,21
2024-03-11,H. Santiago Apóstol,Burgos,LUNES,3,2024,21,5.4,11.8,2.0,15.2,29.4,0.25,76.0,26
2024-03-12,H. Santiago Apóstol,Burgos,MARTES,3,2024,26,5.9,15.0,-1.0,3.9,7.6,0.0,70.0,29
2024-03-13,H. Santiago Apóstol,Burgos,MIÉRCOLES,3,2024,29,7.6,18.6,-2.7,5.6,18.3,0.0,59.0,22
2024-03-14,H. Santiago Apóstol,Burgos,JUEVES,3,2024,22,8.6,15.3,3.0,15.4,35.2,0.0,74.0,21
2024-03-15,H. Santiago Apóstol,Burgos,VIERNES,3,2024,21,9.7,15.0,6.1,13.1,20.6,2.03,87.0,22
2024-03-16,H. Santiago Apóstol,Burgos,SÁBADO,3,2024,22,9.5,16.5,4.1,10.9,24.1,0.51,83.0,23
2024-03-17,H. Santiago Apóstol,Burgos,DOMINGO,3,2024,23,11.6,18.0,6.0,10.9,20.6,0.0,80.0,24
2024-03-18,H. Santiago Apóstol,Burgos,LUNES,3,2024,24,11.3,20.5,3.6,5.9,18.3,0.0,74.0,29
2024-03-19,H. Santiago Apóstol,Burgos,MARTES,3,2024,29,12.3,21.9,3.5,6.3,16.5,0.0,65.0,32
2024-03-20,H. Santiago Apóstol,Burgos,MIÉRCOLES,3,2024,32,13.0,22.3,6.6,11.1,27.8,0.0,70.0,28
2024-03-21,H. Santiago Apóstol,Burgos,JUEVES,3,2024,28,12.6,19.2,7.9,18.5,35.2,0.0,76.0,30
2024-03-22,H. Santiago Apóstol,Burgos,VIERNES,3,2024,30,13.7,24.6,4.2,8.1,27.8,0.0,67.0,20
2024-03-23,H. Santiago Apóstol,Burgos,SÁBADO,3,2024,20,9.6,14.1,3.0,25.6,35.2,0.0,79.0,30
2024-03-24,H. Santiago Apóstol,Burgos,DOMINGO,3,2024,30,6.3,13.4,2.0,23.2,37.0,0.0,75.0,23
2024-03-25,H. Santiago Apóstol,Burgos,LUNES,3,2024,23,7.3,16.0,2.0,13.0,33.5,0.0,74.0,33
2024-03-26,H. Santiago Apóstol,Burgos,MARTES,3,2024,33,3.7,7.1,1.0,20.7,33.5,0.0,68.0,21
2024-03-27,H. Santiago Apóstol,Burgos,MIÉRCOLES,3,2024,21,6.3,12.3,1.0,39.6,64.8,0.76,74.0,26
2024-03-28,H. Santiago Apóstol,Burgos,JUEVES,3,2024,26,0.0,0.0,0.0,0.0,0.0,0.0,0.0,12
2024-03-29,H. Santiago Apóstol,Burgos,VIERNES,3,2024,12,0.0,0.0,0.0,0.0,0.0,0.0,0.0,23
2024-03-30,H. Santiago Apóstol,Burgos,SÁBADO,3,2024,23,0.0,0.0,0.0,0.0,0.0,0.0,0.0,18
2024-03-31,H. Santiago Apóstol,Burgos,DOMINGO,3,2024,18,0.0,0.0,0.0,0.0,0.0,0.0,0.0,21
2024-04-01,H. Santiago Apóstol,Burgos,LUNES,4,2024,21,5.3,9.9,3.0,27.8,44.6,1.02,76.0,29
2024-04-02,H. Santiago Apóstol,Burgos,MARTES,4,2024,29,5.2,8.3,2.0,25.7,37.0,0.0,88.0,27
2024-04-03,H. Santiago Apóstol,Burgos,MIÉRCOLES,4,2024,27,9.7,15.0,7.0,21.9,31.7,4.83,79.0,22
2024-04-04,H. Santiago Apóstol,Burgos,JUEVES,4,2024,22,11.4,18.0,5.0,16.3,25.9,0.0,67.0,22
2024-04-05,H. Santiago Apóstol,Burgos,VIERNES,4,2024,22,15.0,22.6,7.8,23.0,40.7,0.0,43.0,29
2024-04-06,H. Santiago Apóstol,Burgos,SÁBADO,4,2024,29,16.5,20.2,12.0,28.3,46.5,0.0,45.0,17
2024-04-07,H. Santiago Apóstol,Burgos,DOMINGO,4,2024,17,11.6,16.5,8.0,11.1,35.2,0.0,77.0,22
2024-04-08,H. Santiago Apóstol,Burgos,LUNES,4,2024,22,8.1,14.0,2.7,20.2,50.0,4.32,85.0,26
2024-04-09,H. Santiago Apóstol,Burgos,MARTES,4,2024,26,4.9,12.0,-1.0,8.1,16.5,6.35,73.0,21
2024-04-10,H. Santiago Apóstol,Burgos,MIÉRCOLES,4,2024,21,7.4,15.8,-0.2,9.3,22.2,0.0,70.0,26
2024-04-11,H. Santiago Apóstol,Burgos,JUEVES,4,2024,26,11.0,19.6,3.0,11.3,22.2,0.0,65.0,31
2024-04-12,H. Santiago Apóstol,Burgos,VIERNES,4,2024,31,14.3,24.7,3.2,6.5,20.6,0.0,55.0,23
2024-04-13,H. Santiago Apóstol,Burgos,SÁBADO,4,2024,23,15.3,26.3,4.2,5.0,16.5,0.0,51.0,26
2024-04-14,H. Santiago Apóstol,Burgos,DOMINGO,4,2024,26,16.2,25.7,6.0,8.7,18.3,0.0,56.0,29
2024-04-15,H. Santiago Apóstol,Burgos,LUNES,4,2024,29,11.4,17.2,5.0,19.1,29.4,0.51,79.0,17
2024-04-16,H. Santiago Apóstol,Burgos,MARTES,4,2024,17,7.7,13.6,4.0,18.7,31.7,0.0,75.0,22
2024-04-17,H. Santiago Apóstol,Burgos,MIÉRCOLES,4,2024,22,7.4,13.4,4.0,21.3,29.4,0.0,72.0,31
2024-04-18,H. Santiago Apóstol,Burgos,JUEVES,4,2024,31,6.6,12.5,2.0,21.3,31.7,0.0,71.0,24
2024-04-19,H. Santiago Apóstol,Burgos,VIERNES,4,2024,24,7.9,19.8,-3.0,8.3,22.2,0.0,56.0,24
2024-04-20,H. Santiago Apóstol,Burgos,SÁBADO,4,2024,24,9.4,17.6,2.8,21.1,33.5,0.0,57.0,20
2024-04-21,H. Santiago Apóstol,Burgos,DOMINGO,4,2024,20,7.5,16.1,1.0,25.2,35.2,0.0,58.0,23
2024-04-22,H. Santiago Apóstol,Burgos,LUNES,4,2024,23,5.1,10.1,0.0,25.7,37.0,0.0,57.0,29
2024-04-23,H. Santiago Apóstol,Burgos,MARTES,4,2024,29,3.6,9.9,-2.3,16.1,33.5,0.0,76.0,31
2024-04-24,H. Santiago Apóstol,Burgos,MIÉRCOLES,4,2024,31,5.1,13.6,-3.6,8.7,20.6,0.25,67.0,38
2024-04-25,H. Santiago Apóstol,Burgos,JUEVES,4,2024,38,6.9,12.4,2.0,8.9,16.5,0.0,75.0,23
2024-04-26,H. Santiago Apóstol,Burgos,VIERNES,4,2024,23,7.8,13.3,2.0,10.6,24.1,2.54,76.0,18
2024-04-27,H. Santiago Apóstol,Burgos,SÁBADO,4,2024,18,6.3,9.9,1.0,18.9,35.2,1.52,85.0,17
2024-04-28,H. Santiago Apóstol,Burgos,DOMINGO,4,2024,17,6.2,13.9,-1.0,9.4,25.9,4.57,75.0,16
2024-04-29,H. Santiago Apóstol,Burgos,LUNES,4,2024,16,7.9,15.2,2.0,13.0,20.6,1.02,74.0,28
2024-04-30,H. Santiago Apóstol,Burgos,MARTES,4,2024,28,8.2,15.6,-0.1,15.9,29.4,0.0,74.0,33
2024-05-01,H. Santiago Apóstol,Burgos,MIÉRCOLES,5,2024,33,0.0,0.0,0.0,0.0,0.0,0.0,0.0,30
2024-05-02,H. Santiago Apóstol,Burgos,JUEVES,5,2024,30,5.2,11.0,-1.0,15.9,27.8,0.0,80.0,47
2024-05-03,H. Santiago Apóstol,Burgos,VIERNES,5,2024,47,8.3,13.0,3.0,23.0,29.4,2.79,73.0,30
2024-05-04,H. Santiago Apóstol,Burgos,SÁBADO,5,2024,30,12.4,19.3,8.8,25.9,38.9,0.0,69.0,32
2024-05-05,H. Santiago Apóstol,Burgos,DOMINGO,5,2024,32,11.6,17.2,9.0,19.8,38.9,0.51,88.0,31
2024-05-06,H. Santiago Apóstol,Burgos,LUNES,5,2024,31,9.9,15.7,6.0,9.8,22.2,10.92,76.0,41
2024-05-07,H. Santiago Apóstol,Burgos,MARTES,5,2024,41,7.8,15.5,2.9,12.4,22.2,0.0,76.0,34
2024-05-08,H. Santiago Apóstol,Burgos,MIÉRCOLES,5,2024,34,10.6,17.5,2.9,16.5,27.8,0.0,71.0,19
2024-05-09,H. Santiago Apóstol,Burgos,JUEVES,5,2024,19,13.9,24.0,3.8,5.7,13.0,0.0,58.0,27
2024-05-10,H. Santiago Apóstol,Burgos,VIERNES,5,2024,27,15.8,26.6,5.7,6.5,18.3,0.0,54.0,24
2024-05-11,H. Santiago Apóstol,Burgos,SÁBADO,5,2024,24,14.5,22.6,8.4,10.6,22.2,0.0,70.0,23
2024-05-12,H. Santiago Apóstol,Burgos,DOMINGO,5,2024,23,14.3,24.0,6.0,7.8,20.6,0.51,66.0,25
2024-05-13,H. Santiago Apóstol,Burgos,LUNES,5,2024,25,13.3,22.9,5.8,15.2,31.7,0.0,75.0,41
2024-05-14,H. Santiago Apóstol,Burgos,MARTES,5,2024,41,8.9,15.4,5.0,13.5,31.7,15.24,85.0,29
2024-05-15,H. Santiago Apóstol,Burgos,MIÉRCOLES,5,2024,29,7.5,14.5,3.0,16.9,38.9,2.54,76.0,22
2024-05-16,H. Santiago Apóstol,Burgos,JUEVES,5,2024,22,7.6,10.6,5.0,17.2,25.9,1.52,80.0,34
2024-05-17,H. Santiago Apóstol,Burgos,VIERNES,5,2024,34,9.2,15.6,5.0,10.6,27.8,0.51,83.0,20
2024-05-18,H. Santiago Apóstol,Burgos,SÁBADO,5,2024,20,8.4,15.7,2.8,8.5,25.9,1.02,82.0,11
2024-05-19,H. Santiago Apóstol,Burgos,DOMINGO,5,2024,11,8.5,15.9,4.0,5.7,20.6,0.51,86.0,12
2024-05-20,H. Santiago Apóstol,Burgos,LUNES,5,2024,12,9.7,16.3,5.0,8.1,20.6,3.81,80.0,21
2024-05-21,H. Santiago Apóstol,Burgos,MARTES,5,2024,21,8.8,16.7,2.7,7.6,25.9,0.76,84.0,32
2024-05-22,H. Santiago Apóstol,Burgos,MIÉRCOLES,5,2024,32,9.3,17.1,5.0,13.0,27.8,14.99,81.0,29
2024-05-23,H. Santiago Apóstol,Burgos,JUEVES,5,2024,29,9.7,15.9,3.0,11.1,20.6,0.76,73.0,21
2024-05-24,H. Santiago Apóstol,Burgos,VIERNES,5,2024,21,12.2,21.0,4.0,8.7,22.2,0.0,65.0,29
2024-05-25,H. Santiago Apóstol,Burgos,SÁBADO,5,2024,29,15.0,23.3,5.0,12.2,24.1,0.0,55.0,19
2024-05-26,H. Santiago Apóstol,Burgos,DOMINGO,5,2024,19,12.9,21.8,5.6,11.7,29.4,0.0,76.0,25
2024-05-27,H. Santiago Apóstol,Burgos,LUNES,5,2024,25,11.4,17.4,7.0,20.9,27.8,0.0,80.0,38
2024-05-28,H. Santiago Apóstol,Burgos,MARTES,5,2024,38,14.6,25.6,4.0,9.8,18.3,0.0,59.0,19
2024-05-29,H. Santiago Apóstol,Burgos,MIÉRCOLES,5,2024,19,16.8,26.5,6.9,9.1,24.1,0.0,58.0,19
2024-05-30,H. Santiago Apóstol,Burgos,JUEVES,5,2024,19,14.3,22.1,7.9,17.2,31.7,0.0,77.0,22
2024-05-31,H. Santiago Apóstol,Burgos,VIERNES,5,2024,22,10.5,16.6,6.0,23.5,35.2,0.0,69.0,27
2024-06-01,H. Santiago Apóstol,Burgos,SÁBADO,6,2024,27,10.4,17.0,5.0,22.4,35.2,0.0,74.0,15
2024-06-02,H. Santiago Apóstol,Burgos,DOMINGO,6,2024,15,11.6,18.5,5.9,19.8,31.7,0.0,76.0,20
2024-06-03,H. Santiago Apóstol,Burgos,LUNES,6,2024,20,13.6,20.3,8.7,21.9,29.4,0.0,73.0,28
2024-06-04,H. Santiago Apóstol,Burgos,MARTES,6,2024,28,16.8,26.9,7.3,8.0,20.6,0.0,56.0,26
2024-06-05,H. Santiago Apóstol,Burgos,MIÉRCOLES,6,2024,26,18.8,29.3,8.9,8.7,24.1,0.0,51.0,26
2024-06-06,H. Santiago Apóstol,Burgos,JUEVES,6,2024,26,20.3,31.1,10.5,9.3,25.9,0.0,58.0,19
2024-06-07,H. Santiago Apóstol,Burgos,VIERNES,6,2024,19,19.2,27.6,13.0,18.0,35.2,0.25,68.0,26
2024-06-08,H. Santiago Apóstol,Burgos,SÁBADO,6,2024,26,16.7,26.2,13.0,13.7,27.8,5.08,81.0,17
2024-06-09,H. Santiago Apóstol,Burgos,DOMINGO,6,2024,17,12.0,16.7,8.0,18.0,29.4,13.72,87.0,21
2024-06-10,H. Santiago Apóstol,Burgos,LUNES,6,2024,21,11.3,17.3,6.0,20.7,31.7,0.0,72.0,31
2024-06-11,H. Santiago Apóstol,Burgos,MARTES,6,2024,31,10.7,17.7,4.0,16.7,27.8,0.0,75.0,27
2024-06-12,H. Santiago Apóstol,Burgos,MIÉRCOLES,6,2024,27,11.4,17.4,6.0,19.3,27.8,0.0,65.0,24
2024-06-13,H. Santiago Apóstol,Burgos,JUEVES,6,2024,24,14.3,24.5,1.9,11.3,24.1,0.0,53.0,27
2024-06-14,H. Santiago Apóstol,Burgos,VIERNES,6,2024,27,17.9,24.5,11.0,21.3,37.0,0.0,59.0,22
2024-06-15,H. Santiago Apóstol,Burgos,SÁBADO,6,2024,22,14.6,22.8,8.9,10.0,20.6,0.0,54.0,25
2024-06-16,H. Santiago Apóstol,Burgos,DOMINGO,6,2024,25,16.0,26.0,5.6,13.3,27.8,0.0,54.0,29
2024-06-17,H. Santiago Apóstol,Burgos,LUNES,6,2024,29,18.1,27.4,9.5,15.4,33.5,0.0,51.0,26
2024-06-18,H. Santiago Apóstol,Burgos,MARTES,6,2024,26,15.4,22.1,10.9,10.9,25.9,0.0,71.0,21
2024-06-19,H. Santiago Apóstol,Burgos,MIÉRCOLES,6,2024,21,14.2,21.7,8.0,9.1,24.1,7.11,69.0,16
2024-06-20,H. Santiago Apóstol,Burgos,JUEVES,6,2024,16,12.5,18.7,10.0,9.3,20.6,0.51,84.0,20
2024-06-21,H. Santiago Apóstol,Burgos,VIERNES,6,2024,20,14.9,22.9,7.0,5.7,16.5,5.08,66.0,26
2024-06-22,H. Santiago Apóstol,Burgos,SÁBADO,6,2024,26,14.3,19.6,9.0,9.4,20.6,0.0,74.0,18
2024-06-23,H. Santiago Apóstol,Burgos,DOMINGO,6,2024,18,16.1,22.8,12.8,13.7,24.1,0.0,78.0,19
2024-06-24,H. Santiago Apóstol,Burgos,LUNES,6,2024,19,17.8,25.3,12.0,16.9,24.1,0.0,64.0,23
2024-06-25,H. Santiago Apóstol,Burgos,MARTES,6,2024,23,19.1,30.8,8.8,5.9,38.9,0.0,63.0,17
2024-06-26,H. Santiago Apóstol,Burgos,MIÉRCOLES,6,2024,17,20.2,29.8,15.0,14.6,38.9,5.84,75.0,22
2024-06-27,H. Santiago Apóstol,Burgos,JUEVES,6,2024,22,20.0,27.9,14.0,16.1,31.3,38.86,78.0,22
2024-06-28,H. Santiago Apóstol,Burgos,VIERNES,6,2024,22,18.8,26.2,15.0,24.8,33.5,0.0,77.0,24
2024-06-29,H. Santiago Apóstol,Burgos,SÁBADO,6,2024,24,15.4,19.4,14.0,8.9,18.3,0.25,87.0,29
2024-06-30,H. Santiago Apóstol,Burgos,DOMINGO,6,2024,29,16.0,20.7,11.9,11.3,22.2,2.03,83.0,25
2024-07-01,H. Santiago Apóstol,Burgos,LUNES,7,2024,25,14.7,20.2,9.0,18.9,27.8,0.51,74.0,28
2024-07-02,H. Santiago Apóstol,Burgos,MARTES,7,2024,28,16.1,23.5,10.8,14.8,24.1,0.0,66.0,27
2024-07-03,H. Santiago Apóstol,Burgos,MIÉRCOLES,7,2024,27,17.2,29.0,5.9,8.7,27.8,0.0,53.0,17
2024-07-04,H. Santiago Apóstol,Burgos,JUEVES,7,2024,17,19.0,28.2,9.6,14.8,24.1,0.0,54.0,22
2024-07-05,H. Santiago Apóstol,Burgos,VIERNES,7,2024,22,21.1,34.2,13.0,13.1,31.7,0.0,57.0,17
2024-07-06,H. Santiago Apóstol,Burgos,SÁBADO,7,2024,17,14.3,19.3,10.0,21.3,31.7,3.3,87.0,33
2024-07-07,H. Santiago Apóstol,Burgos,DOMINGO,7,2024,33,14.9,23.7,8.8,15.6,25.9,0.0,71.0,12
2024-07-08,H. Santiago Apóstol,Burgos,LUNES,7,2024,12,19.8,29.4,9.0,11.5,25.9,0.0,46.0,30
2024-07-09,H. Santiago Apóstol,Burgos,MARTES,7,2024,30,19.1,27.2,12.0,12.4,29.4,0.0,53.0,27
2024-07-10,H. Santiago Apóstol,Burgos,MIÉRCOLES,7,2024,27,20.6,29.2,13.0,10.9,24.1,0.0,62.0,24
2024-07-11,H. Santiago Apóstol,Burgos,JUEVES,7,2024,24,21.1,31.1,13.5,14.1,31.7,0.0,58.0,23
2024-07-12,H. Santiago Apóstol,Burgos,VIERNES,7,2024,23,16.2,22.5,11.6,19.6,31.7,0.0,72.0,20
2024-07-13,H. Santiago Apóstol,Burgos,SÁBADO,7,2024,20,17.1,26.5,10.0,17.6,25.9,0.0,65.0,30
2024-07-14,H. Santiago Apóstol,Burgos,DOMINGO,7,2024,30,20.7,29.8,11.0,11.9,25.9,0.0,40.0,18
2024-07-15,H. Santiago Apóstol,Burgos,LUNES,7,2024,18,18.4,26.6,12.0,19.1,37.0,0.0,60.0,31
2024-07-16,H. Santiago Apóstol,Burgos,MARTES,7,2024,31,16.8,27.9,8.6,9.3,31.3,4.32,63.0,20
2024-07-17,H. Santiago Apóstol,Burgos,MIÉRCOLES,7,2024,20,20.6,32.6,11.9,11.5,18.3,0.0,52.0,24
2024-07-18,H. Santiago Apóstol,Burgos,JUEVES,7,2024,24,22.8,34.0,10.8,11.3,29.4,0.0,41.0,22
2024-07-19,H. Santiago Apóstol,Burgos,VIERNES,7,2024,22,23.8,34.8,13.0,13.5,27.8,0.0,43.0,17
2024-07-20,H. Santiago Apóstol,Burgos,SÁBADO,7,2024,17,22.1,30.6,12.6,15.6,31.7,0.0,54.0,12
2024-07-21,H. Santiago Apóstol,Burgos,DOMINGO,7,2024,12,15.4,23.2,9.7,17.4,29.4,0.0,60.0,20
2024-07-22,H. Santiago Apóstol,Burgos,LUNES,7,2024,20,18.2,29.6,8.0,16.1,25.9,0.0,53.0,18
2024-07-23,H. Santiago Apóstol,Burgos,MARTES,7,2024,18,22.6,34.4,13.0,12.2,25.9,0.0,49.0,39
2024-07-24,H. Santiago Apóstol,Burgos,MIÉRCOLES,7,2024,39,22.7,35.1,14.0,14.8,29.4,0.0,51.0,14
2024-07-25,H. Santiago Apóstol,Burgos,JUEVES,7,2024,14,20.4,31.2,14.0,23.3,31.7,0.0,61.0,18
2024-07-26,H. Santiago Apóstol,Burgos,VIERNES,7,2024,18,20.5,32.9,12.0,17.6,27.8,0.0,62.0,16
2024-07-27,H. Santiago Apóstol,Burgos,SÁBADO,7,2024,16,21.1,34.2,13.0,16.1,33.5,0.0,63.0,15
2024-07-28,H. Santiago Apóstol,Burgos,DOMINGO,7,2024,15,24.1,37.0,16.0,17.0,27.8,0.0,47.0,20
2024-07-29,H. Santiago Apóstol,Burgos,LUNES,7,2024,20,23.7,35.8,15.9,8.9,66.5,0.0,48.0,21
2024-07-30,H. Santiago Apóstol,Burgos,MARTES,7,2024,21,24.1,34.8,17.0,7.8,22.2,13.72,54.0,20
2024-07-31,H. Santiago Apóstol,Burgos,MIÉRCOLES,7,2024,20,23.7,34.5,14.0,8.7,24.1,0.25,45.0,21
2024-08-01,H. Santiago Apóstol,Burgos,JUEVES,8,2024,21,21.4,32.5,16.0,17.0,35.2,0.0,62.0,24
2024-08-02,H. Santiago Apóstol,Burgos,VIERNES,8,2024,24,17.2,24.1,14.0,24.3,33.5,0.0,77.0,24
2024-08-03,H. Santiago Apóstol,Burgos,SÁBADO,8,2024,24,19.7,29.1,13.0,15.9,25.9,0.0,55.0,23
2024-08-04,H. Santiago Apóstol,Burgos,DOMINGO,8,2024,23,21.9,34.0,12.0,9.4,25.9,0.0,45.0,22
2024-08-05,H. Santiago Apóstol,Burgos,LUNES,8,2024,22,23.2,35.5,13.2,11.1,25.9,0.0,48.0,25
2024-08-06,H. Santiago Apóstol,Burgos,MARTES,8,2024,25,21.1,31.9,15.0,17.6,31.3,0.0,63.0,21
2024-08-07,H. Santiago Apóstol,Burgos,MIÉRCOLES,8,2024,21,20.3,29.1,14.0,21.7,31.7,0.0,67.0,19
2024-08-08,H. Santiago Apóstol,Burgos,JUEVES,8,2024,19,21.3,33.1,15.0,18.3,25.9,0.0,66.0,29
2024-08-09,H. Santiago Apóstol,Burgos,VIERNES,8,2024,29,22.4,34.9,15.0,18.7,27.8,0.0,61.0,20
2024-08-10,H. Santiago Apóstol,Burgos,SÁBADO,8,2024,20,25.4,37.1,16.0,10.9,22.2,0.0,45.0,17
2024-08-11,H. Santiago Apóstol,Burgos,DOMINGO,8,2024,17,27.3,37.2,18.0,12.0,29.4,0.0,29.0,22
2024-08-12,H. Santiago Apóstol,Burgos,LUNES,8,2024,22,0.0,0.0,0.0,0.0,0.0,0.0,0.0,28
2024-08-13,H. Santiago Apóstol,Burgos,MARTES,8,2024,28,18.9,27.0,14.0,11.3,22.2,4.57,73.0,24
2024-08-14,H. Santiago Apóstol,Burgos,MIÉRCOLES,8,2024,24,16.8,23.5,10.0,16.1,29.4,0.0,70.0,32
2024-08-15,H. Santiago Apóstol,Burgos,JUEVES,8,2024,32,15.4,24.8,8.0,17.2,29.4,0.0,60.0,16
2024-08-16,H. Santiago Apóstol,Burgos,VIERNES,8,2024,16,18.7,29.7,6.9,11.9,20.6,0.0,41.0,27
2024-08-17,H. Santiago Apóstol,Burgos,SÁBADO,8,2024,27,20.8,31.5,11.1,10.9,31.7,0.0,47.0,21
2024-08-18,H. Santiago Apóstol,Burgos,DOMINGO,8,2024,21,19.2,27.7,12.0,13.5,25.9,0.0,71.0,19
2024-08-19,H. Santiago Apóstol,Burgos,LUNES,8,2024,19,18.1,30.5,9.0,12.0,22.2,0.0,48.0,28
2024-08-20,H. Santiago Apóstol,Burgos,MARTES,8,2024,28,21.8,29.5,12.0,17.2,33.5,0.0,41.0,24
2024-08-21,H. Santiago Apóstol,Burgos,MIÉRCOLES,8,2024,24,19.3,28.0,13.0,19.6,27.8,0.0,64.0,29
2024-08-22,H. Santiago Apóstol,Burgos,JUEVES,8,2024,29,21.3,34.0,10.0,9.3,24.1,0.0,49.0,20
2024-08-23,H. Santiago Apóstol,Burgos,VIERNES,8,2024,20,21.7,33.0,10.6,7.8,22.2,0.0,40.0,19
2024-08-24,H. Santiago Apóstol,Burgos,SÁBADO,8,2024,19,21.7,32.8,14.0,18.1,35.2,0.0,46.0,23
2024-08-25,H. Santiago Apóstol,Burgos,DOMINGO,8,2024,23,14.9,20.0,11.0,27.6,37.0,0.0,75.0,22
2024-08-26,H. Santiago Apóstol,Burgos,LUNES,8,2024,22,16.3,26.2,9.9,16.9,27.8,0.0,64.0,29
2024-08-27,H. Santiago Apóstol,Burgos,MARTES,8,2024,29,20.4,32.5,7.9,6.1,20.6,0.0,44.0,20
2024-08-28,H. Santiago Apóstol,Burgos,MIÉRCOLES,8,2024,20,22.3,33.3,11.0,11.1,25.9,0.0,45.0,20
2024-08-29,H. Santiago Apóstol,Burgos,JUEVES,8,2024,20,18.3,27.5,15.0,13.7,33.5,3.05,83.0,25
2024-08-30,H. Santiago Apóstol,Burgos,VIERNES,8,2024,25,18.2,25.4,14.0,14.3,37.0,1.02,85.0,27
2024-08-31,H. Santiago Apóstol,Burgos,SÁBADO,8,2024,27,18.0,29.0,14.0,8.9,50.0,36.07,81.0,17
2024-09-01,H. Santiago Apóstol,Burgos,DOMINGO,9,2024,17,19.3,26.0,14.0,12.0,20.6,0.0,76.0,23
2024-09-02,H. Santiago Apóstol,Burgos,LUNES,9,2024,23,17.9,25.1,14.0,15.7,29.4,0.0,83.0,21
2024-09-03,H. Santiago Apóstol,Burgos,MARTES,9,2024,21,13.9,16.9,12.0,22.8,33.5,0.0,90.0,28
2024-09-04,H. Santiago Apóstol,Burgos,MIÉRCOLES,9,2024,28,14.1,19.1,12.0,17.6,29.4,3.05,78.0,12
2024-09-05,H. Santiago Apóstol,Burgos,JUEVES,9,2024,12,12.7,18.5,10.0,10.9,22.2,0.0,73.0,21
2024-09-06,H. Santiago Apóstol,Burgos,VIERNES,9,2024,21,12.6,19.7,8.0,11.3,20.6,3.05,67.0,22
2024-09-07,H. Santiago Apóstol,Burgos,SÁBADO,9,2024,22,13.4,20.5,8.0,15.0,25.9,0.25,64.0,11
2024-09-08,H. Santiago Apóstol,Burgos,DOMINGO,9,2024,11,14.1,21.9,9.0,10.9,22.2,0.0,70.0,24
2024-09-09,H. Santiago Apóstol,Burgos,LUNES,9,2024,24,14.1,22.5,6.0,9.8,25.9,0.0,70.0,30
2024-09-10,H. Santiago Apóstol,Burgos,MARTES,9,2024,30,14.4,21.0,10.0,18.3,25.9,0.0,73.0,26
2024-09-11,H. Santiago Apóstol,Burgos,MIÉRCOLES,9,2024,26,13.3,20.0,7.0,13.5,22.2,0.0,71.0,25
2024-09-12,H. Santiago Apóstol,Burgos,JUEVES,9,2024,25,12.9,17.3,7.0,11.3,24.1,25.15,82.0,16
2024-09-13,H. Santiago Apóstol,Burgos,VIERNES,9,2024,16,8.1,13.2,5.0,16.1,31.7,0.0,80.0,27
2024-09-14,H. Santiago Apóstol,Burgos,SÁBADO,9,2024,27,11.5,21.6,2.8,14.3,24.1,0.0,55.0,20
2024-09-15,H. Santiago Apóstol,Burgos,DOMINGO,9,2024,20,12.9,22.5,5.9,17.6,31.7,0.0,40.0,21
2024-09-16,H. Santiago Apóstol,Burgos,LUNES,9,2024,21,12.4,21.3,5.0,20.6,37.0,0.0,49.0,27
2024-09-17,H. Santiago Apóstol,Burgos,MARTES,9,2024,27,12.5,17.6,8.9,24.3,40.7,0.0,70.0,29
2024-09-18,H. Santiago Apóstol,Burgos,MIÉRCOLES,9,2024,29,13.8,21.0,9.0,15.0,22.2,0.0,72.0,26
2024-09-19,H. Santiago Apóstol,Burgos,JUEVES,9,2024,26,14.4,23.6,7.3,9.1,31.7,0.25,78.0,23
2024-09-20,H. Santiago Apóstol,Burgos,VIERNES,9,2024,23,14.4,19.7,11.0,7.8,20.6,14.73,84.0,25
2024-09-21,H. Santiago Apóstol,Burgos,SÁBADO,9,2024,25,14.9,20.8,11.0,8.1,14.8,1.52,84.0,22
2024-09-22,H. Santiago Apóstol,Burgos,DOMINGO,9,2024,22,13.9,20.9,9.0,8.9,18.3,1.52,77.0,19
2024-09-23,H. Santiago Apóstol,Burgos,LUNES,9,2024,19,12.3,18.9,7.0,8.9,20.6,0.0,71.0,25
2024-09-24,H. Santiago Apóstol,Burgos,MARTES,9,2024,25,13.9,19.5,9.0,16.9,27.8,0.0,65.0,30
2024-09-25,H. Santiago Apóstol,Burgos,MIÉRCOLES,9,2024,30,16.1,22.6,12.0,27.4,44.6,0.0,79.0,23
2024-09-26,H. Santiago Apóstol,Burgos,JUEVES,9,2024,23,16.7,21.0,12.0,38.3,50.0,0.0,70.0,22
2024-09-27,H. Santiago Apóstol,Burgos,VIERNES,9,2024,22,10.4,16.5,4.8,20.4,29.4,4.32,72.0,26
2024-09-28,H. Santiago Apóstol,Burgos,SÁBADO,9,2024,26,8.3,14.6,3.0,8.5,20.6,0.0,76.0,27
2024-09-29,H. Santiago Apóstol,Burgos,DOMINGO,9,2024,27,12.6,22.8,3.0,13.0,27.8,0.0,49.0,25
2024-09-30,H. Santiago Apóstol,Burgos,LUNES,9,2024,25,15.4,24.9,8.0,8.3,16.5,0.0,58.0,30
2024-10-01,H. Santiago Apóstol,Burgos,MARTES,10,2024,30,16.4,23.2,9.0,13.7,27.8,0.0,65.0,31
2024-10-02,H. Santiago Apóstol,Burgos,MIÉRCOLES,10,2024,31,15.2,17.0,11.0,16.5,27.8,0.51,92.0,26
2024-10-03,H. Santiago Apóstol,Burgos,JUEVES,10,2024,26,11.1,16.5,6.1,7.8,18.3,23.62,77.0,19
2024-10-04,H. Santiago Apóstol,Burgos,VIERNES,10,2024,19,9.2,18.2,1.7,4.1,11.1,0.0,74.0,37
2024-10-05,H. Santiago Apóstol,Burgos,SÁBADO,10,2024,37,13.2,18.9,5.0,14.6,29.4,0.0,79.0,15
2024-10-06,H. Santiago Apóstol,Burgos,DOMINGO,10,2024,15,15.4,17.5,15.0,28.0,37.0,14.99,87.0,23
2024-10-07,H. Santiago Apóstol,Burgos,LUNES,10,2024,23,13.3,16.4,10.0,23.7,44.6,28.96,91.0,25
2024-10-08,H. Santiago Apóstol,Burgos,MARTES,10,2024,25,11.6,14.4,9.0,29.4,51.9,0.0,91.0,21
2024-10-09,H. Santiago Apóstol,Burgos,MIÉRCOLES,10,2024,21,13.9,20.5,8.0,38.2,74.1,2.29,82.0,26
2024-10-10,H. Santiago Apóstol,Burgos,JUEVES,10,2024,26,9.2,15.5,4.0,9.4,16.5,9.14,80.0,27
2024-10-11,H. Santiago Apóstol,Burgos,VIERNES,10,2024,27,10.6,17.7,2.9,13.7,29.4,0.0,68.0,21
2024-10-12,H. Santiago Apóstol,Burgos,SÁBADO,10,2024,21,13.9,19.3,10.0,15.7,24.1,1.27,84.0,23
2024-10-13,H. Santiago Apóstol,Burgos,DOMINGO,10,2024,23,14.2,22.1,8.0,8.5,22.2,2.29,82.0,28
2024-10-14,H. Santiago Apóstol,Burgos,LUNES,10,2024,28,14.9,20.5,10.0,9.1,22.2,0.0,89.0,30
2024-10-15,H. Santiago Apóstol,Burgos,MARTES,10,2024,30,16.4,21.0,13.0,20.6,37.0,0.0,76.0,32
2024-10-16,H. Santiago Apóstol,Burgos,MIÉRCOLES,10,2024,32,14.9,19.2,12.0,22.4,38.9,4.32,86.0,29
2024-10-17,H. Santiago Apóstol,Burgos,JUEVES,10,2024,29,9.6,13.5,4.6,9.8,22.2,8.89,90.0,24
2024-10-18,H. Santiago Apóstol,Burgos,VIERNES,10,2024,24,8.5,13.8,2.0,9.3,20.6,10.92,81.0,20
2024-10-19,H. Santiago Apóstol,Burgos,SÁBADO,10,2024,20,12.2,14.5,11.0,15.2,22.2,0.0,91.0,31
2024-10-20,H. Santiago Apóstol,Burgos,DOMINGO,10,2024,31,12.9,18.0,9.0,14.1,22.2,0.25,86.0,25
2024-10-21,H. Santiago Apóstol,Burgos,LUNES,10,2024,25,12.7,19.4,6.8,8.9,24.1,0.0,82.0,23
2024-10-22,H. Santiago Apóstol,Burgos,MARTES,10,2024,23,10.9,14.3,8.0,19.6,29.4,0.0,87.0,15
2024-10-23,H. Santiago Apóstol,Burgos,MIÉRCOLES,10,2024,15,10.8,20.3,6.0,6.5,13.0,0.0,83.0,26
2024-10-24,H. Santiago Apóstol,Burgos,JUEVES,10,2024,26,13.7,20.0,8.0,12.2,27.8,0.0,73.0,29
2024-10-25,H. Santiago Apóstol,Burgos,VIERNES,10,2024,29,9.8,13.0,5.0,10.6,18.3,18.29,85.0,20
2024-10-26,H. Santiago Apóstol,Burgos,SÁBADO,10,2024,20,5.6,9.6,3.7,9.1,16.5,2.29,92.0,11
2024-10-27,H. Santiago Apóstol,Burgos,DOMINGO,10,2024,11,6.7,9.6,3.9,10.0,25.9,14.48,91.0,26
2024-10-28,H. Santiago Apóstol,Burgos,LUNES,10,2024,26,9.4,14.2,6.7,19.3,35.2,1.02,88.0,23
2024-10-29,H. Santiago Apóstol,Burgos,MARTES,10,2024,23,10.2,13.9,7.0,17.6,37.0,0.0,94.0,27
2024-10-30,H. Santiago Apóstol,Burgos,MIÉRCOLES,10,2024,27,10.8,14.0,9.0,20.7,38.9,2.03,91.0,22
2024-10-31,H. Santiago Apóstol,Burgos,JUEVES,10,2024,22,11.0,17.2,6.9,7.0,18.3,1.52,90.0,11
2024-11-01,H. Santiago Apóstol,Burgos,VIERNES,11,2024,11,11.6,16.1,9.0,9.8,22.2,0.0,93.0,22
2024-11-02,H. Santiago Apóstol,Burgos,SÁBADO,11,2024,22,12.2,18.8,8.0,9.1,22.2,0.0,81.0,30
2024-11-03,H. Santiago Apóstol,Burgos,DOMINGO,11,2024,30,11.4,17.8,7.0,9.3,22.2,0.0,81.0,29
2024-11-04,H. Santiago Apóstol,Burgos,LUNES,11,2024,29,10.7,17.5,6.0,8.5,24.1,0.0,85.0,26
2024-11-05,H. Santiago Apóstol,Burgos,MARTES,11,2024,26,11.9,18.4,8.0,6.1,16.5,0.0,79.0,29
2024-11-06,H. Santiago Apóstol,Burgos,MIÉRCOLES,11,2024,29,10.7,19.7,4.0,2.8,11.1,0.0,79.0,31
2024-11-07,H. Santiago Apóstol,Burgos,JUEVES,11,2024,31,8.8,18.5,3.6,3.9,16.5,0.0,90.0,22
2024-11-08,H. Santiago Apóstol,Burgos,VIERNES,11,2024,22,9.1,16.3,4.9,3.7,9.4,0.0,92.0,21
2024-11-09,H. Santiago Apóstol,Burgos,SÁBADO,11,2024,21,10.2,15.6,3.6,5.9,14.8,0.25,86.0,17
2024-11-10,H. Santiago Apóstol,Burgos,DOMINGO,11,2024,17,8.7,13.3,3.5,5.0,16.5,0.25,91.0,21
2024-11-11,H. Santiago Apóstol,Burgos,LUNES,11,2024,21,9.1,12.4,7.0,18.3,35.2,2.29,85.0,36
2024-11-12,H. Santiago Apóstol,Burgos,MARTES,11,2024,36,6.2,10.4,2.0,23.9,40.7,0.0,82.0,32
2024-11-13,H. Santiago Apóstol,Burgos,MIÉRCOLES,11,2024,32,3.4,6.0,2.0,21.7,33.5,0.0,88.0,24
2024-11-14,H. Santiago Apóstol,Burgos,JUEVES,11,2024,24,7.3,13.6,3.9,15.0,29.4,0.0,85.0,19
2024-11-15,H. Santiago Apóstol,Burgos,VIERNES,11,2024,19,6.1,10.0,2.6,10.7,20.6,0.0,97.0,23
2024-11-16,H. Santiago Apóstol,Burgos,SÁBADO,11,2024,23,6.9,12.0,4.0,9.1,18.3,0.0,96.0,18
2024-11-17,H. Santiago Apóstol,Burgos,DOMINGO,11,2024,18,7.9,18.0,1.0,3.7,13.0,0.0,83.0,25
2024-11-18,H. Santiago Apóstol,Burgos,LUNES,11,2024,25,0.0,0.0,0.0,0.0,0.0,0.0,0.0,24
2024-11-19,H. Santiago Apóstol,Burgos,MARTES,11,2024,24,0.0,0.0,0.0,0.0,0.0,0.0,0.0,33
2024-11-20,H. Santiago Apóstol,Burgos,MIÉRCOLES,11,2024,33,0.0,0.0,0.0,0.0,0.0,0.0,0.0,33
2024-11-21,H. Santiago Apóstol,Burgos,JUEVES,11,2024,33,0.0,0.0,0.0,0.0,0.0,0.0,0.0,27
2024-11-22,H. Santiago Apóstol,Burgos,VIERNES,11,2024,27,4.2,7.8,1.0,11.3,22.2,0.0,76.0,25
2024-11-23,H. Santiago Apóstol,Burgos,SÁBADO,11,2024,25,9.3,15.7,0.9,18.1,37.0,0.25,78.0,22
2024-11-24,H. Santiago Apóstol,Burgos,DOMINGO,11,2024,22,12.3,16.1,5.0,40.4,59.4,0.25,63.0,12
2024-11-25,H. Santiago Apóstol,Burgos,LUNES,11,2024,12,10.2,16.1,2.0,30.0,57.6,0.0,70.0,27
2024-11-26,H. Santiago Apóstol,Burgos,MARTES,11,2024,27,5.0,8.8,1.7,10.6,20.6,16.0,89.0,21
2024-11-27,H. Santiago Apóstol,Burgos,MIÉRCOLES,11,2024,21,3.9,10.1,0.0,6.7,14.8,0.0,91.0,27
2024-11-28,H. Santiago Apóstol,Burgos,JUEVES,11,2024,27,5.4,15.7,-1.1,2.4,13.0,0.0,81.0,26
2024-11-29,H. Santiago Apóstol,Burgos,VIERNES,11,2024,26,7.6,15.4,1.9,6.1,22.2,0.0,78.0,35
2024-11-30,H. Santiago Apóstol,Burgos,SÁBADO,11,2024,35,9.2,14.5,3.4,8.7,16.5,0.0,88.0,21
2024-12-01,H. Santiago Apóstol,Burgos,DOMINGO,12,2024,21,0.0,0.0,0.0,0.0,0.0,0.0,0.0,19
2024-12-02,H. Santiago Apóstol,Burgos,LUNES,12,2024,19,9.1,12.6,7.0,8.5,16.5,1.52,88.0,34
2024-12-03,H. Santiago Apóstol,Burgos,MARTES,12,2024,34,6.7,11.1,4.8,9.8,18.3,0.51,93.0,31
2024-12-04,H. Santiago Apóstol,Burgos,MIÉRCOLES,12,2024,31,5.3,8.7,2.0,10.7,29.4,2.79,91.0,22
2024-12-05,H. Santiago Apóstol,Burgos,JUEVES,12,2024,22,7.6,11.2,2.1,11.1,20.6,0.0,84.0,37
2024-12-06,H. Santiago Apóstol,Burgos,VIERNES,12,2024,37,8.6,10.1,8.0,14.6,20.6,0.0,97.0,20
2024-12-07,H. Santiago Apóstol,Burgos,SÁBADO,12,2024,20,7.0,11.2,2.9,20.2,33.5,0.0,83.0,25
2024-12-08,H. Santiago Apóstol,Burgos,DOMINGO,12,2024,25,2.3,5.6,1.0,21.5,40.7,0.0,0.0,25
2024-12-09,H. Santiago Apóstol,Burgos,LUNES,12,2024,25,1.8,4.5,0.0,16.5,29.4,2.29,89.0,30
2024-12-10,H. Santiago Apóstol,Burgos,MARTES,12,2024,30,1.9,4.4,1.0,9.1,22.2,0.0,91.0,22
2024-12-11,H. Santiago Apóstol,Burgos,MIÉRCOLES,12,2024,22,1.3,3.7,0.0,4.8,13.0,1.78,90.0,23
2024-12-12,H. Santiago Apóstol,Burgos,JUEVES,12,2024,23,1.3,5.7,-1.1,10.6,20.6,0.0,95.0,34
2024-12-13,H. Santiago Apóstol,Burgos,VIERNES,12,2024,34,1.8,6.7,-1.7,5.4,13.0,0.25,92.0,25
2024-12-14,H. Santiago Apóstol,Burgos,SÁBADO,12,2024,25,0.2,6.2,-3.1,3.0,13.0,0.0,95.0,26
2024-12-15,H. Santiago Apóstol,Burgos,DOMINGO,12,2024,26,1.1,6.9,-3.5,4.6,16.5,0.0,93.0,29
2024-12-16,H. Santiago Apóstol,Burgos,LUNES,12,2024,29,2.2,12.2,-4.0,7.8,20.6,0.0,81.0,34
2024-12-17,H. Santiago Apóstol,Burgos,MARTES,12,2024,34,2.6,11.6,-3.9,8.5,18.3,0.0,72.0,22
2024-12-18,H. Santiago Apóstol,Burgos,MIÉRCOLES,12,2024,22,7.9,11.9,1.8,18.0,37.0,0.0,71.0,28
2024-12-19,H. Santiago Apóstol,Burgos,JUEVES,12,2024,28,6.6,9.4,2.0,24.1,42.4,3.3,87.0,27
2024-12-20,H. Santiago Apóstol,Burgos,VIERNES,12,2024,27,2.4,6.8,0.0,9.3,18.3,0.0,90.0,31
2024-12-21,H. Santiago Apóstol,Burgos,SÁBADO,12,2024,31,0.9,7.3,-3.6,5.4,14.8,0.0,88.0,26
2024-12-22,H. Santiago Apóstol,Burgos,DOMINGO,12,2024,26,1.8,6.4,-2.4,10.2,29.4,0.0,90.0,28
2024-12-23,H. Santiago Apóstol,Burgos,LUNES,12,2024,28,3.7,6.2,2.0,16.9,35.2,1.52,87.0,26
2024-12-24,H. Santiago Apóstol,Burgos,MARTES,12,2024,26,5.4,9.5,2.0,10.7,22.2,1.78,93.0,14
2024-12-25,H. Santiago Apóstol,Burgos,MIÉRCOLES,12,2024,14,7.0,11.7,3.0,15.0,29.4,0.0,94.0,16
2024-12-26,H. Santiago Apóstol,Burgos,JUEVES,12,2024,16,3.9,13.8,-1.6,7.4,22.2,0.0,92.0,31
2024-12-27,H. Santiago Apóstol,Burgos,VIERNES,12,2024,31,3.9,8.3,1.0,5.7,16.5,0.0,97.0,22
2024-12-28,H. Santiago Apóstol,Burgos,SÁBADO,12,2024,22,1.5,10.0,-3.0,4.6,11.1,0.0,91.0,35
2024-12-29,H. Santiago Apóstol,Burgos,DOMINGO,12,2024,35,-0.4,5.1,-3.0,3.0,7.6,0.0,98.0,30
2024-12-30,H. Santiago Apóstol,Burgos,LUNES,12,2024,30,-1.3,2.2,-3.0,5.4,11.1,0.0,99.0,26
2024-12-31,H. Santiago Apóstol,Burgos,MARTES,12,2024,26,-1.7,0.3,-3.2,5.2,11.1,0.0,99.0,21
2025-01-01,H. Santiago Apóstol,Burgos,MIÉRCOLES,1,2025,21,-1.3,4.2,-5.0,8.3,16.5,0.0,97.0,49
2025-01-02,H. Santiago Apóstol,Burgos,JUEVES,1,2025,49,0.8,4.0,-2.4,14.4,24.1,0.0,95.0,70
2025-01-03,H. Santiago Apóstol,Burgos,VIERNES,1,2025,70,4.4,6.6,2.0,21.9,25.9,0.25,93.0,65
2025-01-04,H. Santiago Apóstol,Burgos,SÁBADO,1,2025,65,6.3,8.9,5.0,22.2,27.8,2.29,90.0,56
2025-01-05,H. Santiago Apóstol,Burgos,DOMINGO,1,2025,56,7.3,10.2,5.0,31.9,46.5,0.0,79.0,54
2025-01-06,H. Santiago Apóstol,Burgos,LUNES,1,2025,54,5.6,9.2,1.0,22.6,40.7,7.87,84.0,66
2025-01-07,H. Santiago Apóstol,Burgos,MARTES,1,2025,66,4.2,7.2,0.5,28.0,40.7,0.0,93.0,59
2025-01-08,H. Santiago Apóstol,Burgos,MIÉRCOLES,1,2025,59,7.2,8.3,6.0,35.9,46.5,0.51,90.0,72
2025-01-09,H. Santiago Apóstol,Burgos,JUEVES,1,2025,72,8.5,11.7,7.0,26.9,44.6,3.3,89.0,65
2025-01-10,H. Santiago Apóstol,Burgos,VIERNES,1,2025,65,9.2,10.8,8.0,20.4,27.8,0.25,91.0,68
2025-01-11,H. Santiago Apóstol,Burgos,SÁBADO,1,2025,68,8.4,11.5,1.0,14.1,27.8,4.57,87.0,60
2025-01-12,H. Santiago Apóstol,Burgos,DOMINGO,1,2025,60,3.2,8.0,-3.0,14.8,31.7,0.25,83.0,52
2025-01-13,H. Santiago Apóstol,Burgos,LUNES,1,2025,52,-1.5,4.9,-5.0,9.4,25.9,0.0,63.0,66
2025-01-14,H. Santiago Apóstol,Burgos,MARTES,1,2025,66,-0.3,11.1,-7.0,5.6,25.9,0.0,59.0,63
2025-01-15,H. Santiago Apóstol,Burgos,MIÉRCOLES,1,2025,63,-0.1,10.4,-8.5,9.4,29.4,0.0,49.0,64
2025-01-16,H. Santiago Apóstol,Burgos,JUEVES,1,2025,64,2.4,6.6,-1.0,14.1,24.1,0.0,77.0,52
2025-01-17,H. Santiago Apóstol,Burgos,VIERNES,1,2025,52,0.4,8.9,-5.0,3.9,13.0,0.0,83.0,59
2025-01-18,H. Santiago Apóstol,Burgos,SÁBADO,1,2025,59,-0.7,8.2,-6.3,3.1,13.0,0.0,80.0,58
2025-01-19,H. Santiago Apóstol,Burgos,DOMINGO,1,2025,58,0.8,8.5,-5.2,10.2,27.8,0.0,77.0,54
2025-01-20,H. Santiago Apóstol,Burgos,LUNES,1,2025,54,4.5,7.0,2.0,14.1,24.1,1.27,91.0,62
2025-01-21,H. Santiago Apóstol,Burgos,MARTES,1,2025,62,7.3,9.1,5.9,15.2,25.9,0.0,94.0,69
2025-01-22,H. Santiago Apóstol,Burgos,MIÉRCOLES,1,2025,69,8.4,12.2,7.0,20.2,37.0,10.16,89.0,75
2025-01-23,H. Santiago Apóstol,Burgos,JUEVES,1,2025,75,7.9,12.0,5.0,13.0,27.8,0.0,88.0,53
2025-01-24,H. Santiago Apóstol,Burgos,VIERNES,1,2025,53,8.9,11.6,8.0,23.9,37.0,0.25,87.0,51
2025-01-25,H. Santiago Apóstol,Burgos,SÁBADO,1,2025,51,6.8,10.0,4.0,27.4,44.6,1.78,85.0,63
2025-01-26,H. Santiago Apóstol,Burgos,DOMINGO,1,2025,63,6.7,12.3,3.0,39.1,59.4,3.3,81.0,57
2025-01-27,H. Santiago Apóstol,Burgos,LUNES,1,2025,57,7.2,11.2,2.0,38.2,53.5,10.67,87.0,75
2025-01-28,H. Santiago Apóstol,Burgos,MARTES,1,2025,75,3.3,8.0,0.0,30.6,40.7,9.14,83.0,57
2025-01-29,H. Santiago Apóstol,Burgos,MIÉRCOLES,1,2025,57,3.7,6.6,2.0,33.0,53.5,0.25,85.0,58
2025-01-30,H. Santiago Apóstol,Burgos,JUEVES,1,2025,58,2.4,5.8,-0.6,25.7,50.0,3.05,81.0,58
2025-01-31,H. Santiago Apóstol,Burgos,VIERNES,1,2025,58,1.1,7.2,-3.0,5.0,13.0,1.27,77.0,66
2025-02-01,H. Santiago Apóstol,Burgos,SÁBADO,2,2025,66,1.8,9.0,-3.1,9.4,27.8,0.0,84.0,54
2025-02-02,H. Santiago Apóstol,Burgos,DOMINGO,2,2025,54,-0.6,3.3,-5.3,5.2,22.2,3.05,95.0,46
2025-02-03,H. Santiago Apóstol,Burgos,LUNES,2,2025,46,1.4,7.1,-2.0,12.8,27.8,0.0,92.0,54
2025-02-04,H. Santiago Apóstol,Burgos,MARTES,2,2025,54,-0.2,6.4,-4.3,5.6,13.0,0.0,96.0,61
2025-02-05,H. Santiago Apóstol,Burgos,MIÉRCOLES,2,2025,61,1.8,10.0,-4.7,9.8,25.9,0.0,82.0,54
2025-02-06,H. Santiago Apóstol,Burgos,JUEVES,2,2025,54,2.6,10.1,-1.0,10.7,20.6,0.0,84.0,57
2025-02-07,H. Santiago Apóstol,Burgos,VIERNES,2,2025,57,1.0,5.5,-2.0,16.7,29.4,12.95,92.0,48
2025-02-08,H. Santiago Apóstol,Burgos,SÁBADO,2,2025,48,-0.1,5.5,-7.0,6.9,20.6,4.06,85.0,44
2025-02-09,H. Santiago Apóstol,Burgos,DOMINGO,2,2025,44,5.9,9.6,2.0,14.8,22.2,0.0,89.0,54
2025-02-10,H. Santiago Apóstol,Burgos,LUNES,2,2025,54,6.6,11.9,4.0,7.6,20.6,0.0,92.0,54
2025-02-11,H. Santiago Apóstol,Burgos,MARTES,2,2025,54,7.7,13.1,4.7,11.3,24.1,7.62,78.0,39
2025-02-12,H. Santiago Apóstol,Burgos,MIÉRCOLES,2,2025,39,6.0,9.5,3.0,7.6,18.3,6.35,88.0,57
2025-02-13,H. Santiago Apóstol,Burgos,JUEVES,2,2025,57,4.7,8.3,-0.6,7.8,18.3,0.0,93.0,51
2025-02-14,H. Santiago Apóstol,Burgos,VIERNES,2,2025,51,6.7,12.6,1.0,7.2,18.3,0.51,84.0,61
2025-02-15,H. Santiago Apóstol,Burgos,SÁBADO,2,2025,61,5.8,16.6,-1.0,7.6,20.6,0.0,72.0,55
2025-02-16,H. Santiago Apóstol,Burgos,DOMINGO,2,2025,55,7.9,15.3,0.8,6.3,16.5,0.0,63.0,50
2025-02-17,H. Santiago Apóstol,Burgos,LUNES,2,2025,50,7.1,11.8,1.6,7.6,18.3,0.0,84.0,75
2025-02-18,H. Santiago Apóstol,Burgos,MARTES,2,2025,75,6.3,16.3,0.0,7.8,20.6,0.0,80.0,66
2025-02-19,H. Santiago Apóstol,Burgos,MIÉRCOLES,2,2025,66,8.1,15.1,1.0,7.2,18.3,0.0,76.0,63
2025-02-20,H. Santiago Apóstol,Burgos,JUEVES,2,2025,63,7.4,11.4,4.0,12.4,22.2,0.0,92.0,57
2025-02-21,H. Santiago Apóstol,Burgos,VIERNES,2,2025,57,9.9,15.5,5.8,23.3,48.2,0.0,75.0,49
2025-02-22,H. Santiago Apóstol,Burgos,SÁBADO,2,2025,49,6.2,10.6,2.9,13.7,27.8,10.41,80.0,48
2025-02-23,H. Santiago Apóstol,Burgos,DOMINGO,2,2025,48,4.7,12.6,-2.0,8.5,22.2,0.0,80.0,49
2025-02-24,H. Santiago Apóstol,Burgos,LUNES,2,2025,49,8.0,13.0,3.7,20.7,33.5,0.0,68.0,70
2025-02-25,H. Santiago Apóstol,Burgos,MARTES,2,2025,70,5.7,8.8,0.0,17.2,33.5,0.0,81.0,56
2025-02-26,H. Santiago Apóstol,Burgos,MIÉRCOLES,2,2025,56,2.6,10.3,-3.2,6.7,18.3,5.84,74.0,62
2025-02-27,H. Santiago Apóstol,Burgos,JUEVES,2,2025,62,4.3,10.5,0.0,5.0,16.5,0.0,76.0,69
2025-02-28,H. Santiago Apóstol,Burgos,VIERNES,2,2025,69,3.8,7.0,2.0,16.3,31.7,0.0,87.0,57
2025-03-01,H. Santiago Apóstol,Burgos,SÁBADO,3,2025,57,2.4,5.5,0.0,22.8,33.5,0.0,76.0,46
2025-03-02,H. Santiago Apóstol,Burgos,DOMINGO,3,2025,46,1.1,4.4,-1.0,18.9,27.8,0.0,84.0,53
2025-03-03,H. Santiago Apóstol,Burgos,LUNES,3,2025,53,4.2,7.7,2.0,16.1,24.1,2.54,96.0,47
2025-03-04,H. Santiago Apóstol,Burgos,MARTES,3,2025,47,6.9,10.6,4.7,12.2,24.1,1.52,92.0,64
2025-03-05,H. Santiago Apóstol,Burgos,MIÉRCOLES,3,2025,64,7.1,12.0,4.0,11.9,24.1,0.0,84.0,55
2025-03-06,H. Santiago Apóstol,Burgos,JUEVES,3,2025,55,7.9,14.6,5.0,21.1,40.7,0.51,84.0,51
2025-03-07,H. Santiago Apóstol,Burgos,VIERNES,3,2025,51,9.1,14.0,7.0,25.4,35.2,0.51,81.0,65
2025-03-08,H. Santiago Apóstol,Burgos,SÁBADO,3,2025,65,7.7,10.7,4.0,33.2,55.4,3.05,83.0,58
2025-03-09,H. Santiago Apóstol,Burgos,DOMINGO,3,2025,58,4.7,8.6,1.0,14.3,25.9,3.81,81.0,60
2025-03-10,H. Santiago Apóstol,Burgos,LUNES,3,2025,60,6.2,12.0,1.0,13.3,27.8,0.51,72.0,86
2025-03-11,H. Santiago Apóstol,Burgos,MARTES,3,2025,86,6.3,10.8,5.0,13.1,27.8,0.0,86.0,61
2025-03-12,H. Santiago Apóstol,Burgos,MIÉRCOLES,3,2025,61,5.1,11.8,-1.0,12.8,25.9,0.25,79.0,58
2025-03-13,H. Santiago Apóstol,Burgos,JUEVES,3,2025,58,3.1,6.9,0.0,13.9,29.4,3.3,84.0,56
2025-03-14,H. Santiago Apóstol,Burgos,VIERNES,3,2025,56,1.0,5.8,-2.0,17.2,29.4,1.52,81.0,70
2025-03-15,H. Santiago Apóstol,Burgos,SÁBADO,3,2025,70,0.9,5.9,-2.0,6.5,14.8,0.0,80.0,49
2025-03-16,H. Santiago Apóstol,Burgos,DOMINGO,3,2025,49,1.6,6.0,-2.0,7.8,13.0,2.29,75.0,38
2025-03-17,H. Santiago Apóstol,Burgos,LUNES,3,2025,38,2.4,10.0,-5.0,10.4,27.8,0.0,77.0,62
2025-03-18,H. Santiago Apóstol,Burgos,MARTES,3,2025,62,5.2,11.2,1.0,19.3,37.0,0.0,88.0,53
2025-03-19,H. Santiago Apóstol,Burgos,MIÉRCOLES,3,2025,53,10.1,16.0,5.0,23.0,42.4,4.32,68.0,49
2025-03-20,H. Santiago Apóstol,Burgos,JUEVES,3,2025,49,10.1,13.0,7.0,24.1,51.9,14.48,73.0,56
2025-03-21,H. Santiago Apóstol,Burgos,VIERNES,3,2025,56,8.0,11.7,4.0,33.2,51.9,20.57,83.0,59
2025-03-22,H. Santiago Apóstol,Burgos,SÁBADO,3,2025,59,4.9,9.7,3.0,25.2,40.7,8.64,88.0,52
2025-03-23,H. Santiago Apóstol,Burgos,DOMINGO,3,2025,52,3.4,9.6,0.0,8.5,20.6,8.38,85.0,42
2025-03-24,H. Santiago Apóstol,Burgos,LUNES,3,2025,42,5.3,8.6,2.0,13.5,29.4,5.08,89.0,62
2025-03-25,H. Santiago Apóstol,Burgos,MARTES,3,2025,62,6.4,11.6,3.0,15.0,27.8,4.57,86.0,67
2025-03-26,H. Santiago Apóstol,Burgos,MIÉRCOLES,3,2025,67,5.6,8.8,2.0,11.3,20.6,0.76,84.0,60
2025-03-27,H. Santiago Apóstol,Burgos,JUEVES,3,2025,60,5.2,9.1,3.0,15.4,27.8,0.0,86.0,61
2025-03-28,H. Santiago Apóstol,Burgos,VIERNES,3,2025,61,5.9,12.3,-0.6,13.9,29.4,0.0,77.0,46
2025-03-29,H. Santiago Apóstol,Burgos,SÁBADO,3,2025,46,6.0,10.1,2.0,19.6,33.5,0.0,72.0,49
2025-03-30,H. Santiago Apóstol,Burgos,DOMINGO,3,2025,49,6.1,13.0,-0.5,17.8,33.5,0.0,68.0,53
2025-03-31,H. Santiago Apóstol,Burgos,LUNES,3,2025,53,10.4,19.5,1.7,15.9,37.0,0.0,51.0,53
2025-04-01,H. Santiago Apóstol,Burgos,MARTES,4,2025,53,12.2,23.7,1.0,5.2,18.3,0.0,53.0,63
2025-04-02,H. Santiago Apóstol,Burgos,MIÉRCOLES,4,2025,63,8.3,15.5,4.4,11.7,29.4,0.0,85.0,58
2025-04-03,H. Santiago Apóstol,Burgos,JUEVES,4,2025,58,8.7,11.5,6.0,18.0,38.9,23.11,83.0,51
2025-04-04,H. Santiago Apóstol,Burgos,VIERNES,4,2025,51,10.8,17.0,6.8,21.9,44.6,1.02,74.0,56
2025-04-05,H. Santiago Apóstol,Burgos,SÁBADO,4,2025,56,8.8,12.3,7.0,15.7,27.8,2.54,85.0,39
2025-04-06,H. Santiago Apóstol,Burgos,DOMINGO,4,2025,39,10.6,17.1,6.0,11.7,25.9,0.0,76.0,47
2025-04-07,H. Santiago Apóstol,Burgos,LUNES,4,2025,47,11.2,19.7,3.9,8.5,24.1,0.0,65.0,54
2025-04-08,H. Santiago Apóstol,Burgos,MARTES,4,2025,54,12.7,22.2,2.4,5.0,14.8,0.0,62.0,61
2025-04-09,H. Santiago Apóstol,Burgos,MIÉRCOLES,4,2025,61,13.2,22.6,4.0,5.9,18.3,0.0,63.0,74
2025-04-10,H. Santiago Apóstol,Burgos,JUEVES,4,2025,74,12.1,17.6,7.0,18.1,33.5,0.0,74.0,65
2025-04-11,H. Santiago Apóstol,Burgos,VIERNES,4,2025,65,10.5,17.8,6.6,14.1,29.4,0.0,82.0,52
2025-04-12,H. Santiago Apóstol,Burgos,SÁBADO,4,2025,52,11.4,17.0,8.5,12.2,22.2,3.81,86.0,48
2025-04-13,H. Santiago Apóstol,Burgos,DOMINGO,4,2025,48,10.4,15.4,8.0,8.1,25.9,4.32,92.0,48
2025-04-14,H. Santiago Apóstol,Burgos,LUNES,4,2025,48,9.4,14.5,4.6,20.6,38.9,12.19,79.0,76
2025-04-15,H. Santiago Apóstol,Burgos,MARTES,4,2025,76,5.7,11.0,1.0,17.8,29.4,0.0,79.0,60
2025-04-16,H. Santiago Apóstol,Burgos,MIÉRCOLES,4,2025,60,3.5,8.5,0.0,13.7,33.5,8.89,85.0,52
2025-04-17,H. Santiago Apóstol,Burgos,JUEVES,4,2025,52,6.2,14.4,-2.1,12.8,27.8,1.78,78.0,41
2025-04-18,H. Santiago Apóstol,Burgos,VIERNES,4,2025,41,10.2,16.6,8.0,20.7,35.2,0.0,83.0,41
2025-04-19,H. Santiago Apóstol,Burgos,SÁBADO,4,2025,41,5.7,9.8,3.0,25.0,42.4,17.02,85.0,41
2025-04-20,H. Santiago Apóstol,Burgos,DOMINGO,4,2025,41,6.9,13.1,2.7,13.0,24.1,11.94,81.0,56
2025-04-21,H. Santiago Apóstol,Burgos,LUNES,4,2025,56,8.6,14.1,3.0,10.9,24.1,0.0,83.0,76
2025-04-22,H. Santiago Apóstol,Burgos,MARTES,4,2025,76,8.4,14.0,5.0,12.8,18.3,10.67,78.0,57
2025-04-23,H. Santiago Apóstol,Burgos,MIÉRCOLES,4,2025,57,9.4,18.7,1.0,6.9,22.2,0.0,76.0,55
2025-04-24,H. Santiago Apóstol,Burgos,JUEVES,4,2025,55,12.3,21.5,3.8,7.8,13.0,0.0,70.0,67
2025-04-25,H. Santiago Apóstol,Burgos,VIERNES,4,2025,67,13.3,23.1,3.5,11.3,44.6,0.0,67.0,59
2025-04-26,H. Santiago Apóstol,Burgos,SÁBADO,4,2025,59,9.3,14.6,5.0,19.1,31.7,3.3,76.0,51
2025-04-27,H. Santiago Apóstol,Burgos,DOMINGO,4,2025,51,8.6,14.0,5.9,15.0,25.9,0.0,79.0,56
2025-04-28,H. Santiago Apóstol,Burgos,LUNES,4,2025,56,11.1,21.5,0.7,7.4,18.3,0.0,69.0,50
2025-04-29,H. Santiago Apóstol,Burgos,MARTES,4,2025,50,13.1,21.5,6.0,15.2,25.9,0.0,69.0,47
2025-04-30,H. Santiago Apóstol,Burgos,MIÉRCOLES,4,2025,47,11.7,19.1,5.0,16.1,37.0,0.0,78.0,64
2025-05-01,H. Santiago Apóstol,Burgos,JUEVES,5,2025,64,12.1,19.8,8.0,8.5,24.1,9.14,82.0,41
2025-05-02,H. Santiago Apóstol,Burgos,VIERNES,5,2025,41,10.8,18.4,8.0,12.6,38.9,0.0,86.0,50
2025-05-03,H. Santiago Apóstol,Burgos,SÁBADO,5,2025,50,12.7,18.4,9.0,14.3,29.4,16.76,72.0,42
2025-05-04,H. Santiago Apóstol,Burgos,DOMINGO,5,2025,42,10.4,17.2,5.7,8.0,24.1,0.0,82.0,52
2025-05-05,H. Santiago Apóstol,Burgos,LUNES,5,2025,52,8.4,11.6,2.0,13.5,29.4,0.51,86.0,80
2025-05-06,H. Santiago Apóstol,Burgos,MARTES,5,2025,80,4.7,10.3,0.7,12.8,24.1,0.76,80.0,58
2025-05-07,H. Santiago Apóstol,Burgos,MIÉRCOLES,5,2025,58,7.8,15.2,1.8,16.1,25.9,0.0,74.0,61
2025-05-08,H. Santiago Apóstol,Burgos,JUEVES,5,2025,61,9.1,16.5,3.6,14.3,20.6,0.0,74.0,64
2025-05-09,H. Santiago Apóstol,Burgos,VIERNES,5,2025,64,8.1,11.0,5.0,10.6,18.3,1.02,93.0,69
2025-05-10,H. Santiago Apóstol,Burgos,SÁBADO,5,2025,69,7.2,13.0,2.5,9.1,24.1,14.48,88.0,42
2025-05-11,H. Santiago Apóstol,Burgos,DOMINGO,5,2025,42,7.5,11.8,4.0,18.3,27.8,6.35,85.0,36
2025-05-12,H. Santiago Apóstol,Burgos,LUNES,5,2025,36,7.8,13.7,2.0,16.3,27.8,5.08,85.0,64
2025-05-13,H. Santiago Apóstol,Burgos,MARTES,5,2025,64,10.7,16.9,7.0,12.6,24.1,4.57,75.0,75
2025-05-14,H. Santiago Apóstol,Burgos,MIÉRCOLES,5,2025,75,10.1,17.6,7.0,9.8,22.2,0.0,89.0,54
2025-05-15,H. Santiago Apóstol,Burgos,JUEVES,5,2025,54,10.2,13.2,8.0,17.6,27.8,2.03,88.0,54
2025-05-16,H. Santiago Apóstol,Burgos,VIERNES,5,2025,54,11.2,18.0,6.0,13.3,25.9,0.0,71.0,47
2025-05-17,H. Santiago Apóstol,Burgos,SÁBADO,5,2025,47,11.6,21.3,2.3,5.7,14.8,0.0,67.0,47
2025-05-18,H. Santiago Apóstol,Burgos,DOMINGO,5,2025,47,15.0,25.5,4.6,8.9,29.4,0.0,60.0,50
2025-05-19,H. Santiago Apóstol,Burgos,LUNES,5,2025,50,10.1,13.4,7.0,10.2,18.3,0.51,85.0,70
2025-05-20,H. Santiago Apóstol,Burgos,MARTES,5,2025,70,10.6,18.4,3.0,7.0,14.8,9.65,75.0,49
2025-05-21,H. Santiago Apóstol,Burgos,MIÉRCOLES,5,2025,49,11.8,21.7,3.8,8.3,25.9,0.0,74.0,61
2025-05-22,H. Santiago Apóstol,Burgos,JUEVES,5,2025,61,9.5,15.3,5.0,17.0,27.8,0.51,75.0,66
2025-05-23,H. Santiago Apóstol,Burgos,VIERNES,5,2025,66,9.8,16.6,4.0,18.9,29.4,0.0,75.0,52
2025-05-24,H. Santiago Apóstol,Burgos,SÁBADO,5,2025,52,11.8,22.5,2.0,7.0,14.8,0.0,56.0,45
2025-05-25,H. Santiago Apóstol,Burgos,DOMINGO,5,2025,45,6.5,9.0,4.5,2.8,5.4,0.0,86.0,51
2025-05-26,H. Santiago Apóstol,Burgos,LUNES,5,2025,51,13.7,20.5,9.0,15.6,22.2,0.0,77.0,70
2025-05-27,H. Santiago Apóstol,Burgos,MARTES,5,2025,70,15.8,25.7,8.0,10.2,20.6,0.0,59.0,58
2025-05-28,H. Santiago Apóstol,Burgos,MIÉRCOLES,5,2025,58,17.4,28.0,7.0,7.2,18.3,0.0,57.0,52
2025-05-29,H. Santiago Apóstol,Burgos,JUEVES,5,2025,52,19.6,30.7,7.0,5.6,16.5,0.0,46.0,42
2025-05-30,H. Santiago Apóstol,Burgos,VIERNES,5,2025,42,18.7,30.2,12.0,9.4,48.2,0.0,59.0,60
2025-05-31,H. Santiago Apóstol,Burgos,SÁBADO,5,2025,60,19.7,30.6,9.0,7.8,27.8,0.0,55.0,49
2025-06-01,H. Santiago Apóstol,Burgos,DOMINGO,6,2025,49,19.2,29.3,11.0,14.1,31.7,0.0,62.0,62
2025-06-02,H. Santiago Apóstol,Burgos,LUNES,6,2025,62,12.0,14.8,10.0,23.3,31.7,0.0,92.0,64
2025-06-03,H. Santiago Apóstol,Burgos,MARTES,6,2025,64,13.6,19.1,11.0,16.9,25.9,0.0,89.0,67
2025-06-04,H. Santiago Apóstol,Burgos,MIÉRCOLES,6,2025,67,13.9,21.2,8.0,12.4,25.9,0.0,76.0,58
2025-06-05,H. Santiago Apóstol,Burgos,JUEVES,6,2025,58,15.1,24.6,7.0,12.4,22.2,0.0,62.0,65
2025-06-06,H. Santiago Apóstol,Burgos,VIERNES,6,2025,65,16.1,26.0,8.0,10.4,22.2,0.0,62.0,57
2025-06-07,H. Santiago Apóstol,Burgos,SÁBADO,6,2025,57,16.1,26.1,8.0,11.7,25.9,0.0,60.0,47
2025-06-08,H. Santiago Apóstol,Burgos,DOMINGO,6,2025,47,14.7,24.4,10.0,17.2,29.4,0.0,73.0,49
2025-06-09,H. Santiago Apóstol,Burgos,LUNES,6,2025,49,19.0,32.5,9.0,9.4,31.7,0.0,58.0,58
2025-06-10,H. Santiago Apóstol,Burgos,MARTES,6,2025,58,23.0,34.7,13.2,9.6,51.9,0.0,49.0,66
2025-06-11,H. Santiago Apóstol,Burgos,MIÉRCOLES,6,2025,66,18.6,28.0,13.0,14.4,38.9,3.05,68.0,64
2025-06-12,H. Santiago Apóstol,Burgos,JUEVES,6,2025,64,16.8,24.3,10.0,10.6,24.1,13.21,67.0,67
2025-06-13,H. Santiago Apóstol,Burgos,VIERNES,6,2025,67,18.6,29.8,9.0,9.3,24.1,0.0,56.0,64
2025-06-14,H. Santiago Apóstol,Burgos,SÁBADO,6,2025,64,17.3,26.4,12.0,16.7,33.5,0.0,78.0,58
2025-06-15,H. Santiago Apóstol,Burgos,DOMINGO,6,2025,58,14.1,19.9,12.0,26.5,38.9,0.0,82.0,47
2025-06-16,H. Santiago Apóstol,Burgos,LUNES,6,2025,47,17.4,28.1,11.0,20.0,31.7,0.0,73.0,68
2025-06-17,H. Santiago Apóstol,Burgos,MARTES,6,2025,68,21.7,32.4,12.0,9.8,24.1,0.0,61.0,62
2025-06-18,H. Santiago Apóstol,Burgos,MIÉRCOLES,6,2025,62,22.8,33.7,11.0,8.9,22.2,0.0,54.0,63
2025-06-19,H. Santiago Apóstol,Burgos,JUEVES,6,2025,63,21.9,32.6,13.6,9.8,31.7,0.0,52.0,69
2025-06-20,H. Santiago Apóstol,Burgos,VIERNES,6,2025,69,22.2,34.5,11.0,5.7,27.8,0.0,48.0,60
2025-06-21,H. Santiago Apóstol,Burgos,SÁBADO,6,2025,60,22.7,35.0,15.0,10.9,42.4,0.0,52.0,44
2025-06-22,H. Santiago Apóstol,Burgos,DOMINGO,6,2025,44,23.6,32.4,15.0,16.3,35.2,11.68,50.0,63
2025-06-23,H. Santiago Apóstol,Burgos,LUNES,6,2025,63,23.4,33.7,14.7,11.3,29.4,0.0,55.0,68
2025-06-24,H. Santiago Apóstol,Burgos,MARTES,6,2025,68,21.7,30.6,16.0,11.9,37.0,0.0,56.0,70
2025-06-25,H. Santiago Apóstol,Burgos,MIÉRCOLES,6,2025,70,19.6,26.5,13.0,15.6,29.4,3.81,59.0,60
2025-06-26,H. Santiago Apóstol,Burgos,JUEVES,6,2025,60,18.4,27.4,11.4,12.6,25.9,0.0,67.0,49
2025-06-27,H. Santiago Apóstol,Burgos,VIERNES,6,2025,49,22.1,32.2,12.0,9.8,24.1,0.0,55.0,47
2025-06-28,H. Santiago Apóstol,Burgos,SÁBADO,6,2025,47,24.4,34.6,15.0,11.1,24.1,0.0,47.0,43
2025-06-29,H. Santiago Apóstol,Burgos,DOMINGO,6,2025,43,23.9,36.8,13.9,10.2,44.6,0.0,47.0,54
2025-06-30,H. Santiago Apóstol,Burgos,LUNES,6,2025,54,24.9,34.9,15.0,8.9,25.9,13.46,42.0,56
2025-07-01,H. Santiago Apóstol,Burgos,MARTES,7,2025,56,24.2,35.5,14.0,7.8,27.8,0.0,45.0,53
2025-07-02,H. Santiago Apóstol,Burgos,MIÉRCOLES,7,2025,53,20.1,26.8,15.0,22.6,42.4,0.0,78.0,48
2025-07-03,H. Santiago Apóstol,Burgos,JUEVES,7,2025,48,17.9,26.6,14.0,24.1,33.5,1.52,79.0,65
2025-07-04,H. Santiago Apóstol,Burgos,VIERNES,7,2025,65,20.8,30.9,13.0,15.0,31.7,1.52,67.0,61
2025-07-05,H. Santiago Apóstol,Burgos,SÁBADO,7,2025,61,21.0,29.2,15.0,20.6,31.7,2.79,63.0,54
2025-07-06,H. Santiago Apóstol,Burgos,DOMINGO,7,2025,54,19.1,27.0,12.0,15.9,29.4,0.0,56.0,49
2025-07-07,H. Santiago Apóstol,Burgos,LUNES,7,2025,49,16.8,23.2,12.0,20.7,38.9,0.0,68.0,74
2025-07-08,H. Santiago Apóstol,Burgos,MARTES,7,2025,74,15.8,24.4,9.0,25.4,33.5,0.0,62.0,58
2025-07-09,H. Santiago Apóstol,Burgos,MIÉRCOLES,7,2025,58,19.1,30.2,10.0,17.8,25.9,0.0,54.0,55
2025-07-10,H. Santiago Apóstol,Burgos,JUEVES,7,2025,55,22.7,33.2,13.0,13.0,25.9,0.0,54.0,44
2025-07-11,H. Santiago Apóstol,Burgos,VIERNES,7,2025,44,22.1,32.8,15.7,11.7,35.2,0.0,55.0,52
2025-07-12,H. Santiago Apóstol,Burgos,SÁBADO,7,2025,52,18.5,26.3,14.0,12.4,27.8,0.0,74.0,35
2025-07-13,H. Santiago Apóstol,Burgos,DOMINGO,7,2025,35,19.9,29.4,13.0,10.2,31.7,1.52,66.0,46
2025-07-14,H. Santiago Apóstol,Burgos,LUNES,7,2025,46,19.8,28.6,15.0,19.1,35.2,0.0,71.0,68
2025-07-15,H. Santiago Apóstol,Burgos,MARTES,7,2025,68,19.3,27.3,14.0,19.4,25.9,0.0,66.0,59
2025-07-16,H. Santiago Apóstol,Burgos,MIÉRCOLES,7,2025,59,23.5,36.2,11.0,9.3,27.8,0.0,41.0,61
2025-07-17,H. Santiago Apóstol,Burgos,JUEVES,7,2025,61,24.4,36.9,15.0,12.4,29.4,0.0,44.0,53
2025-07-18,H. Santiago Apóstol,Burgos,VIERNES,7,2025,53,20.1,27.1,16.0,21.1,35.2,0.0,72.0,44
2025-07-19,H. Santiago Apóstol,Burgos,SÁBADO,7,2025,44,20.1,27.5,14.0,15.4,29.4,0.0,53.0,50
2025-07-20,H. Santiago Apóstol,Burgos,DOMINGO,7,2025,50,18.1,26.1,11.0,23.7,37.0,0.0,53.0,47
2025-07-21,H. Santiago Apóstol,Burgos,LUNES,7,2025,47,16.2,26.2,7.0,7.8,24.1,0.0,56.0,75
2025-07-22,H. Santiago Apóstol,Burgos,MARTES,7,2025,75,19.7,30.6,10.1,12.6,24.1,0.0,49.0,59
2025-07-23,H. Santiago Apóstol,Burgos,MIÉRCOLES,7,2025,59,16.8,23.1,12.0,21.1,31.7,0.0,69.0,68
2025-07-24,H. Santiago Apóstol,Burgos,JUEVES,7,2025,68,14.9,20.8,10.0,21.1,33.5,0.0,67.0,49
2025-07-25,H. Santiago Apóstol,Burgos,VIERNES,7,2025,49,15.0,22.4,9.0,19.8,27.8,0.0,68.0,54
2025-07-26,H. Santiago Apóstol,Burgos,SÁBADO,7,2025,54,16.2,25.2,8.0,17.6,25.9,0.0,66.0,44
2025-07-27,H. Santiago Apóstol,Burgos,DOMINGO,7,2025,44,18.2,27.0,11.0,16.9,25.9,0.0,60.0,41
2025-07-28,H. Santiago Apóstol,Burgos,LUNES,7,2025,41,15.7,21.0,12.0,24.4,35.2,0.0,70.0,56
2025-07-29,H. Santiago Apóstol,Burgos,MARTES,7,2025,56,15.7,21.2,10.0,20.7,31.3,0.0,67.0,57
2025-07-30,H. Santiago Apóstol,Burgos,MIÉRCOLES,7,2025,57,17.1,24.7,10.0,20.9,29.4,0.0,67.0,54
2025-07-31,H. Santiago Apóstol,Burgos,JUEVES,7,2025,54,17.5,26.0,11.0,20.6,27.8,0.0,64.0,43
2025-08-01,H. Santiago Apóstol,Burgos,VIERNES,8,2025,43,16.7,25.5,11.0,22.6,31.7,0.0,66.0,70
2025-08-02,H. Santiago Apóstol,Burgos,SÁBADO,8,2025,70,17.9,26.1,12.0,23.5,33.5,0.0,61.0,58
2025-08-03,H. Santiago Apóstol,Burgos,DOMINGO,8,2025,58,18.7,28.7,11.0,21.7,29.4,0.0,49.0,38
2025-08-04,H. Santiago Apóstol,Burgos,LUNES,8,2025,38,22.7,35.1,9.0,9.1,25.9,0.0,36.0,50
2025-08-05,H. Santiago Apóstol,Burgos,MARTES,8,2025,50,19.6,26.4,14.0,22.8,35.2,0.0,55.0,48
2025-08-06,H. Santiago Apóstol,Burgos,MIÉRCOLES,8,2025,48,20.6,31.9,13.0,14.4,25.9,0.0,61.0,48
2025-08-07,H. Santiago Apóstol,Burgos,JUEVES,8,2025,48,24.7,37.2,12.7,7.4,20.6,0.0,41.0,49
2025-08-08,H. Santiago Apóstol,Burgos,VIERNES,8,2025,49,25.5,38.0,16.0,11.1,24.1,0.0,46.0,47
2025-08-09,H. Santiago Apóstol,Burgos,SÁBADO,8,2025,47,24.5,34.8,16.0,13.5,27.8,0.0,53.0,44
2025-08-10,H. Santiago Apóstol,Burgos,DOMINGO,8,2025,44,25.9,37.8,14.0,12.6,22.2,0.0,40.0,50
2025-08-11,H. Santiago Apóstol,Burgos,LUNES,8,2025,50,28.6,37.6,19.6,11.9,24.1,0.0,29.0,60
2025-08-12,H. Santiago Apóstol,Burgos,MARTES,8,2025,60,24.1,38.5,14.9,11.1,35.2,0.0,44.0,54
2025-08-13,H. Santiago Apóstol,Burgos,MIÉRCOLES,8,2025,54,22.8,34.1,16.9,9.4,37.0,3.05,53.0,53
2025-08-14,H. Santiago Apóstol,Burgos,JUEVES,8,2025,53,23.6,36.7,13.0,8.7,27.8,0.0,48.0,60
2025-08-15,H. Santiago Apóstol,Burgos,VIERNES,8,2025,60,27.0,37.0,19.0,8.9,16.5,0.0,37.0,41
2025-08-16,H. Santiago Apóstol,Burgos,SÁBADO,8,2025,41,26.4,38.0,15.0,5.6,20.6,0.0,30.0,43
2025-08-17,H. Santiago Apóstol,Burgos,DOMINGO,8,2025,43,25.9,37.8,14.7,11.7,31.7,0.0,32.0,46
2025-08-18,H. Santiago Apóstol,Burgos,LUNES,8,2025,46,19.0,23.1,15.8,21.1,33.5,0.0,78.0,63
2025-08-19,H. Santiago Apóstol,Burgos,MARTES,8,2025,63,16.4,22.9,13.0,19.6,27.8,0.0,74.0,53
2025-08-20,H. Santiago Apóstol,Burgos,MIÉRCOLES,8,2025,53,15.6,22.0,10.7,12.8,25.9,0.0,69.0,50
2025-08-21,H. Santiago Apóstol,Burgos,JUEVES,8,2025,50,15.3,22.3,8.7,13.3,27.8,0.0,69.0,54
2025-08-22,H. Santiago Apóstol,Burgos,VIERNES,8,2025,54,15.6,22.1,9.0,16.1,29.4,0.0,65.0,36
2025-08-23,H. Santiago Apóstol,Burgos,SÁBADO,8,2025,36,18.4,30.1,7.7,8.0,14.8,0.0,47.0,36
2025-08-24,H. Santiago Apóstol,Burgos,DOMINGO,8,2025,36,21.3,32.0,9.2,8.9,18.3,0.0,40.0,43
2025-08-25,H. Santiago Apóstol,Burgos,LUNES,8,2025,43,0.0,0.0,0.0,0.0,0.0,0.0,0.0,65
2025-08-26,H. Santiago Apóstol,Burgos,MARTES,8,2025,65,0.0,0.0,0.0,0.0,0.0,0.0,0.0,54
2025-08-27,H. Santiago Apóstol,Burgos,MIÉRCOLES,8,2025,54,0.0,0.0,0.0,0.0,0.0,0.0,0.0,42
2025-08-28,H. Santiago Apóstol,Burgos,JUEVES,8,2025,42,0.0,0.0,0.0,0.0,0.0,0.0,0.0,48
2025-08-29,H. Santiago Apóstol,Burgos,VIERNES,8,2025,48,0.0,0.0,0.0,0.0,0.0,0.0,0.0,58
2025-08-30,H. Santiago Apóstol,Burgos,SÁBADO,8,2025,58,0.0,0.0,0.0,0.0,0.0,0.0,0.0,43
2025-08-31,H. Santiago Apóstol,Burgos,DOMINGO,8,2025,43,0.0,0.0,0.0,0.0,0.0,0.0,0.0,53
2024-01-01,H. Santos Reyes,Burgos,LUNES,1,2024,36,3.3,6.5,1.0,17.0,27.8,1.27,84.0,36
2024-01-02,H. Santos Reyes,Burgos,MARTES,1,2024,36,7.0,10.1,4.0,32.0,42.4,0.0,82.0,35
2024-01-03,H. Santos Reyes,Burgos,MIÉRCOLES,1,2024,35,9.3,11.6,7.0,24.1,33.5,1.52,91.0,37
2024-01-04,H. Santos Reyes,Burgos,JUEVES,1,2024,37,6.8,9.6,5.0,16.7,27.8,1.52,86.0,25
2024-01-05,H. Santos Reyes,Burgos,VIERNES,1,2024,25,3.3,7.0,0.0,7.0,18.3,0.76,88.0,41
2024-01-06,H. Santos Reyes,Burgos,SÁBADO,1,2024,41,1.9,5.9,-1.0,10.2,24.1,5.08,87.0,20
2024-01-07,H. Santos Reyes,Burgos,DOMINGO,1,2024,20,1.7,5.6,-1.0,11.5,24.1,0.25,88.0,30
2024-01-08,H. Santos Reyes,Burgos,LUNES,1,2024,30,-0.4,3.4,-4.2,3.7,9.4,0.25,86.0,31
2024-01-09,H. Santos Reyes,Burgos,MARTES,1,2024,31,1.6,3.5,-1.8,7.6,14.8,0.0,88.0,25
2024-01-10,H. Santos Reyes,Burgos,MIÉRCOLES,1,2024,25,2.4,4.0,0.0,13.9,20.6,0.0,93.0,33
2024-01-11,H. Santos Reyes,Burgos,JUEVES,1,2024,33,0.3,3.0,-2.1,9.1,16.5,2.54,89.0,28
2024-01-12,H. Santos Reyes,Burgos,VIERNES,1,2024,28,1.1,7.3,-2.0,9.3,18.3,0.0,79.0,22
2024-01-13,H. Santos Reyes,Burgos,SÁBADO,1,2024,22,3.9,12.1,-2.3,7.2,22.2,0.0,75.0,25
2024-01-14,H. Santos Reyes,Burgos,DOMINGO,1,2024,25,7.7,10.0,6.0,17.6,33.5,0.51,95.0,25
2024-01-15,H. Santos Reyes,Burgos,LUNES,1,2024,25,9.9,12.0,8.0,15.6,24.1,7.62,97.0,28
2024-01-16,H. Santos Reyes,Burgos,MARTES,1,2024,28,10.4,12.3,8.0,23.7,42.4,4.57,90.0,32
2024-01-17,H. Santos Reyes,Burgos,MIÉRCOLES,1,2024,32,9.4,11.0,8.0,40.7,50.0,6.1,84.0,28
2024-01-18,H. Santos Reyes,Burgos,JUEVES,1,2024,28,7.4,11.0,2.8,34.6,51.9,3.3,82.0,21
2024-01-19,H. Santos Reyes,Burgos,VIERNES,1,2024,21,0.1,2.5,-5.0,26.9,44.6,0.51,69.0,26
2024-01-20,H. Santos Reyes,Burgos,SÁBADO,1,2024,26,-2.3,5.4,-7.2,10.2,16.5,0.0,75.0,18
2024-01-21,H. Santos Reyes,Burgos,DOMINGO,1,2024,18,0.9,7.7,-6.0,13.9,27.8,0.0,83.0,35
2024-01-22,H. Santos Reyes,Burgos,LUNES,1,2024,35,7.5,10.0,4.0,22.0,31.7,0.0,81.0,40
2024-01-23,H. Santos Reyes,Burgos,MARTES,1,2024,40,8.7,10.0,8.0,13.5,20.6,0.25,97.0,31
2024-01-24,H. Santos Reyes,Burgos,MIÉRCOLES,1,2024,31,7.4,14.0,3.0,8.5,14.8,0.0,95.0,33
2024-01-25,H. Santos Reyes,Burgos,JUEVES,1,2024,33,5.7,15.4,0.0,4.6,16.5,0.0,86.0,32
2024-01-26,H. Santos Reyes,Burgos,VIERNES,1,2024,32,6.1,16.2,-1.9,6.1,22.2,0.25,73.0,19
2024-01-27,H. Santos Reyes,Burgos,SÁBADO,1,2024,19,6.5,20.0,-0.6,4.3,13.0,0.0,75.0,26
2024-01-28,H. Santos Reyes,Burgos,DOMINGO,1,2024,26,6.3,17.9,-0.1,7.8,20.6,0.0,78.0,32
2024-01-29,H. Santos Reyes,Burgos,LUNES,1,2024,32,4.7,10.9,1.0,12.2,22.2,0.0,95.0,36
2024-01-30,H. Santos Reyes,Burgos,MARTES,1,2024,36,5.1,10.2,2.0,11.1,20.6,0.0,97.0,39
2024-01-31,H. Santos Reyes,Burgos,MIÉRCOLES,1,2024,39,6.6,15.6,1.9,8.9,18.3,0.0,77.0,33
2024-02-01,H. Santos Reyes,Burgos,JUEVES,2,2024,33,6.2,14.7,-0.5,10.2,22.2,0.0,73.0,36
2024-02-02,H. Santos Reyes,Burgos,VIERNES,2,2024,36,6.6,10.0,3.0,18.9,38.9,0.0,88.0,27
2024-02-03,H. Santos Reyes,Burgos,SÁBADO,2,2024,27,5.8,16.3,-2.2,3.7,9.4,0.0,77.0,21
2024-02-04,H. Santos Reyes,Burgos,DOMINGO,2,2024,21,5.8,16.5,-2.0,3.3,9.4,0.0,72.0,22
2024-02-05,H. Santos Reyes,Burgos,LUNES,2,2024,22,5.1,14.3,-2.3,3.1,11.1,0.0,77.0,31
2024-02-06,H. Santos Reyes,Burgos,MARTES,2,2024,31,5.5,13.6,0.0,5.2,14.8,0.0,85.0,35
2024-02-07,H. Santos Reyes,Burgos,MIÉRCOLES,2,2024,35,6.0,9.5,1.0,19.4,31.7,0.0,88.0,32
2024-02-08,H. Santos Reyes,Burgos,JUEVES,2,2024,32,8.6,11.0,7.0,42.2,61.1,0.0,71.0,29
2024-02-09,H. Santos Reyes,Burgos,VIERNES,2,2024,29,8.1,10.2,6.0,26.5,40.7,4.06,91.0,27
2024-02-10,H. Santos Reyes,Burgos,SÁBADO,2,2024,27,4.2,7.8,1.0,20.2,38.9,16.76,82.0,26
2024-02-11,H. Santos Reyes,Burgos,DOMINGO,2,2024,26,3.1,7.0,0.0,21.1,27.8,0.76,87.0,18
2024-02-12,H. Santos Reyes,Burgos,LUNES,2,2024,18,7.6,12.9,4.6,14.6,31.7,1.52,83.0,37
2024-02-13,H. Santos Reyes,Burgos,MARTES,2,2024,37,9.2,13.4,4.6,18.0,27.8,0.0,88.0,30
2024-02-14,H. Santos Reyes,Burgos,MIÉRCOLES,2,2024,30,11.2,17.2,8.0,10.9,22.2,0.0,87.0,24
2024-02-15,H. Santos Reyes,Burgos,JUEVES,2,2024,24,10.8,17.6,6.0,20.6,50.0,0.0,79.0,36
2024-02-16,H. Santos Reyes,Burgos,VIERNES,2,2024,36,7.6,12.1,3.0,7.2,18.3,12.7,85.0,39
2024-02-17,H. Santos Reyes,Burgos,SÁBADO,2,2024,39,4.9,12.6,-1.6,9.1,22.2,0.51,77.0,22
2024-02-18,H. Santos Reyes,Burgos,DOMINGO,2,2024,22,6.6,16.8,-1.5,6.3,13.0,0.25,73.0,29
2024-02-19,H. Santos Reyes,Burgos,LUNES,2,2024,29,9.0,13.9,3.0,14.8,31.7,0.0,77.0,32
2024-02-20,H. Santos Reyes,Burgos,MARTES,2,2024,32,6.9,17.6,-1.5,5.4,22.2,0.0,53.0,22
2024-02-21,H. Santos Reyes,Burgos,MIÉRCOLES,2,2024,22,7.1,13.0,-1.0,13.9,29.4,0.0,67.0,25
2024-02-22,H. Santos Reyes,Burgos,JUEVES,2,2024,25,7.7,11.3,1.0,30.0,50.0,0.0,84.0,34
2024-02-23,H. Santos Reyes,Burgos,VIERNES,2,2024,34,2.8,7.7,0.0,26.5,46.5,3.05,77.0,30
2024-02-24,H. Santos Reyes,Burgos,SÁBADO,2,2024,30,3.6,8.0,0.0,24.3,37.0,0.0,75.0,21
2024-02-25,H. Santos Reyes,Burgos,DOMINGO,2,2024,21,7.3,10.0,3.7,39.6,51.9,6.1,90.0,23
2024-02-26,H. Santos Reyes,Burgos,LUNES,2,2024,23,3.4,6.3,0.6,19.6,33.5,3.3,88.0,40
2024-02-27,H. Santos Reyes,Burgos,MARTES,2,2024,40,2.4,6.0,0.6,30.2,46.5,6.86,82.0,28
2024-02-28,H. Santos Reyes,Burgos,MIÉRCOLES,2,2024,28,4.6,9.6,1.9,17.0,29.4,0.51,86.0,30
2024-02-29,H. Santos Reyes,Burgos,JUEVES,2,2024,30,2.3,7.0,-1.7,10.9,38.9,0.25,92.0,22
2024-03-01,H. Santos Reyes,Burgos,VIERNES,3,2024,22,2.6,7.2,-2.2,24.6,40.7,2.29,84.0,26
2024-03-02,H. Santos Reyes,Burgos,SÁBADO,3,2024,26,3.0,6.0,-2.1,28.5,53.5,1.02,93.0,28
2024-03-03,H. Santos Reyes,Burgos,DOMINGO,3,2024,28,0.6,6.0,-4.4,9.4,24.1,10.92,85.0,21
2024-03-04,H. Santos Reyes,Burgos,LUNES,3,2024,21,5.5,10.5,-0.8,21.7,35.2,3.81,86.0,47
2024-03-05,H. Santos Reyes,Burgos,MARTES,3,2024,47,3.9,9.6,0.9,13.1,20.6,1.02,77.0,31
2024-03-06,H. Santos Reyes,Burgos,MIÉRCOLES,3,2024,31,6.3,12.4,-1.0,10.6,18.3,0.0,63.0,34
2024-03-07,H. Santos Reyes,Burgos,JUEVES,3,2024,34,6.2,12.0,1.7,22.8,42.4,0.25,68.0,35
2024-03-08,H. Santos Reyes,Burgos,VIERNES,3,2024,35,3.8,8.8,1.0,29.6,50.0,8.89,84.0,33
2024-03-09,H. Santos Reyes,Burgos,SÁBADO,3,2024,33,3.2,7.8,1.0,29.4,50.0,9.65,85.0,29
2024-03-10,H. Santos Reyes,Burgos,DOMINGO,3,2024,29,5.3,11.1,1.7,25.2,37.0,4.32,78.0,39
2024-03-11,H. Santos Reyes,Burgos,LUNES,3,2024,39,5.4,11.8,2.0,15.2,29.4,0.25,76.0,30
2024-03-12,H. Santos Reyes,Burgos,MARTES,3,2024,30,5.9,15.0,-1.0,3.9,7.6,0.0,70.0,35
2024-03-13,H. Santos Reyes,Burgos,MIÉRCOLES,3,2024,35,7.6,18.6,-2.7,5.6,18.3,0.0,59.0,36
2024-03-14,H. Santos Reyes,Burgos,JUEVES,3,2024,36,8.6,15.3,3.0,15.4,35.2,0.0,74.0,20
2024-03-15,H. Santos Reyes,Burgos,VIERNES,3,2024,20,9.7,15.0,6.1,13.1,20.6,2.03,87.0,23
2024-03-16,H. Santos Reyes,Burgos,SÁBADO,3,2024,23,9.5,16.5,4.1,10.9,24.1,0.51,83.0,25
2024-03-17,H. Santos Reyes,Burgos,DOMINGO,3,2024,25,11.6,18.0,6.0,10.9,20.6,0.0,80.0,28
2024-03-18,H. Santos Reyes,Burgos,LUNES,3,2024,28,11.3,20.5,3.6,5.9,18.3,0.0,74.0,43
2024-03-19,H. Santos Reyes,Burgos,MARTES,3,2024,43,12.3,21.9,3.5,6.3,16.5,0.0,65.0,34
2024-03-20,H. Santos Reyes,Burgos,MIÉRCOLES,3,2024,34,13.0,22.3,6.6,11.1,27.8,0.0,70.0,26
2024-03-21,H. Santos Reyes,Burgos,JUEVES,3,2024,26,12.6,19.2,7.9,18.5,35.2,0.0,76.0,37
2024-03-22,H. Santos Reyes,Burgos,VIERNES,3,2024,37,13.7,24.6,4.2,8.1,27.8,0.0,67.0,22
2024-03-23,H. Santos Reyes,Burgos,SÁBADO,3,2024,22,9.6,14.1,3.0,25.6,35.2,0.0,79.0,39
2024-03-24,H. Santos Reyes,Burgos,DOMINGO,3,2024,39,6.3,13.4,2.0,23.2,37.0,0.0,75.0,27
2024-03-25,H. Santos Reyes,Burgos,LUNES,3,2024,27,7.3,16.0,2.0,13.0,33.5,0.0,74.0,40
2024-03-26,H. Santos Reyes,Burgos,MARTES,3,2024,40,3.7,7.1,1.0,20.7,33.5,0.0,68.0,30
2024-03-27,H. Santos Reyes,Burgos,MIÉRCOLES,3,2024,30,6.3,12.3,1.0,39.6,64.8,0.76,74.0,30
2024-03-28,H. Santos Reyes,Burgos,JUEVES,3,2024,30,0.0,0.0,0.0,0.0,0.0,0.0,0.0,43
2024-03-29,H. Santos Reyes,Burgos,VIERNES,3,2024,43,0.0,0.0,0.0,0.0,0.0,0.0,0.0,31
2024-03-30,H. Santos Reyes,Burgos,SÁBADO,3,2024,31,0.0,0.0,0.0,0.0,0.0,0.0,0.0,29
2024-03-31,H. Santos Reyes,Burgos,DOMINGO,3,2024,29,0.0,0.0,0.0,0.0,0.0,0.0,0.0,23
2024-04-01,H. Santos Reyes,Burgos,LUNES,4,2024,23,5.3,9.9,3.0,27.8,44.6,1.02,76.0,35
2024-04-02,H. Santos Reyes,Burgos,MARTES,4,2024,35,5.2,8.3,2.0,25.7,37.0,0.0,88.0,36
2024-04-03,H. Santos Reyes,Burgos,MIÉRCOLES,4,2024,36,9.7,15.0,7.0,21.9,31.7,4.83,79.0,29
2024-04-04,H. Santos Reyes,Burgos,JUEVES,4,2024,29,11.4,18.0,5.0,16.3,25.9,0.0,67.0,23
2024-04-05,H. Santos Reyes,Burgos,VIERNES,4,2024,23,15.0,22.6,7.8,23.0,40.7,0.0,43.0,38
2024-04-06,H. Santos Reyes,Burgos,SÁBADO,4,2024,38,16.5,20.2,12.0,28.3,46.5,0.0,45.0,25
2024-04-07,H. Santos Reyes,Burgos,DOMINGO,4,2024,25,11.6,16.5,8.0,11.1,35.2,0.0,77.0,31
2024-04-08,H. Santos Reyes,Burgos,LUNES,4,2024,31,8.1,14.0,2.7,20.2,50.0,4.32,85.0,24
2024-04-09,H. Santos Reyes,Burgos,MARTES,4,2024,24,4.9,12.0,-1.0,8.1,16.5,6.35,73.0,39
2024-04-10,H. Santos Reyes,Burgos,MIÉRCOLES,4,2024,39,7.4,15.8,-0.2,9.3,22.2,0.0,70.0,23
2024-04-11,H. Santos Reyes,Burgos,JUEVES,4,2024,23,11.0,19.6,3.0,11.3,22.2,0.0,65.0,22
2024-04-12,H. Santos Reyes,Burgos,VIERNES,4,2024,22,14.3,24.7,3.2,6.5,20.6,0.0,55.0,32
2024-04-13,H. Santos Reyes,Burgos,SÁBADO,4,2024,32,15.3,26.3,4.2,5.0,16.5,0.0,51.0,27
2024-04-14,H. Santos Reyes,Burgos,DOMINGO,4,2024,27,16.2,25.7,6.0,8.7,18.3,0.0,56.0,21
2024-04-15,H. Santos Reyes,Burgos,LUNES,4,2024,21,11.4,17.2,5.0,19.1,29.4,0.51,79.0,36
2024-04-16,H. Santos Reyes,Burgos,MARTES,4,2024,36,7.7,13.6,4.0,18.7,31.7,0.0,75.0,30
2024-04-17,H. Santos Reyes,Burgos,MIÉRCOLES,4,2024,30,7.4,13.4,4.0,21.3,29.4,0.0,72.0,31
2024-04-18,H. Santos Reyes,Burgos,JUEVES,4,2024,31,6.6,12.5,2.0,21.3,31.7,0.0,71.0,32
2024-04-19,H. Santos Reyes,Burgos,VIERNES,4,2024,32,7.9,19.8,-3.0,8.3,22.2,0.0,56.0,28
2024-04-20,H. Santos Reyes,Burgos,SÁBADO,4,2024,28,9.4,17.6,2.8,21.1,33.5,0.0,57.0,32
2024-04-21,H. Santos Reyes,Burgos,DOMINGO,4,2024,32,7.5,16.1,1.0,25.2,35.2,0.0,58.0,27
2024-04-22,H. Santos Reyes,Burgos,LUNES,4,2024,27,5.1,10.1,0.0,25.7,37.0,0.0,57.0,36
2024-04-23,H. Santos Reyes,Burgos,MARTES,4,2024,36,3.6,9.9,-2.3,16.1,33.5,0.0,76.0,16
2024-04-24,H. Santos Reyes,Burgos,MIÉRCOLES,4,2024,16,5.1,13.6,-3.6,8.7,20.6,0.25,67.0,35
2024-04-25,H. Santos Reyes,Burgos,JUEVES,4,2024,35,6.9,12.4,2.0,8.9,16.5,0.0,75.0,27
2024-04-26,H. Santos Reyes,Burgos,VIERNES,4,2024,27,7.8,13.3,2.0,10.6,24.1,2.54,76.0,24
2024-04-27,H. Santos Reyes,Burgos,SÁBADO,4,2024,24,6.3,9.9,1.0,18.9,35.2,1.52,85.0,33
2024-04-28,H. Santos Reyes,Burgos,DOMINGO,4,2024,33,6.2,13.9,-1.0,9.4,25.9,4.57,75.0,29
2024-04-29,H. Santos Reyes,Burgos,LUNES,4,2024,29,7.9,15.2,2.0,13.0,20.6,1.02,74.0,27
2024-04-30,H. Santos Reyes,Burgos,MARTES,4,2024,27,8.2,15.6,-0.1,15.9,29.4,0.0,74.0,24
2024-05-01,H. Santos Reyes,Burgos,MIÉRCOLES,5,2024,24,0.0,0.0,0.0,0.0,0.0,0.0,0.0,19
2024-05-02,H. Santos Reyes,Burgos,JUEVES,5,2024,19,5.2,11.0,-1.0,15.9,27.8,0.0,80.0,33
2024-05-03,H. Santos Reyes,Burgos,VIERNES,5,2024,33,8.3,13.0,3.0,23.0,29.4,2.79,73.0,36
2024-05-04,H. Santos Reyes,Burgos,SÁBADO,5,2024,36,12.4,19.3,8.8,25.9,38.9,0.0,69.0,34
2024-05-05,H. Santos Reyes,Burgos,DOMINGO,5,2024,34,11.6,17.2,9.0,19.8,38.9,0.51,88.0,14
2024-05-06,H. Santos Reyes,Burgos,LUNES,5,2024,14,9.9,15.7,6.0,9.8,22.2,10.92,76.0,34
2024-05-07,H. Santos Reyes,Burgos,MARTES,5,2024,34,7.8,15.5,2.9,12.4,22.2,0.0,76.0,21
2024-05-08,H. Santos Reyes,Burgos,MIÉRCOLES,5,2024,21,10.6,17.5,2.9,16.5,27.8,0.0,71.0,29
2024-05-09,H. Santos Reyes,Burgos,JUEVES,5,2024,29,13.9,24.0,3.8,5.7,13.0,0.0,58.0,36
2024-05-10,H. Santos Reyes,Burgos,VIERNES,5,2024,36,15.8,26.6,5.7,6.5,18.3,0.0,54.0,34
2024-05-11,H. Santos Reyes,Burgos,SÁBADO,5,2024,34,14.5,22.6,8.4,10.6,22.2,0.0,70.0,22
2024-05-12,H. Santos Reyes,Burgos,DOMINGO,5,2024,22,14.3,24.0,6.0,7.8,20.6,0.51,66.0,32
2024-05-13,H. Santos Reyes,Burgos,LUNES,5,2024,32,13.3,22.9,5.8,15.2,31.7,0.0,75.0,28
2024-05-14,H. Santos Reyes,Burgos,MARTES,5,2024,28,8.9,15.4,5.0,13.5,31.7,15.24,85.0,32
2024-05-15,H. Santos Reyes,Burgos,MIÉRCOLES,5,2024,32,7.5,14.5,3.0,16.9,38.9,2.54,76.0,42
2024-05-16,H. Santos Reyes,Burgos,JUEVES,5,2024,42,7.6,10.6,5.0,17.2,25.9,1.52,80.0,26
2024-05-17,H. Santos Reyes,Burgos,VIERNES,5,2024,26,9.2,15.6,5.0,10.6,27.8,0.51,83.0,23
2024-05-18,H. Santos Reyes,Burgos,SÁBADO,5,2024,23,8.4,15.7,2.8,8.5,25.9,1.02,82.0,31
2024-05-19,H. Santos Reyes,Burgos,DOMINGO,5,2024,31,8.5,15.9,4.0,5.7,20.6,0.51,86.0,30
2024-05-20,H. Santos Reyes,Burgos,LUNES,5,2024,30,9.7,16.3,5.0,8.1,20.6,3.81,80.0,28
2024-05-21,H. Santos Reyes,Burgos,MARTES,5,2024,28,8.8,16.7,2.7,7.6,25.9,0.76,84.0,41
2024-05-22,H. Santos Reyes,Burgos,MIÉRCOLES,5,2024,41,9.3,17.1,5.0,13.0,27.8,14.99,81.0,38
2024-05-23,H. Santos Reyes,Burgos,JUEVES,5,2024,38,9.7,15.9,3.0,11.1,20.6,0.76,73.0,38
2024-05-24,H. Santos Reyes,Burgos,VIERNES,5,2024,38,12.2,21.0,4.0,8.7,22.2,0.0,65.0,26
2024-05-25,H. Santos Reyes,Burgos,SÁBADO,5,2024,26,15.0,23.3,5.0,12.2,24.1,0.0,55.0,23
2024-05-26,H. Santos Reyes,Burgos,DOMINGO,5,2024,23,12.9,21.8,5.6,11.7,29.4,0.0,76.0,21
2024-05-27,H. Santos Reyes,Burgos,LUNES,5,2024,21,11.4,17.4,7.0,20.9,27.8,0.0,80.0,33
2024-05-28,H. Santos Reyes,Burgos,MARTES,5,2024,33,14.6,25.6,4.0,9.8,18.3,0.0,59.0,24
2024-05-29,H. Santos Reyes,Burgos,MIÉRCOLES,5,2024,24,16.8,26.5,6.9,9.1,24.1,0.0,58.0,31
2024-05-30,H. Santos Reyes,Burgos,JUEVES,5,2024,31,14.3,22.1,7.9,17.2,31.7,0.0,77.0,28
2024-05-31,H. Santos Reyes,Burgos,VIERNES,5,2024,28,10.5,16.6,6.0,23.5,35.2,0.0,69.0,35
2024-06-01,H. Santos Reyes,Burgos,SÁBADO,6,2024,35,10.4,17.0,5.0,22.4,35.2,0.0,74.0,20
2024-06-02,H. Santos Reyes,Burgos,DOMINGO,6,2024,20,11.6,18.5,5.9,19.8,31.7,0.0,76.0,22
2024-06-03,H. Santos Reyes,Burgos,LUNES,6,2024,22,13.6,20.3,8.7,21.9,29.4,0.0,73.0,36
2024-06-04,H. Santos Reyes,Burgos,MARTES,6,2024,36,16.8,26.9,7.3,8.0,20.6,0.0,56.0,37
2024-06-05,H. Santos Reyes,Burgos,MIÉRCOLES,6,2024,37,18.8,29.3,8.9,8.7,24.1,0.0,51.0,42
2024-06-06,H. Santos Reyes,Burgos,JUEVES,6,2024,42,20.3,31.1,10.5,9.3,25.9,0.0,58.0,34
2024-06-07,H. Santos Reyes,Burgos,VIERNES,6,2024,34,19.2,27.6,13.0,18.0,35.2,0.25,68.0,35
2024-06-08,H. Santos Reyes,Burgos,SÁBADO,6,2024,35,16.7,26.2,13.0,13.7,27.8,5.08,81.0,33
2024-06-09,H. Santos Reyes,Burgos,DOMINGO,6,2024,33,12.0,16.7,8.0,18.0,29.4,13.72,87.0,28
2024-06-10,H. Santos Reyes,Burgos,LUNES,6,2024,28,11.3,17.3,6.0,20.7,31.7,0.0,72.0,35
2024-06-11,H. Santos Reyes,Burgos,MARTES,6,2024,35,10.7,17.7,4.0,16.7,27.8,0.0,75.0,26
2024-06-12,H. Santos Reyes,Burgos,MIÉRCOLES,6,2024,26,11.4,17.4,6.0,19.3,27.8,0.0,65.0,35
2024-06-13,H. Santos Reyes,Burgos,JUEVES,6,2024,35,14.3,24.5,1.9,11.3,24.1,0.0,53.0,35
2024-06-14,H. Santos Reyes,Burgos,VIERNES,6,2024,35,17.9,24.5,11.0,21.3,37.0,0.0,59.0,34
2024-06-15,H. Santos Reyes,Burgos,SÁBADO,6,2024,34,14.6,22.8,8.9,10.0,20.6,0.0,54.0,31
2024-06-16,H. Santos Reyes,Burgos,DOMINGO,6,2024,31,16.0,26.0,5.6,13.3,27.8,0.0,54.0,28
2024-06-17,H. Santos Reyes,Burgos,LUNES,6,2024,28,18.1,27.4,9.5,15.4,33.5,0.0,51.0,33
2024-06-18,H. Santos Reyes,Burgos,MARTES,6,2024,33,15.4,22.1,10.9,10.9,25.9,0.0,71.0,25
2024-06-19,H. Santos Reyes,Burgos,MIÉRCOLES,6,2024,25,14.2,21.7,8.0,9.1,24.1,7.11,69.0,23
2024-06-20,H. Santos Reyes,Burgos,JUEVES,6,2024,23,12.5,18.7,10.0,9.3,20.6,0.51,84.0,33
2024-06-21,H. Santos Reyes,Burgos,VIERNES,6,2024,33,14.9,22.9,7.0,5.7,16.5,5.08,66.0,35
2024-06-22,H. Santos Reyes,Burgos,SÁBADO,6,2024,35,14.3,19.6,9.0,9.4,20.6,0.0,74.0,22
2024-06-23,H. Santos Reyes,Burgos,DOMINGO,6,2024,22,16.1,22.8,12.8,13.7,24.1,0.0,78.0,36
2024-06-24,H. Santos Reyes,Burgos,LUNES,6,2024,36,17.8,25.3,12.0,16.9,24.1,0.0,64.0,41
2024-06-25,H. Santos Reyes,Burgos,MARTES,6,2024,41,19.1,30.8,8.8,5.9,38.9,0.0,63.0,30
2024-06-26,H. Santos Reyes,Burgos,MIÉRCOLES,6,2024,30,20.2,29.8,15.0,14.6,38.9,5.84,75.0,32
2024-06-27,H. Santos Reyes,Burgos,JUEVES,6,2024,32,20.0,27.9,14.0,16.1,31.3,38.86,78.0,30
2024-06-28,H. Santos Reyes,Burgos,VIERNES,6,2024,30,18.8,26.2,15.0,24.8,33.5,0.0,77.0,30
2024-06-29,H. Santos Reyes,Burgos,SÁBADO,6,2024,30,15.4,19.4,14.0,8.9,18.3,0.25,87.0,28
2024-06-30,H. Santos Reyes,Burgos,DOMINGO,6,2024,28,16.0,20.7,11.9,11.3,22.2,2.03,83.0,36
2024-07-01,H. Santos Reyes,Burgos,LUNES,7,2024,36,14.7,20.2,9.0,18.9,27.8,0.51,74.0,33
2024-07-02,H. Santos Reyes,Burgos,MARTES,7,2024,33,16.1,23.5,10.8,14.8,24.1,0.0,66.0,27
2024-07-03,H. Santos Reyes,Burgos,MIÉRCOLES,7,2024,27,17.2,29.0,5.9,8.7,27.8,0.0,53.0,42
2024-07-04,H. Santos Reyes,Burgos,JUEVES,7,2024,42,19.0,28.2,9.6,14.8,24.1,0.0,54.0,20
2024-07-05,H. Santos Reyes,Burgos,VIERNES,7,2024,20,21.1,34.2,13.0,13.1,31.7,0.0,57.0,30
2024-07-06,H. Santos Reyes,Burgos,SÁBADO,7,2024,30,14.3,19.3,10.0,21.3,31.7,3.3,87.0,37
2024-07-07,H. Santos Reyes,Burgos,DOMINGO,7,2024,37,14.9,23.7,8.8,15.6,25.9,0.0,71.0,31
2024-07-08,H. Santos Reyes,Burgos,LUNES,7,2024,31,19.8,29.4,9.0,11.5,25.9,0.0,46.0,36
2024-07-09,H. Santos Reyes,Burgos,MARTES,7,2024,36,19.1,27.2,12.0,12.4,29.4,0.0,53.0,38
2024-07-10,H. Santos Reyes,Burgos,MIÉRCOLES,7,2024,38,20.6,29.2,13.0,10.9,24.1,0.0,62.0,30
2024-07-11,H. Santos Reyes,Burgos,JUEVES,7,2024,30,21.1,31.1,13.5,14.1,31.7,0.0,58.0,35
2024-07-12,H. Santos Reyes,Burgos,VIERNES,7,2024,35,16.2,22.5,11.6,19.6,31.7,0.0,72.0,38
2024-07-13,H. Santos Reyes,Burgos,SÁBADO,7,2024,38,17.1,26.5,10.0,17.6,25.9,0.0,65.0,26
2024-07-14,H. Santos Reyes,Burgos,DOMINGO,7,2024,26,20.7,29.8,11.0,11.9,25.9,0.0,40.0,32
2024-07-15,H. Santos Reyes,Burgos,LUNES,7,2024,32,18.4,26.6,12.0,19.1,37.0,0.0,60.0,38
2024-07-16,H. Santos Reyes,Burgos,MARTES,7,2024,38,16.8,27.9,8.6,9.3,31.3,4.32,63.0,31
2024-07-17,H. Santos Reyes,Burgos,MIÉRCOLES,7,2024,31,20.6,32.6,11.9,11.5,18.3,0.0,52.0,31
2024-07-18,H. Santos Reyes,Burgos,JUEVES,7,2024,31,22.8,34.0,10.8,11.3,29.4,0.0,41.0,38
2024-07-19,H. Santos Reyes,Burgos,VIERNES,7,2024,38,23.8,34.8,13.0,13.5,27.8,0.0,43.0,27
2024-07-20,H. Santos Reyes,Burgos,SÁBADO,7,2024,27,22.1,30.6,12.6,15.6,31.7,0.0,54.0,27
2024-07-21,H. Santos Reyes,Burgos,DOMINGO,7,2024,27,15.4,23.2,9.7,17.4,29.4,0.0,60.0,29
2024-07-22,H. Santos Reyes,Burgos,LUNES,7,2024,29,18.2,29.6,8.0,16.1,25.9,0.0,53.0,40
2024-07-23,H. Santos Reyes,Burgos,MARTES,7,2024,40,22.6,34.4,13.0,12.2,25.9,0.0,49.0,35
2024-07-24,H. Santos Reyes,Burgos,MIÉRCOLES,7,2024,35,22.7,35.1,14.0,14.8,29.4,0.0,51.0,34
2024-07-25,H. Santos Reyes,Burgos,JUEVES,7,2024,34,20.4,31.2,14.0,23.3,31.7,0.0,61.0,36
2024-07-26,H. Santos Reyes,Burgos,VIERNES,7,2024,36,20.5,32.9,12.0,17.6,27.8,0.0,62.0,31
2024-07-27,H. Santos Reyes,Burgos,SÁBADO,7,2024,31,21.1,34.2,13.0,16.1,33.5,0.0,63.0,31
2024-07-28,H. Santos Reyes,Burgos,DOMINGO,7,2024,31,24.1,37.0,16.0,17.0,27.8,0.0,47.0,25
2024-07-29,H. Santos Reyes,Burgos,LUNES,7,2024,25,23.7,35.8,15.9,8.9,66.5,0.0,48.0,45
2024-07-30,H. Santos Reyes,Burgos,MARTES,7,2024,45,24.1,34.8,17.0,7.8,22.2,13.72,54.0,34
2024-07-31,H. Santos Reyes,Burgos,MIÉRCOLES,7,2024,34,23.7,34.5,14.0,8.7,24.1,0.25,45.0,33
2024-08-01,H. Santos Reyes,Burgos,JUEVES,8,2024,33,21.4,32.5,16.0,17.0,35.2,0.0,62.0,33
2024-08-02,H. Santos Reyes,Burgos,VIERNES,8,2024,33,17.2,24.1,14.0,24.3,33.5,0.0,77.0,35
2024-08-03,H. Santos Reyes,Burgos,SÁBADO,8,2024,35,19.7,29.1,13.0,15.9,25.9,0.0,55.0,22
2024-08-04,H. Santos Reyes,Burgos,DOMINGO,8,2024,22,21.9,34.0,12.0,9.4,25.9,0.0,45.0,31
2024-08-05,H. Santos Reyes,Burgos,LUNES,8,2024,31,23.2,35.5,13.2,11.1,25.9,0.0,48.0,30
2024-08-06,H. Santos Reyes,Burgos,MARTES,8,2024,30,21.1,31.9,15.0,17.6,31.3,0.0,63.0,26
2024-08-07,H. Santos Reyes,Burgos,MIÉRCOLES,8,2024,26,20.3,29.1,14.0,21.7,31.7,0.0,67.0,29
2024-08-08,H. Santos Reyes,Burgos,JUEVES,8,2024,29,21.3,33.1,15.0,18.3,25.9,0.0,66.0,34
2024-08-09,H. Santos Reyes,Burgos,VIERNES,8,2024,34,22.4,34.9,15.0,18.7,27.8,0.0,61.0,29
2024-08-10,H. Santos Reyes,Burgos,SÁBADO,8,2024,29,25.4,37.1,16.0,10.9,22.2,0.0,45.0,33
2024-08-11,H. Santos Reyes,Burgos,DOMINGO,8,2024,33,27.3,37.2,18.0,12.0,29.4,0.0,29.0,31
2024-08-12,H. Santos Reyes,Burgos,LUNES,8,2024,31,0.0,0.0,0.0,0.0,0.0,0.0,0.0,46
2024-08-13,H. Santos Reyes,Burgos,MARTES,8,2024,46,18.9,27.0,14.0,11.3,22.2,4.57,73.0,32
2024-08-14,H. Santos Reyes,Burgos,MIÉRCOLES,8,2024,32,16.8,23.5,10.0,16.1,29.4,0.0,70.0,31
2024-08-15,H. Santos Reyes,Burgos,JUEVES,8,2024,31,15.4,24.8,8.0,17.2,29.4,0.0,60.0,20
2024-08-16,H. Santos Reyes,Burgos,VIERNES,8,2024,20,18.7,29.7,6.9,11.9,20.6,0.0,41.0,35
2024-08-17,H. Santos Reyes,Burgos,SÁBADO,8,2024,35,20.8,31.5,11.1,10.9,31.7,0.0,47.0,39
2024-08-18,H. Santos Reyes,Burgos,DOMINGO,8,2024,39,19.2,27.7,12.0,13.5,25.9,0.0,71.0,28
2024-08-19,H. Santos Reyes,Burgos,LUNES,8,2024,28,18.1,30.5,9.0,12.0,22.2,0.0,48.0,36
2024-08-20,H. Santos Reyes,Burgos,MARTES,8,2024,36,21.8,29.5,12.0,17.2,33.5,0.0,41.0,25
2024-08-21,H. Santos Reyes,Burgos,MIÉRCOLES,8,2024,25,19.3,28.0,13.0,19.6,27.8,0.0,64.0,32
2024-08-22,H. Santos Reyes,Burgos,JUEVES,8,2024,32,21.3,34.0,10.0,9.3,24.1,0.0,49.0,36
2024-08-23,H. Santos Reyes,Burgos,VIERNES,8,2024,36,21.7,33.0,10.6,7.8,22.2,0.0,40.0,38
2024-08-24,H. Santos Reyes,Burgos,SÁBADO,8,2024,38,21.7,32.8,14.0,18.1,35.2,0.0,46.0,37
2024-08-25,H. Santos Reyes,Burgos,DOMINGO,8,2024,37,14.9,20.0,11.0,27.6,37.0,0.0,75.0,28
2024-08-26,H. Santos Reyes,Burgos,LUNES,8,2024,28,16.3,26.2,9.9,16.9,27.8,0.0,64.0,27
2024-08-27,H. Santos Reyes,Burgos,MARTES,8,2024,27,20.4,32.5,7.9,6.1,20.6,0.0,44.0,34
2024-08-28,H. Santos Reyes,Burgos,MIÉRCOLES,8,2024,34,22.3,33.3,11.0,11.1,25.9,0.0,45.0,31
2024-08-29,H. Santos Reyes,Burgos,JUEVES,8,2024,31,18.3,27.5,15.0,13.7,33.5,3.05,83.0,26
2024-08-30,H. Santos Reyes,Burgos,VIERNES,8,2024,26,18.2,25.4,14.0,14.3,37.0,1.02,85.0,27
2024-08-31,H. Santos Reyes,Burgos,SÁBADO,8,2024,27,18.0,29.0,14.0,8.9,50.0,36.07,81.0,35
2024-09-01,H. Santos Reyes,Burgos,DOMINGO,9,2024,35,19.3,26.0,14.0,12.0,20.6,0.0,76.0,25
2024-09-02,H. Santos Reyes,Burgos,LUNES,9,2024,25,17.9,25.1,14.0,15.7,29.4,0.0,83.0,23
2024-09-03,H. Santos Reyes,Burgos,MARTES,9,2024,23,13.9,16.9,12.0,22.8,33.5,0.0,90.0,19
2024-09-04,H. Santos Reyes,Burgos,MIÉRCOLES,9,2024,19,14.1,19.1,12.0,17.6,29.4,3.05,78.0,34
2024-09-05,H. Santos Reyes,Burgos,JUEVES,9,2024,34,12.7,18.5,10.0,10.9,22.2,0.0,73.0,25
2024-09-06,H. Santos Reyes,Burgos,VIERNES,9,2024,25,12.6,19.7,8.0,11.3,20.6,3.05,67.0,24
2024-09-07,H. Santos Reyes,Burgos,SÁBADO,9,2024,24,13.4,20.5,8.0,15.0,25.9,0.25,64.0,20
2024-09-08,H. Santos Reyes,Burgos,DOMINGO,9,2024,20,14.1,21.9,9.0,10.9,22.2,0.0,70.0,22
2024-09-09,H. Santos Reyes,Burgos,LUNES,9,2024,22,14.1,22.5,6.0,9.8,25.9,0.0,70.0,36
2024-09-10,H. Santos Reyes,Burgos,MARTES,9,2024,36,14.4,21.0,10.0,18.3,25.9,0.0,73.0,33
2024-09-11,H. Santos Reyes,Burgos,MIÉRCOLES,9,2024,33,13.3,20.0,7.0,13.5,22.2,0.0,71.0,27
2024-09-12,H. Santos Reyes,Burgos,JUEVES,9,2024,27,12.9,17.3,7.0,11.3,24.1,25.15,82.0,20
2024-09-13,H. Santos Reyes,Burgos,VIERNES,9,2024,20,8.1,13.2,5.0,16.1,31.7,0.0,80.0,35
2024-09-14,H. Santos Reyes,Burgos,SÁBADO,9,2024,35,11.5,21.6,2.8,14.3,24.1,0.0,55.0,23
2024-09-15,H. Santos Reyes,Burgos,DOMINGO,9,2024,23,12.9,22.5,5.9,17.6,31.7,0.0,40.0,26
2024-09-16,H. Santos Reyes,Burgos,LUNES,9,2024,26,12.4,21.3,5.0,20.6,37.0,0.0,49.0,27
2024-09-17,H. Santos Reyes,Burgos,MARTES,9,2024,27,12.5,17.6,8.9,24.3,40.7,0.0,70.0,24
2024-09-18,H. Santos Reyes,Burgos,MIÉRCOLES,9,2024,24,13.8,21.0,9.0,15.0,22.2,0.0,72.0,26
2024-09-19,H. Santos Reyes,Burgos,JUEVES,9,2024,26,14.4,23.6,7.3,9.1,31.7,0.25,78.0,21
2024-09-20,H. Santos Reyes,Burgos,VIERNES,9,2024,21,14.4,19.7,11.0,7.8,20.6,14.73,84.0,20
2024-09-21,H. Santos Reyes,Burgos,SÁBADO,9,2024,20,14.9,20.8,11.0,8.1,14.8,1.52,84.0,24
2024-09-22,H. Santos Reyes,Burgos,DOMINGO,9,2024,24,13.9,20.9,9.0,8.9,18.3,1.52,77.0,24
2024-09-23,H. Santos Reyes,Burgos,LUNES,9,2024,24,12.3,18.9,7.0,8.9,20.6,0.0,71.0,31
2024-09-24,H. Santos Reyes,Burgos,MARTES,9,2024,31,13.9,19.5,9.0,16.9,27.8,0.0,65.0,33
2024-09-25,H. Santos Reyes,Burgos,MIÉRCOLES,9,2024,33,16.1,22.6,12.0,27.4,44.6,0.0,79.0,36
2024-09-26,H. Santos Reyes,Burgos,JUEVES,9,2024,36,16.7,21.0,12.0,38.3,50.0,0.0,70.0,24
2024-09-27,H. Santos Reyes,Burgos,VIERNES,9,2024,24,10.4,16.5,4.8,20.4,29.4,4.32,72.0,34
2024-09-28,H. Santos Reyes,Burgos,SÁBADO,9,2024,34,8.3,14.6,3.0,8.5,20.6,0.0,76.0,21
2024-09-29,H. Santos Reyes,Burgos,DOMINGO,9,2024,21,12.6,22.8,3.0,13.0,27.8,0.0,49.0,27
2024-09-30,H. Santos Reyes,Burgos,LUNES,9,2024,27,15.4,24.9,8.0,8.3,16.5,0.0,58.0,33
2024-10-01,H. Santos Reyes,Burgos,MARTES,10,2024,33,16.4,23.2,9.0,13.7,27.8,0.0,65.0,28
2024-10-02,H. Santos Reyes,Burgos,MIÉRCOLES,10,2024,28,15.2,17.0,11.0,16.5,27.8,0.51,92.0,45
2024-10-03,H. Santos Reyes,Burgos,JUEVES,10,2024,45,11.1,16.5,6.1,7.8,18.3,23.62,77.0,31
2024-10-04,H. Santos Reyes,Burgos,VIERNES,10,2024,31,9.2,18.2,1.7,4.1,11.1,0.0,74.0,41
2024-10-05,H. Santos Reyes,Burgos,SÁBADO,10,2024,41,13.2,18.9,5.0,14.6,29.4,0.0,79.0,22
2024-10-06,H. Santos Reyes,Burgos,DOMINGO,10,2024,22,15.4,17.5,15.0,28.0,37.0,14.99,87.0,35
2024-10-07,H. Santos Reyes,Burgos,LUNES,10,2024,35,13.3,16.4,10.0,23.7,44.6,28.96,91.0,23
2024-10-08,H. Santos Reyes,Burgos,MARTES,10,2024,23,11.6,14.4,9.0,29.4,51.9,0.0,91.0,38
2024-10-09,H. Santos Reyes,Burgos,MIÉRCOLES,10,2024,38,13.9,20.5,8.0,38.2,74.1,2.29,82.0,31
2024-10-10,H. Santos Reyes,Burgos,JUEVES,10,2024,31,9.2,15.5,4.0,9.4,16.5,9.14,80.0,29
2024-10-11,H. Santos Reyes,Burgos,VIERNES,10,2024,29,10.6,17.7,2.9,13.7,29.4,0.0,68.0,27
2024-10-12,H. Santos Reyes,Burgos,SÁBADO,10,2024,27,13.9,19.3,10.0,15.7,24.1,1.27,84.0,19
2024-10-13,H. Santos Reyes,Burgos,DOMINGO,10,2024,19,14.2,22.1,8.0,8.5,22.2,2.29,82.0,28
2024-10-14,H. Santos Reyes,Burgos,LUNES,10,2024,28,14.9,20.5,10.0,9.1,22.2,0.0,89.0,33
2024-10-15,H. Santos Reyes,Burgos,MARTES,10,2024,33,16.4,21.0,13.0,20.6,37.0,0.0,76.0,43
2024-10-16,H. Santos Reyes,Burgos,MIÉRCOLES,10,2024,43,14.9,19.2,12.0,22.4,38.9,4.32,86.0,29
2024-10-17,H. Santos Reyes,Burgos,JUEVES,10,2024,29,9.6,13.5,4.6,9.8,22.2,8.89,90.0,37
2024-10-18,H. Santos Reyes,Burgos,VIERNES,10,2024,37,8.5,13.8,2.0,9.3,20.6,10.92,81.0,31
2024-10-19,H. Santos Reyes,Burgos,SÁBADO,10,2024,31,12.2,14.5,11.0,15.2,22.2,0.0,91.0,33
2024-10-20,H. Santos Reyes,Burgos,DOMINGO,10,2024,33,12.9,18.0,9.0,14.1,22.2,0.25,86.0,21
2024-10-21,H. Santos Reyes,Burgos,LUNES,10,2024,21,12.7,19.4,6.8,8.9,24.1,0.0,82.0,48
2024-10-22,H. Santos Reyes,Burgos,MARTES,10,2024,48,10.9,14.3,8.0,19.6,29.4,0.0,87.0,31
2024-10-23,H. Santos Reyes,Burgos,MIÉRCOLES,10,2024,31,10.8,20.3,6.0,6.5,13.0,0.0,83.0,38
2024-10-24,H. Santos Reyes,Burgos,JUEVES,10,2024,38,13.7,20.0,8.0,12.2,27.8,0.0,73.0,32
2024-10-25,H. Santos Reyes,Burgos,VIERNES,10,2024,32,9.8,13.0,5.0,10.6,18.3,18.29,85.0,38
2024-10-26,H. Santos Reyes,Burgos,SÁBADO,10,2024,38,5.6,9.6,3.7,9.1,16.5,2.29,92.0,25
2024-10-27,H. Santos Reyes,Burgos,DOMINGO,10,2024,25,6.7,9.6,3.9,10.0,25.9,14.48,91.0,34
2024-10-28,H. Santos Reyes,Burgos,LUNES,10,2024,34,9.4,14.2,6.7,19.3,35.2,1.02,88.0,36
2024-10-29,H. Santos Reyes,Burgos,MARTES,10,2024,36,10.2,13.9,7.0,17.6,37.0,0.0,94.0,38
2024-10-30,H. Santos Reyes,Burgos,MIÉRCOLES,10,2024,38,10.8,14.0,9.0,20.7,38.9,2.03,91.0,24
2024-10-31,H. Santos Reyes,Burgos,JUEVES,10,2024,24,11.0,17.2,6.9,7.0,18.3,1.52,90.0,19
2024-11-01,H. Santos Reyes,Burgos,VIERNES,11,2024,19,11.6,16.1,9.0,9.8,22.2,0.0,93.0,24
2024-11-02,H. Santos Reyes,Burgos,SÁBADO,11,2024,24,12.2,18.8,8.0,9.1,22.2,0.0,81.0,25
2024-11-03,H. Santos Reyes,Burgos,DOMINGO,11,2024,25,11.4,17.8,7.0,9.3,22.2,0.0,81.0,30
2024-11-04,H. Santos Reyes,Burgos,LUNES,11,2024,30,10.7,17.5,6.0,8.5,24.1,0.0,85.0,32
2024-11-05,H. Santos Reyes,Burgos,MARTES,11,2024,32,11.9,18.4,8.0,6.1,16.5,0.0,79.0,28
2024-11-06,H. Santos Reyes,Burgos,MIÉRCOLES,11,2024,28,10.7,19.7,4.0,2.8,11.1,0.0,79.0,28
2024-11-07,H. Santos Reyes,Burgos,JUEVES,11,2024,28,8.8,18.5,3.6,3.9,16.5,0.0,90.0,31
2024-11-08,H. Santos Reyes,Burgos,VIERNES,11,2024,31,9.1,16.3,4.9,3.7,9.4,0.0,92.0,22
2024-11-09,H. Santos Reyes,Burgos,SÁBADO,11,2024,22,10.2,15.6,3.6,5.9,14.8,0.25,86.0,24
2024-11-10,H. Santos Reyes,Burgos,DOMINGO,11,2024,24,8.7,13.3,3.5,5.0,16.5,0.25,91.0,35
2024-11-11,H. Santos Reyes,Burgos,LUNES,11,2024,35,9.1,12.4,7.0,18.3,35.2,2.29,85.0,30
2024-11-12,H. Santos Reyes,Burgos,MARTES,11,2024,30,6.2,10.4,2.0,23.9,40.7,0.0,82.0,45
2024-11-13,H. Santos Reyes,Burgos,MIÉRCOLES,11,2024,45,3.4,6.0,2.0,21.7,33.5,0.0,88.0,32
2024-11-14,H. Santos Reyes,Burgos,JUEVES,11,2024,32,7.3,13.6,3.9,15.0,29.4,0.0,85.0,29
2024-11-15,H. Santos Reyes,Burgos,VIERNES,11,2024,29,6.1,10.0,2.6,10.7,20.6,0.0,97.0,41
2024-11-16,H. Santos Reyes,Burgos,SÁBADO,11,2024,41,6.9,12.0,4.0,9.1,18.3,0.0,96.0,33
2024-11-17,H. Santos Reyes,Burgos,DOMINGO,11,2024,33,7.9,18.0,1.0,3.7,13.0,0.0,83.0,35
2024-11-18,H. Santos Reyes,Burgos,LUNES,11,2024,35,0.0,0.0,0.0,0.0,0.0,0.0,0.0,31
2024-11-19,H. Santos Reyes,Burgos,MARTES,11,2024,31,0.0,0.0,0.0,0.0,0.0,0.0,0.0,42
2024-11-20,H. Santos Reyes,Burgos,MIÉRCOLES,11,2024,42,0.0,0.0,0.0,0.0,0.0,0.0,0.0,22
2024-11-21,H. Santos Reyes,Burgos,JUEVES,11,2024,22,0.0,0.0,0.0,0.0,0.0,0.0,0.0,23
2024-11-22,H. Santos Reyes,Burgos,VIERNES,11,2024,23,4.2,7.8,1.0,11.3,22.2,0.0,76.0,33
2024-11-23,H. Santos Reyes,Burgos,SÁBADO,11,2024,33,9.3,15.7,0.9,18.1,37.0,0.25,78.0,28
2024-11-24,H. Santos Reyes,Burgos,DOMINGO,11,2024,28,12.3,16.1,5.0,40.4,59.4,0.25,63.0,25
2024-11-25,H. Santos Reyes,Burgos,LUNES,11,2024,25,10.2,16.1,2.0,30.0,57.6,0.0,70.0,28
2024-11-26,H. Santos Reyes,Burgos,MARTES,11,2024,28,5.0,8.8,1.7,10.6,20.6,16.0,89.0,34
2024-11-27,H. Santos Reyes,Burgos,MIÉRCOLES,11,2024,34,3.9,10.1,0.0,6.7,14.8,0.0,91.0,30
2024-11-28,H. Santos Reyes,Burgos,JUEVES,11,2024,30,5.4,15.7,-1.1,2.4,13.0,0.0,81.0,27
2024-11-29,H. Santos Reyes,Burgos,VIERNES,11,2024,27,7.6,15.4,1.9,6.1,22.2,0.0,78.0,29
2024-11-30,H. Santos Reyes,Burgos,SÁBADO,11,2024,29,9.2,14.5,3.4,8.7,16.5,0.0,88.0,28
2024-12-01,H. Santos Reyes,Burgos,DOMINGO,12,2024,28,0.0,0.0,0.0,0.0,0.0,0.0,0.0,31
2024-12-02,H. Santos Reyes,Burgos,LUNES,12,2024,31,9.1,12.6,7.0,8.5,16.5,1.52,88.0,33
2024-12-03,H. Santos Reyes,Burgos,MARTES,12,2024,33,6.7,11.1,4.8,9.8,18.3,0.51,93.0,30
2024-12-04,H. Santos Reyes,Burgos,MIÉRCOLES,12,2024,30,5.3,8.7,2.0,10.7,29.4,2.79,91.0,27
2024-12-05,H. Santos Reyes,Burgos,JUEVES,12,2024,27,7.6,11.2,2.1,11.1,20.6,0.0,84.0,42
2024-12-06,H. Santos Reyes,Burgos,VIERNES,12,2024,42,8.6,10.1,8.0,14.6,20.6,0.0,97.0,28
2024-12-07,H. Santos Reyes,Burgos,SÁBADO,12,2024,28,7.0,11.2,2.9,20.2,33.5,0.0,83.0,32
2024-12-08,H. Santos Reyes,Burgos,DOMINGO,12,2024,32,2.3,5.6,1.0,21.5,40.7,0.0,0.0,32
2024-12-09,H. Santos Reyes,Burgos,LUNES,12,2024,32,1.8,4.5,0.0,16.5,29.4,2.29,89.0,34
2024-12-10,H. Santos Reyes,Burgos,MARTES,12,2024,34,1.9,4.4,1.0,9.1,22.2,0.0,91.0,40
2024-12-11,H. Santos Reyes,Burgos,MIÉRCOLES,12,2024,40,1.3,3.7,0.0,4.8,13.0,1.78,90.0,36
2024-12-12,H. Santos Reyes,Burgos,JUEVES,12,2024,36,1.3,5.7,-1.1,10.6,20.6,0.0,95.0,12
2024-12-13,H. Santos Reyes,Burgos,VIERNES,12,2024,12,1.8,6.7,-1.7,5.4,13.0,0.25,92.0,31
2024-12-14,H. Santos Reyes,Burgos,SÁBADO,12,2024,31,0.2,6.2,-3.1,3.0,13.0,0.0,95.0,16
2024-12-15,H. Santos Reyes,Burgos,DOMINGO,12,2024,16,1.1,6.9,-3.5,4.6,16.5,0.0,93.0,24
2024-12-16,H. Santos Reyes,Burgos,LUNES,12,2024,24,2.2,12.2,-4.0,7.8,20.6,0.0,81.0,26
2024-12-17,H. Santos Reyes,Burgos,MARTES,12,2024,26,2.6,11.6,-3.9,8.5,18.3,0.0,72.0,25
2024-12-18,H. Santos Reyes,Burgos,MIÉRCOLES,12,2024,25,7.9,11.9,1.8,18.0,37.0,0.0,71.0,27
2024-12-19,H. Santos Reyes,Burgos,JUEVES,12,2024,27,6.6,9.4,2.0,24.1,42.4,3.3,87.0,24
2024-12-20,H. Santos Reyes,Burgos,VIERNES,12,2024,24,2.4,6.8,0.0,9.3,18.3,0.0,90.0,29
2024-12-21,H. Santos Reyes,Burgos,SÁBADO,12,2024,29,0.9,7.3,-3.6,5.4,14.8,0.0,88.0,23
2024-12-22,H. Santos Reyes,Burgos,DOMINGO,12,2024,23,1.8,6.4,-2.4,10.2,29.4,0.0,90.0,29
2024-12-23,H. Santos Reyes,Burgos,LUNES,12,2024,29,3.7,6.2,2.0,16.9,35.2,1.52,87.0,30
2024-12-24,H. Santos Reyes,Burgos,MARTES,12,2024,30,5.4,9.5,2.0,10.7,22.2,1.78,93.0,20
2024-12-25,H. Santos Reyes,Burgos,MIÉRCOLES,12,2024,20,7.0,11.7,3.0,15.0,29.4,0.0,94.0,15
2024-12-26,H. Santos Reyes,Burgos,JUEVES,12,2024,15,3.9,13.8,-1.6,7.4,22.2,0.0,92.0,26
2024-12-27,H. Santos Reyes,Burgos,VIERNES,12,2024,26,3.9,8.3,1.0,5.7,16.5,0.0,97.0,32
2024-12-28,H. Santos Reyes,Burgos,SÁBADO,12,2024,32,1.5,10.0,-3.0,4.6,11.1,0.0,91.0,29
2024-12-29,H. Santos Reyes,Burgos,DOMINGO,12,2024,29,-0.4,5.1,-3.0,3.0,7.6,0.0,98.0,30
2024-12-30,H. Santos Reyes,Burgos,LUNES,12,2024,30,-1.3,2.2,-3.0,5.4,11.1,0.0,99.0,31
2024-12-31,H. Santos Reyes,Burgos,MARTES,12,2024,31,-1.7,0.3,-3.2,5.2,11.1,0.0,99.0,28
2025-01-01,H. Santos Reyes,Burgos,MIÉRCOLES,1,2025,28,-1.3,4.2,-5.0,8.3,16.5,0.0,97.0,54
2025-01-02,H. Santos Reyes,Burgos,JUEVES,1,2025,54,0.8,4.0,-2.4,14.4,24.1,0.0,95.0,61
2025-01-03,H. Santos Reyes,Burgos,VIERNES,1,2025,61,4.4,6.6,2.0,21.9,25.9,0.25,93.0,73
2025-01-04,H. Santos Reyes,Burgos,SÁBADO,1,2025,73,6.3,8.9,5.0,22.2,27.8,2.29,90.0,71
2025-01-05,H. Santos Reyes,Burgos,DOMINGO,1,2025,71,7.3,10.2,5.0,31.9,46.5,0.0,79.0,57
2025-01-06,H. Santos Reyes,Burgos,LUNES,1,2025,57,5.6,9.2,1.0,22.6,40.7,7.87,84.0,62
2025-01-07,H. Santos Reyes,Burgos,MARTES,1,2025,62,4.2,7.2,0.5,28.0,40.7,0.0,93.0,83
2025-01-08,H. Santos Reyes,Burgos,MIÉRCOLES,1,2025,83,7.2,8.3,6.0,35.9,46.5,0.51,90.0,71
2025-01-09,H. Santos Reyes,Burgos,JUEVES,1,2025,71,8.5,11.7,7.0,26.9,44.6,3.3,89.0,66
2025-01-10,H. Santos Reyes,Burgos,VIERNES,1,2025,66,9.2,10.8,8.0,20.4,27.8,0.25,91.0,70
2025-01-11,H. Santos Reyes,Burgos,SÁBADO,1,2025,70,8.4,11.5,1.0,14.1,27.8,4.57,87.0,62
2025-01-12,H. Santos Reyes,Burgos,DOMINGO,1,2025,62,3.2,8.0,-3.0,14.8,31.7,0.25,83.0,51
2025-01-13,H. Santos Reyes,Burgos,LUNES,1,2025,51,-1.5,4.9,-5.0,9.4,25.9,0.0,63.0,80
2025-01-14,H. Santos Reyes,Burgos,MARTES,1,2025,80,-0.3,11.1,-7.0,5.6,25.9,0.0,59.0,69
2025-01-15,H. Santos Reyes,Burgos,MIÉRCOLES,1,2025,69,-0.1,10.4,-8.5,9.4,29.4,0.0,49.0,74
2025-01-16,H. Santos Reyes,Burgos,JUEVES,1,2025,74,2.4,6.6,-1.0,14.1,24.1,0.0,77.0,72
2025-01-17,H. Santos Reyes,Burgos,VIERNES,1,2025,72,0.4,8.9,-5.0,3.9,13.0,0.0,83.0,60
2025-01-18,H. Santos Reyes,Burgos,SÁBADO,1,2025,60,-0.7,8.2,-6.3,3.1,13.0,0.0,80.0,58
2025-01-19,H. Santos Reyes,Burgos,DOMINGO,1,2025,58,0.8,8.5,-5.2,10.2,27.8,0.0,77.0,64
2025-01-20,H. Santos Reyes,Burgos,LUNES,1,2025,64,4.5,7.0,2.0,14.1,24.1,1.27,91.0,59
2025-01-21,H. Santos Reyes,Burgos,MARTES,1,2025,59,7.3,9.1,5.9,15.2,25.9,0.0,94.0,70
2025-01-22,H. Santos Reyes,Burgos,MIÉRCOLES,1,2025,70,8.4,12.2,7.0,20.2,37.0,10.16,89.0,69
2025-01-23,H. Santos Reyes,Burgos,JUEVES,1,2025,69,7.9,12.0,5.0,13.0,27.8,0.0,88.0,68
2025-01-24,H. Santos Reyes,Burgos,VIERNES,1,2025,68,8.9,11.6,8.0,23.9,37.0,0.25,87.0,67
2025-01-25,H. Santos Reyes,Burgos,SÁBADO,1,2025,67,6.8,10.0,4.0,27.4,44.6,1.78,85.0,50
2025-01-26,H. Santos Reyes,Burgos,DOMINGO,1,2025,50,6.7,12.3,3.0,39.1,59.4,3.3,81.0,56
2025-01-27,H. Santos Reyes,Burgos,LUNES,1,2025,56,7.2,11.2,2.0,38.2,53.5,10.67,87.0,53
2025-01-28,H. Santos Reyes,Burgos,MARTES,1,2025,53,3.3,8.0,0.0,30.6,40.7,9.14,83.0,63
2025-01-29,H. Santos Reyes,Burgos,MIÉRCOLES,1,2025,63,3.7,6.6,2.0,33.0,53.5,0.25,85.0,69
2025-01-30,H. Santos Reyes,Burgos,JUEVES,1,2025,69,2.4,5.8,-0.6,25.7,50.0,3.05,81.0,69
2025-01-31,H. Santos Reyes,Burgos,VIERNES,1,2025,69,1.1,7.2,-3.0,5.0,13.0,1.27,77.0,66
2025-02-01,H. Santos Reyes,Burgos,SÁBADO,2,2025,66,1.8,9.0,-3.1,9.4,27.8,0.0,84.0,70
2025-02-02,H. Santos Reyes,Burgos,DOMINGO,2,2025,70,-0.6,3.3,-5.3,5.2,22.2,3.05,95.0,75
2025-02-03,H. Santos Reyes,Burgos,LUNES,2,2025,75,1.4,7.1,-2.0,12.8,27.8,0.0,92.0,56
2025-02-04,H. Santos Reyes,Burgos,MARTES,2,2025,56,-0.2,6.4,-4.3,5.6,13.0,0.0,96.0,48
2025-02-05,H. Santos Reyes,Burgos,MIÉRCOLES,2,2025,48,1.8,10.0,-4.7,9.8,25.9,0.0,82.0,72
2025-02-06,H. Santos Reyes,Burgos,JUEVES,2,2025,72,2.6,10.1,-1.0,10.7,20.6,0.0,84.0,64
2025-02-07,H. Santos Reyes,Burgos,VIERNES,2,2025,64,1.0,5.5,-2.0,16.7,29.4,12.95,92.0,73
2025-02-08,H. Santos Reyes,Burgos,SÁBADO,2,2025,73,-0.1,5.5,-7.0,6.9,20.6,4.06,85.0,56
2025-02-09,H. Santos Reyes,Burgos,DOMINGO,2,2025,56,5.9,9.6,2.0,14.8,22.2,0.0,89.0,63
2025-02-10,H. Santos Reyes,Burgos,LUNES,2,2025,63,6.6,11.9,4.0,7.6,20.6,0.0,92.0,75
2025-02-11,H. Santos Reyes,Burgos,MARTES,2,2025,75,7.7,13.1,4.7,11.3,24.1,7.62,78.0,73
2025-02-12,H. Santos Reyes,Burgos,MIÉRCOLES,2,2025,73,6.0,9.5,3.0,7.6,18.3,6.35,88.0,48
2025-02-13,H. Santos Reyes,Burgos,JUEVES,2,2025,48,4.7,8.3,-0.6,7.8,18.3,0.0,93.0,63
2025-02-14,H. Santos Reyes,Burgos,VIERNES,2,2025,63,6.7,12.6,1.0,7.2,18.3,0.51,84.0,49
2025-02-15,H. Santos Reyes,Burgos,SÁBADO,2,2025,49,5.8,16.6,-1.0,7.6,20.6,0.0,72.0,54
2025-02-16,H. Santos Reyes,Burgos,DOMINGO,2,2025,54,7.9,15.3,0.8,6.3,16.5,0.0,63.0,56
2025-02-17,H. Santos Reyes,Burgos,LUNES,2,2025,56,7.1,11.8,1.6,7.6,18.3,0.0,84.0,74
2025-02-18,H. Santos Reyes,Burgos,MARTES,2,2025,74,6.3,16.3,0.0,7.8,20.6,0.0,80.0,62
2025-02-19,H. Santos Reyes,Burgos,MIÉRCOLES,2,2025,62,8.1,15.1,1.0,7.2,18.3,0.0,76.0,60
2025-02-20,H. Santos Reyes,Burgos,JUEVES,2,2025,60,7.4,11.4,4.0,12.4,22.2,0.0,92.0,71
2025-02-21,H. Santos Reyes,Burgos,VIERNES,2,2025,71,9.9,15.5,5.8,23.3,48.2,0.0,75.0,60
2025-02-22,H. Santos Reyes,Burgos,SÁBADO,2,2025,60,6.2,10.6,2.9,13.7,27.8,10.41,80.0,55
2025-02-23,H. Santos Reyes,Burgos,DOMINGO,2,2025,55,4.7,12.6,-2.0,8.5,22.2,0.0,80.0,54
2025-02-24,H. Santos Reyes,Burgos,LUNES,2,2025,54,8.0,13.0,3.7,20.7,33.5,0.0,68.0,55
2025-02-25,H. Santos Reyes,Burgos,MARTES,2,2025,55,5.7,8.8,0.0,17.2,33.5,0.0,81.0,76
2025-02-26,H. Santos Reyes,Burgos,MIÉRCOLES,2,2025,76,2.6,10.3,-3.2,6.7,18.3,5.84,74.0,59
2025-02-27,H. Santos Reyes,Burgos,JUEVES,2,2025,59,4.3,10.5,0.0,5.0,16.5,0.0,76.0,54
2025-02-28,H. Santos Reyes,Burgos,VIERNES,2,2025,54,3.8,7.0,2.0,16.3,31.7,0.0,87.0,78
2025-03-01,H. Santos Reyes,Burgos,SÁBADO,3,2025,78,2.4,5.5,0.0,22.8,33.5,0.0,76.0,55
2025-03-02,H. Santos Reyes,Burgos,DOMINGO,3,2025,55,1.1,4.4,-1.0,18.9,27.8,0.0,84.0,61
2025-03-03,H. Santos Reyes,Burgos,LUNES,3,2025,61,4.2,7.7,2.0,16.1,24.1,2.54,96.0,64
2025-03-04,H. Santos Reyes,Burgos,MARTES,3,2025,64,6.9,10.6,4.7,12.2,24.1,1.52,92.0,56
2025-03-05,H. Santos Reyes,Burgos,MIÉRCOLES,3,2025,56,7.1,12.0,4.0,11.9,24.1,0.0,84.0,62
2025-03-06,H. Santos Reyes,Burgos,JUEVES,3,2025,62,7.9,14.6,5.0,21.1,40.7,0.51,84.0,66
2025-03-07,H. Santos Reyes,Burgos,VIERNES,3,2025,66,9.1,14.0,7.0,25.4,35.2,0.51,81.0,58
2025-03-08,H. Santos Reyes,Burgos,SÁBADO,3,2025,58,7.7,10.7,4.0,33.2,55.4,3.05,83.0,58
2025-03-09,H. Santos Reyes,Burgos,DOMINGO,3,2025,58,4.7,8.6,1.0,14.3,25.9,3.81,81.0,51
2025-03-10,H. Santos Reyes,Burgos,LUNES,3,2025,51,6.2,12.0,1.0,13.3,27.8,0.51,72.0,67
2025-03-11,H. Santos Reyes,Burgos,MARTES,3,2025,67,6.3,10.8,5.0,13.1,27.8,0.0,86.0,65
2025-03-12,H. Santos Reyes,Burgos,MIÉRCOLES,3,2025,65,5.1,11.8,-1.0,12.8,25.9,0.25,79.0,73
2025-03-13,H. Santos Reyes,Burgos,JUEVES,3,2025,73,3.1,6.9,0.0,13.9,29.4,3.3,84.0,65
2025-03-14,H. Santos Reyes,Burgos,VIERNES,3,2025,65,1.0,5.8,-2.0,17.2,29.4,1.52,81.0,43
2025-03-15,H. Santos Reyes,Burgos,SÁBADO,3,2025,43,0.9,5.9,-2.0,6.5,14.8,0.0,80.0,43
2025-03-16,H. Santos Reyes,Burgos,DOMINGO,3,2025,43,1.6,6.0,-2.0,7.8,13.0,2.29,75.0,54
2025-03-17,H. Santos Reyes,Burgos,LUNES,3,2025,54,2.4,10.0,-5.0,10.4,27.8,0.0,77.0,62
2025-03-18,H. Santos Reyes,Burgos,MARTES,3,2025,62,5.2,11.2,1.0,19.3,37.0,0.0,88.0,67
2025-03-19,H. Santos Reyes,Burgos,MIÉRCOLES,3,2025,67,10.1,16.0,5.0,23.0,42.4,4.32,68.0,55
2025-03-20,H. Santos Reyes,Burgos,JUEVES,3,2025,55,10.1,13.0,7.0,24.1,51.9,14.48,73.0,59
2025-03-21,H. Santos Reyes,Burgos,VIERNES,3,2025,59,8.0,11.7,4.0,33.2,51.9,20.57,83.0,61
2025-03-22,H. Santos Reyes,Burgos,SÁBADO,3,2025,61,4.9,9.7,3.0,25.2,40.7,8.64,88.0,49
2025-03-23,H. Santos Reyes,Burgos,DOMINGO,3,2025,49,3.4,9.6,0.0,8.5,20.6,8.38,85.0,49
2025-03-24,H. Santos Reyes,Burgos,LUNES,3,2025,49,5.3,8.6,2.0,13.5,29.4,5.08,89.0,65
2025-03-25,H. Santos Reyes,Burgos,MARTES,3,2025,65,6.4,11.6,3.0,15.0,27.8,4.57,86.0,65
2025-03-26,H. Santos Reyes,Burgos,MIÉRCOLES,3,2025,65,5.6,8.8,2.0,11.3,20.6,0.76,84.0,66
2025-03-27,H. Santos Reyes,Burgos,JUEVES,3,2025,66,5.2,9.1,3.0,15.4,27.8,0.0,86.0,68
2025-03-28,H. Santos Reyes,Burgos,VIERNES,3,2025,68,5.9,12.3,-0.6,13.9,29.4,0.0,77.0,59
2025-03-29,H. Santos Reyes,Burgos,SÁBADO,3,2025,59,6.0,10.1,2.0,19.6,33.5,0.0,72.0,47
2025-03-30,H. Santos Reyes,Burgos,DOMINGO,3,2025,47,6.1,13.0,-0.5,17.8,33.5,0.0,68.0,41
2025-03-31,H. Santos Reyes,Burgos,LUNES,3,2025,41,10.4,19.5,1.7,15.9,37.0,0.0,51.0,73
2025-04-01,H. Santos Reyes,Burgos,MARTES,4,2025,73,12.2,23.7,1.0,5.2,18.3,0.0,53.0,77
2025-04-02,H. Santos Reyes,Burgos,MIÉRCOLES,4,2025,77,8.3,15.5,4.4,11.7,29.4,0.0,85.0,55
2025-04-03,H. Santos Reyes,Burgos,JUEVES,4,2025,55,8.7,11.5,6.0,18.0,38.9,23.11,83.0,65
2025-04-04,H. Santos Reyes,Burgos,VIERNES,4,2025,65,10.8,17.0,6.8,21.9,44.6,1.02,74.0,62
2025-04-05,H. Santos Reyes,Burgos,SÁBADO,4,2025,62,8.8,12.3,7.0,15.7,27.8,2.54,85.0,68
2025-04-06,H. Santos Reyes,Burgos,DOMINGO,4,2025,68,10.6,17.1,6.0,11.7,25.9,0.0,76.0,61
2025-04-07,H. Santos Reyes,Burgos,LUNES,4,2025,61,11.2,19.7,3.9,8.5,24.1,0.0,65.0,90
2025-04-08,H. Santos Reyes,Burgos,MARTES,4,2025,90,12.7,22.2,2.4,5.0,14.8,0.0,62.0,75
2025-04-09,H. Santos Reyes,Burgos,MIÉRCOLES,4,2025,75,13.2,22.6,4.0,5.9,18.3,0.0,63.0,62
2025-04-10,H. Santos Reyes,Burgos,JUEVES,4,2025,62,12.1,17.6,7.0,18.1,33.5,0.0,74.0,75
2025-04-11,H. Santos Reyes,Burgos,VIERNES,4,2025,75,10.5,17.8,6.6,14.1,29.4,0.0,82.0,63
2025-04-12,H. Santos Reyes,Burgos,SÁBADO,4,2025,63,11.4,17.0,8.5,12.2,22.2,3.81,86.0,54
2025-04-13,H. Santos Reyes,Burgos,DOMINGO,4,2025,54,10.4,15.4,8.0,8.1,25.9,4.32,92.0,52
2025-04-14,H. Santos Reyes,Burgos,LUNES,4,2025,52,9.4,14.5,4.6,20.6,38.9,12.19,79.0,67
2025-04-15,H. Santos Reyes,Burgos,MARTES,4,2025,67,5.7,11.0,1.0,17.8,29.4,0.0,79.0,62
2025-04-16,H. Santos Reyes,Burgos,MIÉRCOLES,4,2025,62,3.5,8.5,0.0,13.7,33.5,8.89,85.0,63
2025-04-17,H. Santos Reyes,Burgos,JUEVES,4,2025,63,6.2,14.4,-2.1,12.8,27.8,1.78,78.0,58
2025-04-18,H. Santos Reyes,Burgos,VIERNES,4,2025,58,10.2,16.6,8.0,20.7,35.2,0.0,83.0,55
2025-04-19,H. Santos Reyes,Burgos,SÁBADO,4,2025,55,5.7,9.8,3.0,25.0,42.4,17.02,85.0,58
2025-04-20,H. Santos Reyes,Burgos,DOMINGO,4,2025,58,6.9,13.1,2.7,13.0,24.1,11.94,81.0,65
2025-04-21,H. Santos Reyes,Burgos,LUNES,4,2025,65,8.6,14.1,3.0,10.9,24.1,0.0,83.0,72
2025-04-22,H. Santos Reyes,Burgos,MARTES,4,2025,72,8.4,14.0,5.0,12.8,18.3,10.67,78.0,69
2025-04-23,H. Santos Reyes,Burgos,MIÉRCOLES,4,2025,69,9.4,18.7,1.0,6.9,22.2,0.0,76.0,60
2025-04-24,H. Santos Reyes,Burgos,JUEVES,4,2025,60,12.3,21.5,3.8,7.8,13.0,0.0,70.0,64
2025-04-25,H. Santos Reyes,Burgos,VIERNES,4,2025,64,13.3,23.1,3.5,11.3,44.6,0.0,67.0,97
2025-04-26,H. Santos Reyes,Burgos,SÁBADO,4,2025,97,9.3,14.6,5.0,19.1,31.7,3.3,76.0,73
2025-04-27,H. Santos Reyes,Burgos,DOMINGO,4,2025,73,8.6,14.0,5.9,15.0,25.9,0.0,79.0,71
2025-04-28,H. Santos Reyes,Burgos,LUNES,4,2025,71,11.1,21.5,0.7,7.4,18.3,0.0,69.0,70
2025-04-29,H. Santos Reyes,Burgos,MARTES,4,2025,70,13.1,21.5,6.0,15.2,25.9,0.0,69.0,81
2025-04-30,H. Santos Reyes,Burgos,MIÉRCOLES,4,2025,81,11.7,19.1,5.0,16.1,37.0,0.0,78.0,65
2025-05-01,H. Santos Reyes,Burgos,JUEVES,5,2025,65,12.1,19.8,8.0,8.5,24.1,9.14,82.0,57
2025-05-02,H. Santos Reyes,Burgos,VIERNES,5,2025,57,10.8,18.4,8.0,12.6,38.9,0.0,86.0,61
2025-05-03,H. Santos Reyes,Burgos,SÁBADO,5,2025,61,12.7,18.4,9.0,14.3,29.4,16.76,72.0,68
2025-05-04,H. Santos Reyes,Burgos,DOMINGO,5,2025,68,10.4,17.2,5.7,8.0,24.1,0.0,82.0,53
2025-05-05,H. Santos Reyes,Burgos,LUNES,5,2025,53,8.4,11.6,2.0,13.5,29.4,0.51,86.0,70
2025-05-06,H. Santos Reyes,Burgos,MARTES,5,2025,70,4.7,10.3,0.7,12.8,24.1,0.76,80.0,64
2025-05-07,H. Santos Reyes,Burgos,MIÉRCOLES,5,2025,64,7.8,15.2,1.8,16.1,25.9,0.0,74.0,66
2025-05-08,H. Santos Reyes,Burgos,JUEVES,5,2025,66,9.1,16.5,3.6,14.3,20.6,0.0,74.0,72
2025-05-09,H. Santos Reyes,Burgos,VIERNES,5,2025,72,8.1,11.0,5.0,10.6,18.3,1.02,93.0,68
2025-05-10,H. Santos Reyes,Burgos,SÁBADO,5,2025,68,7.2,13.0,2.5,9.1,24.1,14.48,88.0,57
2025-05-11,H. Santos Reyes,Burgos,DOMINGO,5,2025,57,7.5,11.8,4.0,18.3,27.8,6.35,85.0,63
2025-05-12,H. Santos Reyes,Burgos,LUNES,5,2025,63,7.8,13.7,2.0,16.3,27.8,5.08,85.0,77
2025-05-13,H. Santos Reyes,Burgos,MARTES,5,2025,77,10.7,16.9,7.0,12.6,24.1,4.57,75.0,56
2025-05-14,H. Santos Reyes,Burgos,MIÉRCOLES,5,2025,56,10.1,17.6,7.0,9.8,22.2,0.0,89.0,70
2025-05-15,H. Santos Reyes,Burgos,JUEVES,5,2025,70,10.2,13.2,8.0,17.6,27.8,2.03,88.0,61
2025-05-16,H. Santos Reyes,Burgos,VIERNES,5,2025,61,11.2,18.0,6.0,13.3,25.9,0.0,71.0,82
2025-05-17,H. Santos Reyes,Burgos,SÁBADO,5,2025,82,11.6,21.3,2.3,5.7,14.8,0.0,67.0,79
2025-05-18,H. Santos Reyes,Burgos,DOMINGO,5,2025,79,15.0,25.5,4.6,8.9,29.4,0.0,60.0,56
2025-05-19,H. Santos Reyes,Burgos,LUNES,5,2025,56,10.1,13.4,7.0,10.2,18.3,0.51,85.0,72
2025-05-20,H. Santos Reyes,Burgos,MARTES,5,2025,72,10.6,18.4,3.0,7.0,14.8,9.65,75.0,53
2025-05-21,H. Santos Reyes,Burgos,MIÉRCOLES,5,2025,53,11.8,21.7,3.8,8.3,25.9,0.0,74.0,56
2025-05-22,H. Santos Reyes,Burgos,JUEVES,5,2025,56,9.5,15.3,5.0,17.0,27.8,0.51,75.0,54
2025-05-23,H. Santos Reyes,Burgos,VIERNES,5,2025,54,9.8,16.6,4.0,18.9,29.4,0.0,75.0,70
2025-05-24,H. Santos Reyes,Burgos,SÁBADO,5,2025,70,11.8,22.5,2.0,7.0,14.8,0.0,56.0,64
2025-05-25,H. Santos Reyes,Burgos,DOMINGO,5,2025,64,6.5,9.0,4.5,2.8,5.4,0.0,86.0,78
2025-05-26,H. Santos Reyes,Burgos,LUNES,5,2025,78,13.7,20.5,9.0,15.6,22.2,0.0,77.0,73
2025-05-27,H. Santos Reyes,Burgos,MARTES,5,2025,73,15.8,25.7,8.0,10.2,20.6,0.0,59.0,58
2025-05-28,H. Santos Reyes,Burgos,MIÉRCOLES,5,2025,58,17.4,28.0,7.0,7.2,18.3,0.0,57.0,67
2025-05-29,H. Santos Reyes,Burgos,JUEVES,5,2025,67,19.6,30.7,7.0,5.6,16.5,0.0,46.0,49
2025-05-30,H. Santos Reyes,Burgos,VIERNES,5,2025,49,18.7,30.2,12.0,9.4,48.2,0.0,59.0,74
2025-05-31,H. Santos Reyes,Burgos,SÁBADO,5,2025,74,19.7,30.6,9.0,7.8,27.8,0.0,55.0,64
2025-06-01,H. Santos Reyes,Burgos,DOMINGO,6,2025,64,19.2,29.3,11.0,14.1,31.7,0.0,62.0,67
2025-06-02,H. Santos Reyes,Burgos,LUNES,6,2025,67,12.0,14.8,10.0,23.3,31.7,0.0,92.0,73
2025-06-03,H. Santos Reyes,Burgos,MARTES,6,2025,73,13.6,19.1,11.0,16.9,25.9,0.0,89.0,72
2025-06-04,H. Santos Reyes,Burgos,MIÉRCOLES,6,2025,72,13.9,21.2,8.0,12.4,25.9,0.0,76.0,65
2025-06-05,H. Santos Reyes,Burgos,JUEVES,6,2025,65,15.1,24.6,7.0,12.4,22.2,0.0,62.0,43
2025-06-06,H. Santos Reyes,Burgos,VIERNES,6,2025,43,16.1,26.0,8.0,10.4,22.2,0.0,62.0,67
2025-06-07,H. Santos Reyes,Burgos,SÁBADO,6,2025,67,16.1,26.1,8.0,11.7,25.9,0.0,60.0,57
2025-06-08,H. Santos Reyes,Burgos,DOMINGO,6,2025,57,14.7,24.4,10.0,17.2,29.4,0.0,73.0,70
2025-06-09,H. Santos Reyes,Burgos,LUNES,6,2025,70,19.0,32.5,9.0,9.4,31.7,0.0,58.0,79
2025-06-10,H. Santos Reyes,Burgos,MARTES,6,2025,79,23.0,34.7,13.2,9.6,51.9,0.0,49.0,65
2025-06-11,H. Santos Reyes,Burgos,MIÉRCOLES,6,2025,65,18.6,28.0,13.0,14.4,38.9,3.05,68.0,59
2025-06-12,H. Santos Reyes,Burgos,JUEVES,6,2025,59,16.8,24.3,10.0,10.6,24.1,13.21,67.0,64
2025-06-13,H. Santos Reyes,Burgos,VIERNES,6,2025,64,18.6,29.8,9.0,9.3,24.1,0.0,56.0,73
2025-06-14,H. Santos Reyes,Burgos,SÁBADO,6,2025,73,17.3,26.4,12.0,16.7,33.5,0.0,78.0,57
2025-06-15,H. Santos Reyes,Burgos,DOMINGO,6,2025,57,14.1,19.9,12.0,26.5,38.9,0.0,82.0,62
2025-06-16,H. Santos Reyes,Burgos,LUNES,6,2025,62,17.4,28.1,11.0,20.0,31.7,0.0,73.0,84
2025-06-17,H. Santos Reyes,Burgos,MARTES,6,2025,84,21.7,32.4,12.0,9.8,24.1,0.0,61.0,74
2025-06-18,H. Santos Reyes,Burgos,MIÉRCOLES,6,2025,74,22.8,33.7,11.0,8.9,22.2,0.0,54.0,77
2025-06-19,H. Santos Reyes,Burgos,JUEVES,6,2025,77,21.9,32.6,13.6,9.8,31.7,0.0,52.0,66
2025-06-20,H. Santos Reyes,Burgos,VIERNES,6,2025,66,22.2,34.5,11.0,5.7,27.8,0.0,48.0,54
2025-06-21,H. Santos Reyes,Burgos,SÁBADO,6,2025,54,22.7,35.0,15.0,10.9,42.4,0.0,52.0,69
2025-06-22,H. Santos Reyes,Burgos,DOMINGO,6,2025,69,23.6,32.4,15.0,16.3,35.2,11.68,50.0,72
2025-06-23,H. Santos Reyes,Burgos,LUNES,6,2025,72,23.4,33.7,14.7,11.3,29.4,0.0,55.0,73
2025-06-24,H. Santos Reyes,Burgos,MARTES,6,2025,73,21.7,30.6,16.0,11.9,37.0,0.0,56.0,75
2025-06-25,H. Santos Reyes,Burgos,MIÉRCOLES,6,2025,75,19.6,26.5,13.0,15.6,29.4,3.81,59.0,73
2025-06-26,H. Santos Reyes,Burgos,JUEVES,6,2025,73,18.4,27.4,11.4,12.6,25.9,0.0,67.0,69
2025-06-27,H. Santos Reyes,Burgos,VIERNES,6,2025,69,22.1,32.2,12.0,9.8,24.1,0.0,55.0,67
2025-06-28,H. Santos Reyes,Burgos,SÁBADO,6,2025,67,24.4,34.6,15.0,11.1,24.1,0.0,47.0,63
2025-06-29,H. Santos Reyes,Burgos,DOMINGO,6,2025,63,23.9,36.8,13.9,10.2,44.6,0.0,47.0,54
2025-06-30,H. Santos Reyes,Burgos,LUNES,6,2025,54,24.9,34.9,15.0,8.9,25.9,13.46,42.0,62
2025-07-01,H. Santos Reyes,Burgos,MARTES,7,2025,62,24.2,35.5,14.0,7.8,27.8,0.0,45.0,54
2025-07-02,H. Santos Reyes,Burgos,MIÉRCOLES,7,2025,54,20.1,26.8,15.0,22.6,42.4,0.0,78.0,64
2025-07-03,H. Santos Reyes,Burgos,JUEVES,7,2025,64,17.9,26.6,14.0,24.1,33.5,1.52,79.0,70
2025-07-04,H. Santos Reyes,Burgos,VIERNES,7,2025,70,20.8,30.9,13.0,15.0,31.7,1.52,67.0,73
2025-07-05,H. Santos Reyes,Burgos,SÁBADO,7,2025,73,21.0,29.2,15.0,20.6,31.7,2.79,63.0,56
2025-07-06,H. Santos Reyes,Burgos,DOMINGO,7,2025,56,19.1,27.0,12.0,15.9,29.4,0.0,56.0,72
2025-07-07,H. Santos Reyes,Burgos,LUNES,7,2025,72,16.8,23.2,12.0,20.7,38.9,0.0,68.0,79
2025-07-08,H. Santos Reyes,Burgos,MARTES,7,2025,79,15.8,24.4,9.0,25.4,33.5,0.0,62.0,79
2025-07-09,H. Santos Reyes,Burgos,MIÉRCOLES,7,2025,79,19.1,30.2,10.0,17.8,25.9,0.0,54.0,66
2025-07-10,H. Santos Reyes,Burgos,JUEVES,7,2025,66,22.7,33.2,13.0,13.0,25.9,0.0,54.0,74
2025-07-11,H. Santos Reyes,Burgos,VIERNES,7,2025,74,22.1,32.8,15.7,11.7,35.2,0.0,55.0,64
2025-07-12,H. Santos Reyes,Burgos,SÁBADO,7,2025,64,18.5,26.3,14.0,12.4,27.8,0.0,74.0,59
2025-07-13,H. Santos Reyes,Burgos,DOMINGO,7,2025,59,19.9,29.4,13.0,10.2,31.7,1.52,66.0,49
2025-07-14,H. Santos Reyes,Burgos,LUNES,7,2025,49,19.8,28.6,15.0,19.1,35.2,0.0,71.0,83
2025-07-15,H. Santos Reyes,Burgos,MARTES,7,2025,83,19.3,27.3,14.0,19.4,25.9,0.0,66.0,76
2025-07-16,H. Santos Reyes,Burgos,MIÉRCOLES,7,2025,76,23.5,36.2,11.0,9.3,27.8,0.0,41.0,74
2025-07-17,H. Santos Reyes,Burgos,JUEVES,7,2025,74,24.4,36.9,15.0,12.4,29.4,0.0,44.0,62
2025-07-18,H. Santos Reyes,Burgos,VIERNES,7,2025,62,20.1,27.1,16.0,21.1,35.2,0.0,72.0,75
2025-07-19,H. Santos Reyes,Burgos,SÁBADO,7,2025,75,20.1,27.5,14.0,15.4,29.4,0.0,53.0,61
2025-07-20,H. Santos Reyes,Burgos,DOMINGO,7,2025,61,18.1,26.1,11.0,23.7,37.0,0.0,53.0,54
2025-07-21,H. Santos Reyes,Burgos,LUNES,7,2025,54,16.2,26.2,7.0,7.8,24.1,0.0,56.0,80
2025-07-22,H. Santos Reyes,Burgos,MARTES,7,2025,80,19.7,30.6,10.1,12.6,24.1,0.0,49.0,72
2025-07-23,H. Santos Reyes,Burgos,MIÉRCOLES,7,2025,72,16.8,23.1,12.0,21.1,31.7,0.0,69.0,65
2025-07-24,H. Santos Reyes,Burgos,JUEVES,7,2025,65,14.9,20.8,10.0,21.1,33.5,0.0,67.0,60
2025-07-25,H. Santos Reyes,Burgos,VIERNES,7,2025,60,15.0,22.4,9.0,19.8,27.8,0.0,68.0,63
2025-07-26,H. Santos Reyes,Burgos,SÁBADO,7,2025,63,16.2,25.2,8.0,17.6,25.9,0.0,66.0,67
2025-07-27,H. Santos Reyes,Burgos,DOMINGO,7,2025,67,18.2,27.0,11.0,16.9,25.9,0.0,60.0,56
2025-07-28,H. Santos Reyes,Burgos,LUNES,7,2025,56,15.7,21.0,12.0,24.4,35.2,0.0,70.0,77
2025-07-29,H. Santos Reyes,Burgos,MARTES,7,2025,77,15.7,21.2,10.0,20.7,31.3,0.0,67.0,76
2025-07-30,H. Santos Reyes,Burgos,MIÉRCOLES,7,2025,76,17.1,24.7,10.0,20.9,29.4,0.0,67.0,59
2025-07-31,H. Santos Reyes,Burgos,JUEVES,7,2025,59,17.5,26.0,11.0,20.6,27.8,0.0,64.0,62
2025-08-01,H. Santos Reyes,Burgos,VIERNES,8,2025,62,16.7,25.5,11.0,22.6,31.7,0.0,66.0,69
2025-08-02,H. Santos Reyes,Burgos,SÁBADO,8,2025,69,17.9,26.1,12.0,23.5,33.5,0.0,61.0,63
2025-08-03,H. Santos Reyes,Burgos,DOMINGO,8,2025,63,18.7,28.7,11.0,21.7,29.4,0.0,49.0,58
2025-08-04,H. Santos Reyes,Burgos,LUNES,8,2025,58,22.7,35.1,9.0,9.1,25.9,0.0,36.0,86
2025-08-05,H. Santos Reyes,Burgos,MARTES,8,2025,86,19.6,26.4,14.0,22.8,35.2,0.0,55.0,90
2025-08-06,H. Santos Reyes,Burgos,MIÉRCOLES,8,2025,90,20.6,31.9,13.0,14.4,25.9,0.0,61.0,60
2025-08-07,H. Santos Reyes,Burgos,JUEVES,8,2025,60,24.7,37.2,12.7,7.4,20.6,0.0,41.0,74
2025-08-08,H. Santos Reyes,Burgos,VIERNES,8,2025,74,25.5,38.0,16.0,11.1,24.1,0.0,46.0,45
2025-08-09,H. Santos Reyes,Burgos,SÁBADO,8,2025,45,24.5,34.8,16.0,13.5,27.8,0.0,53.0,66
2025-08-10,H. Santos Reyes,Burgos,DOMINGO,8,2025,66,25.9,37.8,14.0,12.6,22.2,0.0,40.0,65
2025-08-11,H. Santos Reyes,Burgos,LUNES,8,2025,65,28.6,37.6,19.6,11.9,24.1,0.0,29.0,82
2025-08-12,H. Santos Reyes,Burgos,MARTES,8,2025,82,24.1,38.5,14.9,11.1,35.2,0.0,44.0,82
2025-08-13,H. Santos Reyes,Burgos,MIÉRCOLES,8,2025,82,22.8,34.1,16.9,9.4,37.0,3.05,53.0,70
2025-08-14,H. Santos Reyes,Burgos,JUEVES,8,2025,70,23.6,36.7,13.0,8.7,27.8,0.0,48.0,71
2025-08-15,H. Santos Reyes,Burgos,VIERNES,8,2025,71,27.0,37.0,19.0,8.9,16.5,0.0,37.0,53
2025-08-16,H. Santos Reyes,Burgos,SÁBADO,8,2025,53,26.4,38.0,15.0,5.6,20.6,0.0,30.0,59
2025-08-17,H. Santos Reyes,Burgos,DOMINGO,8,2025,59,25.9,37.8,14.7,11.7,31.7,0.0,32.0,52
2025-08-18,H. Santos Reyes,Burgos,LUNES,8,2025,52,19.0,23.1,15.8,21.1,33.5,0.0,78.0,75
2025-08-19,H. Santos Reyes,Burgos,MARTES,8,2025,75,16.4,22.9,13.0,19.6,27.8,0.0,74.0,58
2025-08-20,H. Santos Reyes,Burgos,MIÉRCOLES,8,2025,58,15.6,22.0,10.7,12.8,25.9,0.0,69.0,80
2025-08-21,H. Santos Reyes,Burgos,JUEVES,8,2025,80,15.3,22.3,8.7,13.3,27.8,0.0,69.0,65
2025-08-22,H. Santos Reyes,Burgos,VIERNES,8,2025,65,15.6,22.1,9.0,16.1,29.4,0.0,65.0,66
2025-08-23,H. Santos Reyes,Burgos,SÁBADO,8,2025,66,18.4,30.1,7.7,8.0,14.8,0.0,47.0,70
2025-08-24,H. Santos Reyes,Burgos,DOMINGO,8,2025,70,21.3,32.0,9.2,8.9,18.3,0.0,40.0,68
2025-08-25,H. Santos Reyes,Burgos,LUNES,8,2025,68,0.0,0.0,0.0,0.0,0.0,0.0,0.0,59
2025-08-26,H. Santos Reyes,Burgos,MARTES,8,2025,59,0.0,0.0,0.0,0.0,0.0,0.0,0.0,73
2025-08-27,H. Santos Reyes,Burgos,MIÉRCOLES,8,2025,73,0.0,0.0,0.0,0.0,0.0,0.0,0.0,63
2025-08-28,H. Santos Reyes,Burgos,JUEVES,8,2025,63,0.0,0.0,0.0,0.0,0.0,0.0,0.0,54
2025-08-29,H. Santos Reyes,Burgos,VIERNES,8,2025,54,0.0,0.0,0.0,0.0,0.0,0.0,0.0,41
2025-08-30,H. Santos Reyes,Burgos,SÁBADO,8,2025,41,0.0,0.0,0.0,0.0,0.0,0.0,0.0,55
2025-08-31,H. Santos Reyes,Burgos,DOMINGO,8,2025,55,0.0,0.0,0.0,0.0,0.0,0.0,0.0,57
2024-01-01,C.A.U. León,León,LUNES,1,2024,122,3.9,8.0,0.0,11.3,24.1,0.0,79.0,122
2024-01-02,C.A.U. León,León,MARTES,1,2024,122,6.2,10.1,3.0,12.4,33.5,0.0,97.0,149
2024-01-03,C.A.U. León,León,MIÉRCOLES,1,2024,149,7.9,9.8,2.0,17.2,33.5,3.81,86.0,142
2024-01-04,C.A.U. León,León,JUEVES,1,2024,142,2.5,5.6,0.0,5.4,13.0,0.0,98.0,141
2024-01-05,C.A.U. León,León,VIERNES,1,2024,141,2.3,6.8,-0.3,13.0,25.9,3.81,88.0,137
2024-01-06,C.A.U. León,León,SÁBADO,1,2024,137,1.8,7.4,-3.0,11.3,18.3,0.0,81.0,104
2024-01-07,C.A.U. León,León,DOMINGO,1,2024,104,1.5,7.2,-3.0,10.6,16.5,0.0,74.0,116
2024-01-08,C.A.U. León,León,LUNES,1,2024,116,-0.8,3.0,-6.0,5.7,11.1,0.0,88.0,147
2024-01-09,C.A.U. León,León,MARTES,1,2024,147,1.2,2.7,0.0,3.7,7.6,0.25,96.0,127
2024-01-10,C.A.U. León,León,MIÉRCOLES,1,2024,127,2.4,5.1,-3.0,6.7,13.0,0.0,98.0,124
2024-01-11,C.A.U. León,León,JUEVES,1,2024,124,-1.2,3.5,-6.0,6.9,14.8,0.51,86.0,126
2024-01-12,C.A.U. León,León,VIERNES,1,2024,126,-0.2,5.0,-5.0,5.9,13.0,0.0,82.0,124
2024-01-13,C.A.U. León,León,SÁBADO,1,2024,124,3.4,8.5,-2.0,5.2,11.1,0.0,81.0,111
2024-01-14,C.A.U. León,León,DOMINGO,1,2024,111,5.3,8.0,4.0,3.0,9.4,7.11,100.0,106
2024-01-15,C.A.U. León,León,LUNES,1,2024,106,7.9,11.0,5.0,4.8,14.8,7.11,100.0,106
2024-01-16,C.A.U. León,León,MARTES,1,2024,106,7.2,11.0,3.0,11.7,25.9,4.32,98.0,154
2024-01-17,C.A.U. León,León,MIÉRCOLES,1,2024,154,9.1,10.4,7.0,29.6,48.2,9.14,92.0,125
2024-01-18,C.A.U. León,León,JUEVES,1,2024,125,7.2,10.0,4.5,21.1,40.7,0.76,85.0,115
2024-01-19,C.A.U. León,León,VIERNES,1,2024,115,3.2,6.7,-5.0,10.0,20.6,1.27,76.0,131
2024-01-20,C.A.U. León,León,SÁBADO,1,2024,131,-1.8,9.0,-9.0,4.8,13.0,0.0,64.0,101
2024-01-21,C.A.U. León,León,DOMINGO,1,2024,101,-0.3,6.2,-6.0,5.2,9.4,0.0,83.0,100
2024-01-22,C.A.U. León,León,LUNES,1,2024,100,3.4,7.0,-1.0,3.1,9.4,0.0,93.0,136
2024-01-23,C.A.U. León,León,MARTES,1,2024,136,6.5,8.2,4.0,2.2,7.6,0.0,99.0,130
2024-01-24,C.A.U. León,León,MIÉRCOLES,1,2024,130,5.7,10.1,3.0,3.1,9.4,0.51,98.0,146
2024-01-25,C.A.U. León,León,JUEVES,1,2024,146,3.7,12.2,-3.0,4.3,9.4,0.25,96.0,141
2024-01-26,C.A.U. León,León,VIERNES,1,2024,141,4.3,14.2,-3.0,4.6,11.1,0.0,81.0,141
2024-01-27,C.A.U. León,León,SÁBADO,1,2024,141,6.2,15.4,0.0,4.3,9.4,0.0,72.0,121
2024-01-28,C.A.U. León,León,DOMINGO,1,2024,121,5.4,13.6,-1.0,5.6,11.1,0.0,83.0,102
2024-01-29,C.A.U. León,León,LUNES,1,2024,102,6.9,12.1,2.0,5.2,9.4,0.0,87.0,139
2024-01-30,C.A.U. León,León,MARTES,1,2024,139,5.6,13.2,-1.0,5.6,11.1,0.0,82.0,145
2024-01-31,C.A.U. León,León,MIÉRCOLES,1,2024,145,6.1,16.7,-1.0,5.0,11.1,0.0,77.0,117
2024-02-01,C.A.U. León,León,JUEVES,2,2024,117,7.1,17.0,-1.0,5.0,9.4,0.0,67.0,138
2024-02-02,C.A.U. León,León,VIERNES,2,2024,138,5.6,14.7,-2.0,4.8,13.0,0.0,75.0,147
2024-02-03,C.A.U. León,León,SÁBADO,2,2024,147,5.2,15.6,-2.0,5.0,11.1,0.0,70.0,108
2024-02-04,C.A.U. León,León,DOMINGO,2,2024,108,5.3,16.1,-2.0,5.9,9.4,0.0,76.0,115
2024-02-05,C.A.U. León,León,LUNES,2,2024,115,4.8,13.6,-2.0,6.9,13.0,0.0,84.0,132
2024-02-06,C.A.U. León,León,MARTES,2,2024,132,6.5,15.0,-2.0,8.9,20.6,0.0,70.0,142
2024-02-07,C.A.U. León,León,MIÉRCOLES,2,2024,142,2.7,8.0,-3.0,3.5,22.2,0.0,94.0,108
2024-02-08,C.A.U. León,León,JUEVES,2,2024,108,7.6,9.0,4.3,25.6,51.9,0.0,88.0,141
2024-02-09,C.A.U. León,León,VIERNES,2,2024,141,6.9,8.1,4.0,15.9,31.7,0.0,96.0,152
2024-02-10,C.A.U. León,León,SÁBADO,2,2024,152,3.2,6.3,1.0,20.4,35.2,6.1,83.0,106
2024-02-11,C.A.U. León,León,DOMINGO,2,2024,106,3.9,7.1,1.0,14.1,22.2,0.0,87.0,123
2024-02-12,C.A.U. León,León,LUNES,2,2024,123,8.2,13.2,3.0,12.2,27.8,1.27,71.0,131
2024-02-13,C.A.U. León,León,MARTES,2,2024,131,5.7,12.0,0.0,5.4,13.0,0.0,92.0,135
2024-02-14,C.A.U. León,León,MIÉRCOLES,2,2024,135,8.2,13.0,2.0,5.6,9.4,0.25,99.0,137
2024-02-15,C.A.U. León,León,JUEVES,2,2024,137,9.2,13.0,5.6,12.4,25.9,0.0,93.0,115
2024-02-16,C.A.U. León,León,VIERNES,2,2024,115,7.4,13.7,3.0,9.6,16.5,7.11,75.0,151
2024-02-17,C.A.U. León,León,SÁBADO,2,2024,151,5.5,15.0,-2.0,6.7,14.8,0.0,75.0,129
2024-02-18,C.A.U. León,León,DOMINGO,2,2024,129,8.9,17.6,0.0,6.1,14.8,0.0,74.0,109
2024-02-19,C.A.U. León,León,LUNES,2,2024,109,10.9,18.0,2.0,6.1,11.1,0.0,74.0,145
2024-02-20,C.A.U. León,León,MARTES,2,2024,145,6.3,16.1,-4.0,6.1,14.8,0.0,57.0,155
2024-02-21,C.A.U. León,León,MIÉRCOLES,2,2024,155,6.1,12.0,-3.0,7.2,27.8,0.0,77.0,136
2024-02-22,C.A.U. León,León,JUEVES,2,2024,136,6.3,13.0,1.0,18.0,46.5,0.0,81.0,145
2024-02-23,C.A.U. León,León,VIERNES,2,2024,145,2.2,6.0,0.0,26.7,40.7,0.0,85.0,148
2024-02-24,C.A.U. León,León,SÁBADO,2,2024,148,2.9,7.1,-0.2,21.7,31.7,0.51,85.0,101
2024-02-25,C.A.U. León,León,DOMINGO,2,2024,101,7.3,11.0,3.0,21.7,37.0,4.83,86.0,126
2024-02-26,C.A.U. León,León,LUNES,2,2024,126,2.7,6.0,0.0,17.2,25.9,7.11,85.0,145
2024-02-27,C.A.U. León,León,MARTES,2,2024,145,3.3,7.0,-0.3,17.4,33.5,15.49,69.0,129
2024-02-28,C.A.U. León,León,MIÉRCOLES,2,2024,129,5.8,13.4,0.0,10.0,16.5,0.0,66.0,120
2024-02-29,C.A.U. León,León,JUEVES,2,2024,120,3.3,9.3,-1.0,15.6,57.6,0.0,81.0,124
2024-03-01,C.A.U. León,León,VIERNES,3,2024,124,3.9,8.2,0.0,19.3,35.2,0.0,86.0,126
2024-03-02,C.A.U. León,León,SÁBADO,3,2024,126,2.8,5.5,-1.0,18.5,38.9,1.52,90.0,120
2024-03-03,C.A.U. León,León,DOMINGO,3,2024,120,2.7,7.0,-1.4,18.0,27.8,12.95,81.0,102
2024-03-04,C.A.U. León,León,LUNES,3,2024,102,5.1,9.8,2.7,15.4,38.9,0.0,82.0,129
2024-03-05,C.A.U. León,León,MARTES,3,2024,129,4.4,10.2,-1.0,12.6,22.2,0.51,71.0,148
2024-03-06,C.A.U. León,León,MIÉRCOLES,3,2024,148,3.3,11.0,-4.0,7.2,16.5,0.0,74.0,131
2024-03-07,C.A.U. León,León,JUEVES,3,2024,131,4.4,8.0,2.0,11.7,29.4,0.0,83.0,106
2024-03-08,C.A.U. León,León,VIERNES,3,2024,106,3.1,8.0,0.0,16.5,40.7,5.84,94.0,145
2024-03-09,C.A.U. León,León,SÁBADO,3,2024,145,2.7,6.1,0.0,21.1,38.9,12.19,87.0,114
2024-03-10,C.A.U. León,León,DOMINGO,3,2024,114,5.0,11.0,2.2,18.9,29.4,1.52,81.0,133
2024-03-11,C.A.U. León,León,LUNES,3,2024,133,5.7,11.0,1.0,17.4,31.7,0.51,76.0,136
2024-03-12,C.A.U. León,León,MARTES,3,2024,136,5.1,14.0,-3.0,5.9,13.0,0.0,73.0,164
2024-03-13,C.A.U. León,León,MIÉRCOLES,3,2024,164,8.3,16.2,-1.0,8.7,14.8,0.0,59.0,131
2024-03-14,C.A.U. León,León,JUEVES,3,2024,131,7.7,15.0,0.0,12.2,35.2,0.0,78.0,134
2024-03-15,C.A.U. León,León,VIERNES,3,2024,134,10.4,16.0,3.0,10.7,22.2,0.0,72.0,140
2024-03-16,C.A.U. León,León,SÁBADO,3,2024,140,8.8,15.0,1.0,8.3,18.3,0.0,81.0,115
2024-03-17,C.A.U. León,León,DOMINGO,3,2024,115,10.8,16.6,5.0,6.3,13.0,0.0,85.0,111
2024-03-18,C.A.U. León,León,LUNES,3,2024,111,11.1,19.0,3.0,7.2,16.5,0.0,80.0,142
2024-03-19,C.A.U. León,León,MARTES,3,2024,142,13.1,19.4,7.6,8.3,16.5,0.0,73.0,163
2024-03-20,C.A.U. León,León,MIÉRCOLES,3,2024,163,12.7,19.0,6.0,10.0,22.2,0.0,71.0,144
2024-03-21,C.A.U. León,León,JUEVES,3,2024,144,14.9,22.0,8.6,11.7,20.6,2.03,60.0,127
2024-03-22,C.A.U. León,León,VIERNES,3,2024,127,16.8,24.6,8.0,8.3,24.1,0.0,44.0,147
2024-03-23,C.A.U. León,León,SÁBADO,3,2024,147,11.9,19.9,2.0,7.4,14.8,0.0,55.0,149
2024-03-24,C.A.U. León,León,DOMINGO,3,2024,149,7.5,17.7,-2.0,6.7,13.0,0.0,57.0,113
2024-03-25,C.A.U. León,León,LUNES,3,2024,113,6.9,13.4,0.0,14.8,38.9,0.0,66.0,146
2024-03-26,C.A.U. León,León,MARTES,3,2024,146,1.7,7.2,-1.3,20.9,38.9,1.02,76.0,124
2024-03-27,C.A.U. León,León,MIÉRCOLES,3,2024,124,5.6,10.0,0.6,32.2,64.8,2.29,78.0,129
2024-03-28,C.A.U. León,León,JUEVES,3,2024,129,0.0,0.0,0.0,0.0,0.0,0.0,0.0,142
2024-03-29,C.A.U. León,León,VIERNES,3,2024,142,0.0,0.0,0.0,0.0,0.0,0.0,0.0,116
2024-03-30,C.A.U. León,León,SÁBADO,3,2024,116,0.0,0.0,0.0,0.0,0.0,0.0,0.0,118
2024-03-31,C.A.U. León,León,DOMINGO,3,2024,118,0.0,0.0,0.0,0.0,0.0,0.0,0.0,100
2024-04-01,C.A.U. León,León,LUNES,4,2024,100,3.6,9.5,0.0,14.1,25.9,0.76,78.0,145
2024-04-02,C.A.U. León,León,MARTES,4,2024,145,3.7,7.0,0.0,6.7,13.0,0.0,93.0,162
2024-04-03,C.A.U. León,León,MIÉRCOLES,4,2024,162,8.9,14.0,4.0,14.1,33.5,11.18,83.0,131
2024-04-04,C.A.U. León,León,JUEVES,4,2024,131,9.3,16.1,2.0,10.0,24.1,0.0,78.0,125
2024-04-05,C.A.U. León,León,VIERNES,4,2024,125,13.6,20.1,8.0,16.9,31.7,0.0,57.0,146
2024-04-06,C.A.U. León,León,SÁBADO,4,2024,146,12.2,17.0,9.0,15.9,37.0,0.0,73.0,107
2024-04-07,C.A.U. León,León,DOMINGO,4,2024,107,11.0,16.1,8.0,9.8,22.2,1.78,80.0,96
2024-04-08,C.A.U. León,León,LUNES,4,2024,96,7.3,11.0,1.5,19.8,40.7,8.13,78.0,155
2024-04-09,C.A.U. León,León,MARTES,4,2024,155,6.2,14.0,0.0,11.1,18.3,3.81,67.0,135
2024-04-10,C.A.U. León,León,MIÉRCOLES,4,2024,135,9.6,19.0,0.0,6.5,16.5,0.0,69.0,126
2024-04-11,C.A.U. León,León,JUEVES,4,2024,126,13.1,22.8,2.0,6.1,13.0,0.0,67.0,131
2024-04-12,C.A.U. León,León,VIERNES,4,2024,131,16.8,27.4,6.0,8.1,14.8,0.0,50.0,145
2024-04-13,C.A.U. León,León,SÁBADO,4,2024,145,17.6,26.2,8.0,7.4,13.0,0.0,47.0,130
2024-04-14,C.A.U. León,León,DOMINGO,4,2024,130,18.3,26.0,9.0,9.3,18.3,0.0,52.0,129
2024-04-15,C.A.U. León,León,LUNES,4,2024,129,16.1,24.0,9.0,9.8,20.6,0.0,42.0,154
2024-04-16,C.A.U. León,León,MARTES,4,2024,154,10.9,19.7,2.0,9.4,22.2,0.0,61.0,160
2024-04-17,C.A.U. León,León,MIÉRCOLES,4,2024,160,9.9,17.0,1.0,7.8,14.8,0.0,59.0,140
2024-04-18,C.A.U. León,León,JUEVES,4,2024,140,8.4,17.0,-1.0,8.7,16.5,0.0,67.0,121
2024-04-19,C.A.U. León,León,VIERNES,4,2024,121,10.0,20.3,-3.0,5.9,13.0,0.0,43.0,128
2024-04-20,C.A.U. León,León,SÁBADO,4,2024,128,13.1,21.0,2.0,7.6,18.3,0.0,41.0,123
2024-04-21,C.A.U. León,León,DOMINGO,4,2024,123,10.2,20.4,0.0,7.0,16.5,0.0,47.0,106
2024-04-22,C.A.U. León,León,LUNES,4,2024,106,7.2,16.2,-1.0,9.8,24.1,0.0,52.0,139
2024-04-23,C.A.U. León,León,MARTES,4,2024,139,5.6,13.0,-3.0,12.8,27.8,0.0,63.0,115
2024-04-24,C.A.U. León,León,MIÉRCOLES,4,2024,115,7.6,16.0,-3.0,10.2,16.5,0.0,57.0,117
2024-04-25,C.A.U. León,León,JUEVES,4,2024,117,8.1,13.0,3.0,8.7,29.4,0.0,69.0,169
2024-04-26,C.A.U. León,León,VIERNES,4,2024,169,8.2,13.6,4.0,11.9,46.5,1.02,73.0,159
2024-04-27,C.A.U. León,León,SÁBADO,4,2024,159,6.2,10.3,3.0,14.8,29.4,5.59,78.0,114
2024-04-28,C.A.U. León,León,DOMINGO,4,2024,114,5.8,11.5,0.0,7.8,16.5,1.27,70.0,131
2024-04-29,C.A.U. León,León,LUNES,4,2024,131,8.7,16.3,-1.0,5.9,14.8,1.27,56.0,131
2024-04-30,C.A.U. León,León,MARTES,4,2024,131,7.8,12.2,3.0,11.1,25.9,0.0,81.0,149
2024-05-01,C.A.U. León,León,MIÉRCOLES,5,2024,149,2.4,4.0,1.0,9.3,13.0,0.0,89.0,94
2024-05-02,C.A.U. León,León,JUEVES,5,2024,94,6.1,12.0,1.0,12.6,27.8,6.6,75.0,135
2024-05-03,C.A.U. León,León,VIERNES,5,2024,135,7.8,11.5,3.0,18.0,38.9,1.02,81.0,158
2024-05-04,C.A.U. León,León,SÁBADO,5,2024,158,11.1,16.1,8.0,25.7,40.7,0.0,81.0,120
2024-05-05,C.A.U. León,León,DOMINGO,5,2024,120,10.3,13.8,9.0,14.6,25.9,0.0,90.0,97
2024-05-06,C.A.U. León,León,LUNES,5,2024,97,8.6,14.8,2.0,10.7,22.2,23.11,64.0,155
2024-05-07,C.A.U. León,León,MARTES,5,2024,155,11.2,18.2,2.7,8.1,14.8,0.0,62.0,163
2024-05-08,C.A.U. León,León,MIÉRCOLES,5,2024,163,11.5,21.0,2.0,5.4,11.1,0.0,59.0,150
2024-05-09,C.A.U. León,León,JUEVES,5,2024,150,13.8,23.0,3.0,5.2,11.1,0.0,50.0,110
2024-05-10,C.A.U. León,León,VIERNES,5,2024,110,16.1,24.2,3.0,7.4,14.8,0.0,47.0,160
2024-05-11,C.A.U. León,León,SÁBADO,5,2024,160,15.4,21.0,9.0,10.7,20.6,0.0,64.0,143
2024-05-12,C.A.U. León,León,DOMINGO,5,2024,143,14.4,21.6,5.0,9.6,18.3,0.0,57.0,131
2024-05-13,C.A.U. León,León,LUNES,5,2024,131,11.3,18.3,6.0,10.4,25.9,0.0,81.0,134
2024-05-14,C.A.U. León,León,MARTES,5,2024,134,8.6,13.5,4.0,20.4,40.7,8.89,76.0,164
2024-05-15,C.A.U. León,León,MIÉRCOLES,5,2024,164,7.4,12.6,3.9,19.6,29.4,0.0,73.0,148
2024-05-16,C.A.U. León,León,JUEVES,5,2024,148,8.1,12.0,5.0,11.7,22.2,0.0,75.0,123
2024-05-17,C.A.U. León,León,VIERNES,5,2024,123,9.3,15.3,5.0,8.7,25.9,0.0,78.0,135
2024-05-18,C.A.U. León,León,SÁBADO,5,2024,135,7.8,12.3,3.0,5.2,16.5,0.51,90.0,137
2024-05-19,C.A.U. León,León,DOMINGO,5,2024,137,9.7,16.0,4.0,7.2,22.2,8.13,74.0,131
2024-05-20,C.A.U. León,León,LUNES,5,2024,131,10.2,16.0,4.0,7.0,20.6,6.6,75.0,158
2024-05-21,C.A.U. León,León,MARTES,5,2024,158,10.3,15.8,5.9,13.7,29.4,1.78,72.0,129
2024-05-22,C.A.U. León,León,MIÉRCOLES,5,2024,129,9.8,16.0,3.0,12.6,29.4,0.0,72.0,160
2024-05-23,C.A.U. León,León,JUEVES,5,2024,160,10.1,17.4,2.0,7.8,18.3,0.0,64.0,154
2024-05-24,C.A.U. León,León,VIERNES,5,2024,154,12.6,21.0,1.0,6.5,16.5,0.0,61.0,129
2024-05-25,C.A.U. León,León,SÁBADO,5,2024,129,15.9,23.1,6.0,12.4,24.1,0.0,51.0,90
2024-05-26,C.A.U. León,León,DOMINGO,5,2024,90,15.2,21.4,10.0,8.9,16.5,0.0,64.0,107
2024-05-27,C.A.U. León,León,LUNES,5,2024,107,14.2,21.7,6.0,6.1,11.1,0.0,59.0,176
2024-05-28,C.A.U. León,León,MARTES,5,2024,176,15.9,26.1,5.0,7.2,14.8,0.0,57.0,151
2024-05-29,C.A.U. León,León,MIÉRCOLES,5,2024,151,18.6,27.6,7.0,7.4,18.3,0.0,56.0,153
2024-05-30,C.A.U. León,León,JUEVES,5,2024,153,17.8,25.2,10.0,8.5,20.6,0.0,61.0,141
2024-05-31,C.A.U. León,León,VIERNES,5,2024,141,12.3,22.3,1.0,7.8,14.8,0.51,58.0,147
2024-06-01,C.A.U. León,León,SÁBADO,6,2024,147,12.2,21.0,1.0,7.2,18.3,0.0,58.0,126
2024-06-02,C.A.U. León,León,DOMINGO,6,2024,126,13.1,21.0,2.0,10.9,22.2,0.0,59.0,128
2024-06-03,C.A.U. León,León,LUNES,6,2024,128,14.9,24.7,2.0,5.2,13.0,0.0,54.0,169
2024-06-04,C.A.U. León,León,MARTES,6,2024,169,17.9,26.8,7.0,8.3,18.3,0.0,54.0,149
2024-06-05,C.A.U. León,León,MIÉRCOLES,6,2024,149,18.5,27.0,8.0,8.0,27.8,0.0,54.0,145
2024-06-06,C.A.U. León,León,JUEVES,6,2024,145,20.7,28.5,10.0,9.6,20.6,0.0,51.0,153
2024-06-07,C.A.U. León,León,VIERNES,6,2024,153,20.0,29.2,15.0,10.6,61.1,0.0,60.0,139
2024-06-08,C.A.U. León,León,SÁBADO,6,2024,139,16.7,23.6,12.0,11.9,29.4,18.29,79.0,147
2024-06-09,C.A.U. León,León,DOMINGO,6,2024,147,14.7,20.2,11.0,6.9,14.8,17.53,77.0,126
2024-06-10,C.A.U. León,León,LUNES,6,2024,126,14.7,22.0,6.0,8.9,20.6,0.0,56.0,135
2024-06-11,C.A.U. León,León,MARTES,6,2024,135,11.8,20.5,2.0,7.2,20.6,0.0,69.0,149
2024-06-12,C.A.U. León,León,MIÉRCOLES,6,2024,149,13.9,19.7,10.0,8.1,18.3,0.0,55.0,130
2024-06-13,C.A.U. León,León,JUEVES,6,2024,130,13.9,22.3,3.0,11.1,20.6,0.0,59.0,139
2024-06-14,C.A.U. León,León,VIERNES,6,2024,139,16.7,21.7,9.0,18.0,37.0,0.51,65.0,127
2024-06-15,C.A.U. León,León,SÁBADO,6,2024,127,13.0,20.3,6.0,16.5,25.9,0.0,62.0,120
2024-06-16,C.A.U. León,León,DOMINGO,6,2024,120,14.9,21.9,10.0,14.1,27.8,0.0,69.0,130
2024-06-17,C.A.U. León,León,LUNES,6,2024,130,16.4,21.4,10.0,12.4,27.8,0.0,67.0,183
2024-06-18,C.A.U. León,León,MARTES,6,2024,183,13.4,18.5,10.8,9.1,22.2,14.48,84.0,124
2024-06-19,C.A.U. León,León,MIÉRCOLES,6,2024,124,13.3,19.0,7.0,7.4,16.5,6.1,74.0,144
2024-06-20,C.A.U. León,León,JUEVES,6,2024,144,13.4,19.1,8.0,9.1,20.6,0.0,72.0,139
2024-06-21,C.A.U. León,León,VIERNES,6,2024,139,15.5,23.5,7.5,9.6,18.3,2.54,60.0,117
2024-06-22,C.A.U. León,León,SÁBADO,6,2024,117,16.2,22.0,12.0,10.4,18.3,0.25,66.0,119
2024-06-23,C.A.U. León,León,DOMINGO,6,2024,119,18.6,26.8,9.0,7.2,16.5,0.0,62.0,136
2024-06-24,C.A.U. León,León,LUNES,6,2024,136,18.9,27.2,10.0,5.6,11.1,0.0,69.0,137
2024-06-25,C.A.U. León,León,MARTES,6,2024,137,21.6,29.1,13.0,7.4,20.6,0.0,58.0,138
2024-06-26,C.A.U. León,León,MIÉRCOLES,6,2024,138,21.4,29.7,16.0,9.8,40.7,0.0,61.0,129
2024-06-27,C.A.U. León,León,JUEVES,6,2024,129,21.6,29.5,12.0,8.3,14.8,3.81,60.0,67
2024-06-28,C.A.U. León,León,VIERNES,6,2024,67,21.6,28.5,14.0,7.2,14.8,2.54,63.0,182
2024-06-29,C.A.U. León,León,SÁBADO,6,2024,182,17.2,19.0,15.0,7.6,18.3,0.0,83.0,129
2024-06-30,C.A.U. León,León,DOMINGO,6,2024,129,16.2,23.0,9.0,7.0,18.3,0.0,69.0,118
2024-07-01,C.A.U. León,León,LUNES,7,2024,118,17.5,24.9,7.0,6.5,16.5,7.62,60.0,137
2024-07-02,C.A.U. León,León,MARTES,7,2024,137,17.7,27.0,8.0,7.0,13.0,0.0,57.0,138
2024-07-03,C.A.U. León,León,MIÉRCOLES,7,2024,138,19.1,29.3,9.0,8.0,18.3,0.0,51.0,118
2024-07-04,C.A.U. León,León,JUEVES,7,2024,118,20.6,30.0,9.0,5.0,11.1,0.0,50.0,130
2024-07-05,C.A.U. León,León,VIERNES,7,2024,130,23.0,31.6,14.0,8.1,22.2,0.0,51.0,138
2024-07-06,C.A.U. León,León,SÁBADO,7,2024,138,16.8,22.5,11.0,13.1,22.2,0.0,60.0,127
2024-07-07,C.A.U. León,León,DOMINGO,7,2024,127,15.7,24.5,5.0,8.3,16.5,0.0,54.0,112
2024-07-08,C.A.U. León,León,LUNES,7,2024,112,19.2,27.0,8.0,11.9,31.7,0.0,51.0,127
2024-07-09,C.A.U. León,León,MARTES,7,2024,127,16.8,19.4,14.8,6.5,13.0,0.0,78.0,143
2024-07-10,C.A.U. León,León,MIÉRCOLES,7,2024,143,19.3,26.2,14.0,6.3,13.0,4.57,77.0,122
2024-07-11,C.A.U. León,León,JUEVES,7,2024,122,19.9,25.9,13.0,11.7,24.1,0.0,61.0,130
2024-07-12,C.A.U. León,León,VIERNES,7,2024,130,17.8,26.0,8.0,8.0,14.8,0.0,54.0,115
2024-07-13,C.A.U. León,León,SÁBADO,7,2024,115,18.7,26.2,11.0,7.0,14.8,0.0,53.0,112
2024-07-14,C.A.U. León,León,DOMINGO,7,2024,112,19.6,26.7,10.0,8.7,27.8,0.0,52.0,107
2024-07-15,C.A.U. León,León,LUNES,7,2024,107,18.3,23.0,14.0,15.6,29.4,2.79,63.0,141
2024-07-16,C.A.U. León,León,MARTES,7,2024,141,17.0,25.6,7.0,8.3,20.6,0.0,52.0,127
2024-07-17,C.A.U. León,León,MIÉRCOLES,7,2024,127,19.2,29.5,7.0,5.9,16.5,0.0,50.0,122
2024-07-18,C.A.U. León,León,JUEVES,7,2024,122,22.8,31.0,12.0,9.4,18.3,0.0,44.0,114
2024-07-19,C.A.U. León,León,VIERNES,7,2024,114,23.6,31.6,14.0,9.3,16.5,0.0,47.0,151
2024-07-20,C.A.U. León,León,SÁBADO,7,2024,151,20.4,26.3,13.0,19.6,31.7,0.0,62.0,117
2024-07-21,C.A.U. León,León,DOMINGO,7,2024,117,18.2,27.2,7.0,7.0,14.8,0.0,42.0,128
2024-07-22,C.A.U. León,León,LUNES,7,2024,128,20.4,31.0,6.0,5.6,11.1,0.0,47.0,138
2024-07-23,C.A.U. León,León,MARTES,7,2024,138,24.0,33.7,12.0,7.2,13.0,0.0,45.0,135
2024-07-24,C.A.U. León,León,MIÉRCOLES,7,2024,135,24.9,34.4,14.0,7.8,16.5,0.0,39.0,119
2024-07-25,C.A.U. León,León,JUEVES,7,2024,119,24.3,34.2,11.0,8.7,16.5,0.0,32.0,147
2024-07-26,C.A.U. León,León,VIERNES,7,2024,147,24.1,33.0,14.0,7.8,16.5,0.0,38.0,149
2024-07-27,C.A.U. León,León,SÁBADO,7,2024,149,23.0,32.4,12.0,7.4,16.5,0.0,51.0,110
2024-07-28,C.A.U. León,León,DOMINGO,7,2024,110,25.2,34.0,16.0,9.1,20.6,0.0,44.0,124
2024-07-29,C.A.U. León,León,LUNES,7,2024,124,26.6,33.9,20.7,12.0,35.2,0.0,38.0,159
2024-07-30,C.A.U. León,León,MARTES,7,2024,159,24.1,31.3,17.0,11.7,35.2,4.57,51.0,137
2024-07-31,C.A.U. León,León,MIÉRCOLES,7,2024,137,24.1,32.0,14.0,6.9,14.8,0.0,49.0,146
2024-08-01,C.A.U. León,León,JUEVES,8,2024,146,22.9,31.8,14.0,7.6,16.5,0.0,53.0,132
2024-08-02,C.A.U. León,León,VIERNES,8,2024,132,21.2,29.3,13.0,8.0,16.5,0.0,57.0,135
2024-08-03,C.A.U. León,León,SÁBADO,8,2024,135,21.3,31.0,10.0,8.0,14.8,0.0,46.0,140
2024-08-04,C.A.U. León,León,DOMINGO,8,2024,140,22.4,32.0,9.0,6.5,14.8,0.0,42.0,96
2024-08-05,C.A.U. León,León,LUNES,8,2024,96,23.5,32.5,13.0,7.4,22.2,0.0,43.0,159
2024-08-06,C.A.U. León,León,MARTES,8,2024,159,21.1,30.7,9.0,7.8,20.6,0.0,52.0,139
2024-08-07,C.A.U. León,León,MIÉRCOLES,8,2024,139,22.2,30.5,12.0,6.3,16.5,0.0,52.0,161
2024-08-08,C.A.U. León,León,JUEVES,8,2024,161,23.7,33.2,13.0,6.5,18.3,0.0,44.0,137
2024-08-09,C.A.U. León,León,VIERNES,8,2024,137,25.9,35.3,16.0,7.4,16.5,0.0,35.0,134
2024-08-10,C.A.U. León,León,SÁBADO,8,2024,134,27.9,36.0,17.0,10.7,24.1,0.0,30.0,94
2024-08-11,C.A.U. León,León,DOMINGO,8,2024,94,27.7,34.5,19.8,10.6,18.3,0.0,30.0,138
2024-08-12,C.A.U. León,León,LUNES,8,2024,138,0.0,0.0,0.0,0.0,0.0,0.0,0.0,149
2024-08-13,C.A.U. León,León,MARTES,8,2024,149,17.8,22.7,11.0,7.2,18.3,0.0,74.0,157
2024-08-14,C.A.U. León,León,MIÉRCOLES,8,2024,157,18.3,26.3,11.4,9.8,22.2,0.51,54.0,144
2024-08-15,C.A.U. León,León,JUEVES,8,2024,144,17.1,28.4,4.0,7.2,18.3,0.0,44.0,105
2024-08-16,C.A.U. León,León,VIERNES,8,2024,105,21.0,31.9,8.0,8.7,18.3,0.0,37.0,134
2024-08-17,C.A.U. León,León,SÁBADO,8,2024,134,22.1,31.0,12.0,9.6,25.9,0.0,51.0,135
2024-08-18,C.A.U. León,León,DOMINGO,8,2024,135,21.1,28.8,13.0,9.8,16.5,0.0,55.0,119
2024-08-19,C.A.U. León,León,LUNES,8,2024,119,19.7,30.3,9.0,7.8,18.3,0.0,57.0,150
2024-08-20,C.A.U. León,León,MARTES,8,2024,150,22.6,30.1,11.0,10.7,24.1,0.0,42.0,143
2024-08-21,C.A.U. León,León,MIÉRCOLES,8,2024,143,19.7,30.1,9.0,6.7,16.5,0.0,53.0,127
2024-08-22,C.A.U. León,León,JUEVES,8,2024,127,22.7,32.0,11.0,10.4,22.2,0.0,40.0,141
2024-08-23,C.A.U. León,León,VIERNES,8,2024,141,20.8,31.0,9.0,6.9,13.0,0.0,40.0,136
2024-08-24,C.A.U. León,León,SÁBADO,8,2024,136,18.7,27.3,10.9,13.1,27.8,0.0,59.0,132
2024-08-25,C.A.U. León,León,DOMINGO,8,2024,132,16.5,26.6,4.0,7.8,16.5,0.0,52.0,116
2024-08-26,C.A.U. León,León,LUNES,8,2024,116,17.0,27.7,6.0,6.9,13.0,0.0,50.0,149
2024-08-27,C.A.U. León,León,MARTES,8,2024,149,21.3,31.0,10.0,8.1,18.3,0.0,39.0,142
2024-08-28,C.A.U. León,León,MIÉRCOLES,8,2024,142,21.3,30.0,11.0,9.3,18.3,0.0,40.0,153
2024-08-29,C.A.U. León,León,JUEVES,8,2024,153,19.1,27.0,14.0,9.8,29.4,0.0,69.0,134
2024-08-30,C.A.U. León,León,VIERNES,8,2024,134,19.4,27.6,13.0,8.0,14.8,8.89,68.0,134
2024-08-31,C.A.U. León,León,SÁBADO,8,2024,134,19.6,26.0,15.0,8.5,14.8,0.0,73.0,124
2024-09-01,C.A.U. León,León,DOMINGO,9,2024,124,18.9,27.1,12.0,7.0,14.8,6.1,66.0,120
2024-09-02,C.A.U. León,León,LUNES,9,2024,120,17.8,24.5,14.0,8.1,22.2,0.0,76.0,139
2024-09-03,C.A.U. León,León,MARTES,9,2024,139,16.5,22.3,13.0,11.5,24.1,0.76,67.0,131
2024-09-04,C.A.U. León,León,MIÉRCOLES,9,2024,131,15.7,22.3,11.0,12.2,22.2,0.0,57.0,142
2024-09-05,C.A.U. León,León,JUEVES,9,2024,142,11.7,17.8,6.8,7.0,20.6,0.0,72.0,119
2024-09-06,C.A.U. León,León,VIERNES,9,2024,119,9.5,15.1,3.4,8.5,22.2,4.32,78.0,142
2024-09-07,C.A.U. León,León,SÁBADO,9,2024,142,13.2,20.0,9.8,8.7,18.3,3.81,69.0,99
2024-09-08,C.A.U. León,León,DOMINGO,9,2024,99,14.6,23.0,6.0,8.7,22.2,0.0,58.0,116
2024-09-09,C.A.U. León,León,LUNES,9,2024,116,14.7,24.2,4.0,6.5,14.8,0.0,61.0,127
2024-09-10,C.A.U. León,León,MARTES,9,2024,127,15.8,25.4,6.0,6.5,14.8,0.0,60.0,128
2024-09-11,C.A.U. León,León,MIÉRCOLES,9,2024,128,14.1,23.3,3.0,8.1,24.1,0.0,53.0,127
2024-09-12,C.A.U. León,León,JUEVES,9,2024,127,15.4,22.0,10.0,14.1,24.1,0.0,67.0,118
2024-09-13,C.A.U. León,León,VIERNES,9,2024,118,9.9,16.3,3.0,7.8,16.5,0.0,67.0,124
2024-09-14,C.A.U. León,León,SÁBADO,9,2024,124,12.4,25.0,0.0,5.9,13.0,0.0,41.0,107
2024-09-15,C.A.U. León,León,DOMINGO,9,2024,107,15.7,27.0,5.0,5.7,11.1,0.0,31.0,112
2024-09-16,C.A.U. León,León,LUNES,9,2024,112,16.7,27.5,3.0,6.9,16.5,0.0,32.0,124
2024-09-17,C.A.U. León,León,MARTES,9,2024,124,13.6,22.0,2.0,10.0,24.1,0.0,52.0,153
2024-09-18,C.A.U. León,León,MIÉRCOLES,9,2024,153,13.9,23.6,4.0,7.4,13.0,0.0,58.0,127
2024-09-19,C.A.U. León,León,JUEVES,9,2024,127,14.7,23.2,7.0,9.1,16.5,0.0,71.0,147
2024-09-20,C.A.U. León,León,VIERNES,9,2024,147,15.1,19.0,10.8,6.9,16.5,4.06,76.0,128
2024-09-21,C.A.U. León,León,SÁBADO,9,2024,128,13.8,18.2,9.0,6.9,24.1,1.52,85.0,118
2024-09-22,C.A.U. León,León,DOMINGO,9,2024,118,13.2,21.0,7.0,8.7,25.9,0.0,67.0,124
2024-09-23,C.A.U. León,León,LUNES,9,2024,124,12.6,20.0,5.0,12.2,27.8,0.0,59.0,142
2024-09-24,C.A.U. León,León,MARTES,9,2024,142,12.3,17.0,10.0,10.4,20.6,0.0,81.0,132
2024-09-25,C.A.U. León,León,MIÉRCOLES,9,2024,132,14.5,20.8,10.0,17.4,42.4,1.27,91.0,138
2024-09-26,C.A.U. León,León,JUEVES,9,2024,138,15.5,20.0,10.9,31.9,46.5,19.3,77.0,130
2024-09-27,C.A.U. León,León,VIERNES,9,2024,130,10.2,14.9,5.0,17.4,27.8,13.72,68.0,137
2024-09-28,C.A.U. León,León,SÁBADO,9,2024,137,8.9,15.8,1.0,7.0,13.0,0.0,66.0,117
2024-09-29,C.A.U. León,León,DOMINGO,9,2024,117,13.9,22.1,5.0,7.6,18.3,0.0,57.0,119
2024-09-30,C.A.U. León,León,LUNES,9,2024,119,17.0,24.0,11.0,8.5,22.2,0.0,71.0,139
2024-10-01,C.A.U. León,León,MARTES,10,2024,139,17.1,21.2,12.0,16.1,35.2,0.0,79.0,137
2024-10-02,C.A.U. León,León,MIÉRCOLES,10,2024,137,15.9,18.3,12.0,13.5,25.9,1.02,93.0,132
2024-10-03,C.A.U. León,León,JUEVES,10,2024,132,13.1,20.0,6.0,6.1,11.1,12.19,84.0,137
2024-10-04,C.A.U. León,León,VIERNES,10,2024,137,13.3,20.6,6.0,4.6,13.0,0.0,76.0,130
2024-10-05,C.A.U. León,León,SÁBADO,10,2024,130,14.7,18.4,12.0,11.1,27.8,0.0,89.0,131
2024-10-06,C.A.U. León,León,DOMINGO,10,2024,131,14.6,18.0,13.0,13.5,25.9,1.78,94.0,109
2024-10-07,C.A.U. León,León,LUNES,10,2024,109,13.1,16.9,10.0,11.3,24.1,2.79,85.0,143
2024-10-08,C.A.U. León,León,MARTES,10,2024,143,12.2,15.1,10.0,21.3,40.7,1.02,90.0,119
2024-10-09,C.A.U. León,León,MIÉRCOLES,10,2024,119,14.2,21.0,8.0,30.9,55.4,6.35,91.0,123
2024-10-10,C.A.U. León,León,JUEVES,10,2024,123,10.4,16.0,6.0,11.3,22.2,21.59,76.0,112
2024-10-11,C.A.U. León,León,VIERNES,10,2024,112,9.9,14.2,5.0,8.0,14.8,0.0,87.0,147
2024-10-12,C.A.U. León,León,SÁBADO,10,2024,147,14.3,18.0,11.8,8.5,18.3,5.84,94.0,104
2024-10-13,C.A.U. León,León,DOMINGO,10,2024,104,15.6,21.0,10.7,9.1,20.6,14.99,86.0,116
2024-10-14,C.A.U. León,León,LUNES,10,2024,116,15.9,21.0,11.6,5.2,11.1,0.0,79.0,149
2024-10-15,C.A.U. León,León,MARTES,10,2024,149,15.6,18.0,13.9,10.2,22.2,3.56,93.0,162
2024-10-16,C.A.U. León,León,MIÉRCOLES,10,2024,162,14.1,18.0,10.0,10.6,25.9,26.92,93.0,115
2024-10-17,C.A.U. León,León,JUEVES,10,2024,115,10.6,14.1,5.6,13.5,27.8,14.48,72.0,142
2024-10-18,C.A.U. León,León,VIERNES,10,2024,142,9.3,15.4,1.0,12.0,25.9,0.0,85.0,145
2024-10-19,C.A.U. León,León,SÁBADO,10,2024,145,12.8,15.2,9.5,7.4,14.8,0.0,91.0,100
2024-10-20,C.A.U. León,León,DOMINGO,10,2024,100,13.3,18.1,8.0,5.4,13.0,0.76,85.0,106
2024-10-21,C.A.U. León,León,LUNES,10,2024,106,12.0,18.1,6.0,8.3,20.6,0.0,85.0,159
2024-10-22,C.A.U. León,León,MARTES,10,2024,159,12.6,18.0,7.0,6.9,11.1,0.0,75.0,152
2024-10-23,C.A.U. León,León,MIÉRCOLES,10,2024,152,11.3,18.7,5.0,5.0,11.1,0.0,83.0,135
2024-10-24,C.A.U. León,León,JUEVES,10,2024,135,12.7,17.5,7.0,11.9,25.9,0.0,87.0,148
2024-10-25,C.A.U. León,León,VIERNES,10,2024,148,8.6,13.0,3.0,15.7,29.4,1.52,78.0,147
2024-10-26,C.A.U. León,León,SÁBADO,10,2024,147,5.7,11.0,0.0,6.9,18.3,0.0,79.0,107
2024-10-27,C.A.U. León,León,DOMINGO,10,2024,107,6.1,11.9,0.0,6.1,11.1,1.27,88.0,114
2024-10-28,C.A.U. León,León,LUNES,10,2024,114,11.7,17.2,5.0,12.8,25.9,1.52,68.0,144
2024-10-29,C.A.U. León,León,MARTES,10,2024,144,13.3,19.0,7.0,12.2,25.9,0.0,68.0,154
2024-10-30,C.A.U. León,León,MIÉRCOLES,10,2024,154,13.4,18.1,9.0,16.9,27.8,1.27,71.0,114
2024-10-31,C.A.U. León,León,JUEVES,10,2024,114,13.2,17.2,10.0,11.1,22.2,0.0,75.0,139
2024-11-01,C.A.U. León,León,VIERNES,11,2024,139,13.1,18.0,9.0,7.2,11.1,0.0,80.0,117
2024-11-02,C.A.U. León,León,SÁBADO,11,2024,117,12.0,19.0,4.0,6.1,11.1,0.76,72.0,104
2024-11-03,C.A.U. León,León,DOMINGO,11,2024,104,12.3,17.1,9.0,6.5,13.0,0.0,77.0,121
2024-11-04,C.A.U. León,León,LUNES,11,2024,121,11.0,16.0,5.0,5.0,11.1,0.0,84.0,134
2024-11-05,C.A.U. León,León,MARTES,11,2024,134,12.1,15.0,10.0,3.7,7.6,0.0,95.0,150
2024-11-06,C.A.U. León,León,MIÉRCOLES,11,2024,150,12.4,18.8,7.0,4.8,11.1,2.54,84.0,155
2024-11-07,C.A.U. León,León,JUEVES,11,2024,155,11.6,18.7,6.0,6.1,13.0,0.0,82.0,128
2024-11-08,C.A.U. León,León,VIERNES,11,2024,128,11.2,15.8,8.0,6.7,14.8,0.0,90.0,143
2024-11-09,C.A.U. León,León,SÁBADO,11,2024,143,10.7,16.7,6.0,8.0,16.5,0.0,74.0,125
2024-11-10,C.A.U. León,León,DOMINGO,11,2024,125,11.0,17.0,6.0,5.9,22.2,0.76,83.0,112
2024-11-11,C.A.U. León,León,LUNES,11,2024,112,9.7,18.3,3.0,7.6,16.5,3.05,71.0,152
2024-11-12,C.A.U. León,León,MARTES,11,2024,152,6.9,13.0,1.0,10.4,29.4,0.0,66.0,134
2024-11-13,C.A.U. León,León,MIÉRCOLES,11,2024,134,6.5,11.0,2.0,17.2,40.7,0.0,62.0,131
2024-11-14,C.A.U. León,León,JUEVES,11,2024,131,11.4,16.0,8.0,15.0,25.9,0.51,64.0,137
2024-11-15,C.A.U. León,León,VIERNES,11,2024,137,10.3,14.7,6.0,7.8,13.0,0.0,79.0,119
2024-11-16,C.A.U. León,León,SÁBADO,11,2024,119,9.6,14.2,5.0,5.2,11.1,0.0,86.0,140
2024-11-17,C.A.U. León,León,DOMINGO,11,2024,140,10.3,18.5,4.0,6.5,11.1,0.0,76.0,137
2024-11-18,C.A.U. León,León,LUNES,11,2024,137,0.0,0.0,0.0,0.0,0.0,0.0,0.0,165
2024-11-19,C.A.U. León,León,MARTES,11,2024,165,0.0,0.0,0.0,0.0,0.0,0.0,0.0,150
2024-11-20,C.A.U. León,León,MIÉRCOLES,11,2024,150,0.0,0.0,0.0,0.0,0.0,0.0,0.0,152
2024-11-21,C.A.U. León,León,JUEVES,11,2024,152,0.0,0.0,0.0,0.0,0.0,0.0,0.0,141
2024-11-22,C.A.U. León,León,VIERNES,11,2024,141,4.2,9.1,-1.0,7.4,18.3,0.0,71.0,149
2024-11-23,C.A.U. León,León,SÁBADO,11,2024,149,7.1,12.0,0.9,7.2,16.5,0.0,93.0,106
2024-11-24,C.A.U. León,León,DOMINGO,11,2024,106,9.9,14.0,5.0,13.9,31.7,0.0,83.0,114
2024-11-25,C.A.U. León,León,LUNES,11,2024,114,8.2,12.0,4.0,18.3,38.9,21.84,84.0,127
2024-11-26,C.A.U. León,León,MARTES,11,2024,127,5.0,8.0,2.0,3.1,7.6,0.0,95.0,144
2024-11-27,C.A.U. León,León,MIÉRCOLES,11,2024,144,5.2,10.7,0.0,2.4,7.6,0.0,91.0,113
2024-11-28,C.A.U. León,León,JUEVES,11,2024,113,4.5,13.6,-2.0,4.8,9.4,0.0,83.0,132
2024-11-29,C.A.U. León,León,VIERNES,11,2024,132,6.9,13.9,2.0,4.8,11.1,0.0,86.0,152
2024-11-30,C.A.U. León,León,SÁBADO,11,2024,152,9.6,11.0,6.3,3.7,9.4,1.78,99.0,120
2024-12-01,C.A.U. León,León,DOMINGO,12,2024,120,0.0,0.0,0.0,0.0,0.0,0.0,0.0,123
2024-12-02,C.A.U. León,León,LUNES,12,2024,123,8.3,11.3,4.7,4.8,11.1,2.03,97.0,144
2024-12-03,C.A.U. León,León,MARTES,12,2024,144,5.9,8.0,2.0,8.5,16.5,2.29,92.0,162
2024-12-04,C.A.U. León,León,MIÉRCOLES,12,2024,162,7.3,11.5,3.0,8.3,22.2,0.0,87.0,131
2024-12-05,C.A.U. León,León,JUEVES,12,2024,131,9.2,14.0,4.0,11.3,27.8,0.0,88.0,158
2024-12-06,C.A.U. León,León,VIERNES,12,2024,158,10.8,16.6,5.0,10.2,27.8,0.0,90.0,131
2024-12-07,C.A.U. León,León,SÁBADO,12,2024,131,8.3,11.0,4.7,18.7,42.4,0.0,67.0,105
2024-12-08,C.A.U. León,León,DOMINGO,12,2024,105,4.0,7.0,0.5,15.2,24.1,0.0,69.0,120
2024-12-09,C.A.U. León,León,LUNES,12,2024,120,3.3,7.0,0.0,12.0,22.2,0.0,77.0,121
2024-12-10,C.A.U. León,León,MARTES,12,2024,121,2.8,7.4,-4.0,9.4,14.8,0.0,75.0,169
2024-12-11,C.A.U. León,León,MIÉRCOLES,12,2024,169,0.8,4.0,-5.0,3.5,9.4,0.0,93.0,140
2024-12-12,C.A.U. León,León,JUEVES,12,2024,140,2.2,7.3,-3.0,6.5,11.1,0.0,79.0,150
2024-12-13,C.A.U. León,León,VIERNES,12,2024,150,2.7,8.0,-4.0,4.3,9.4,0.0,82.0,139
2024-12-14,C.A.U. León,León,SÁBADO,12,2024,139,1.6,10.2,-5.0,5.7,14.8,0.0,73.0,126
2024-12-15,C.A.U. León,León,DOMINGO,12,2024,126,1.3,9.2,-4.0,6.5,11.1,0.0,80.0,141
2024-12-16,C.A.U. León,León,LUNES,12,2024,141,1.1,9.1,-5.0,5.7,11.1,0.0,86.0,157
2024-12-17,C.A.U. León,León,MARTES,12,2024,157,2.3,7.8,-4.0,5.2,11.1,0.0,87.0,156
2024-12-18,C.A.U. León,León,MIÉRCOLES,12,2024,156,5.4,9.1,1.3,6.9,25.9,0.0,94.0,163
2024-12-19,C.A.U. León,León,JUEVES,12,2024,163,7.0,11.0,-1.0,12.8,31.7,1.52,82.0,155
2024-12-20,C.A.U. León,León,VIERNES,12,2024,155,2.4,8.9,-6.0,9.6,14.8,0.51,76.0,165
2024-12-21,C.A.U. León,León,SÁBADO,12,2024,165,2.3,12.0,-5.0,7.4,20.6,0.0,83.0,131
2024-12-22,C.A.U. León,León,DOMINGO,12,2024,131,4.3,11.0,-3.0,10.6,29.4,0.0,86.0,160
2024-12-23,C.A.U. León,León,LUNES,12,2024,160,4.7,9.8,-2.0,11.9,24.1,0.0,70.0,168
2024-12-24,C.A.U. León,León,MARTES,12,2024,168,2.6,13.2,-3.0,4.6,13.0,0.0,85.0,128
2024-12-25,C.A.U. León,León,MIÉRCOLES,12,2024,128,4.7,14.3,-2.0,6.1,11.1,0.0,86.0,94
2024-12-26,C.A.U. León,León,JUEVES,12,2024,94,4.7,16.1,-3.0,5.0,11.1,0.0,80.0,199
2024-12-27,C.A.U. León,León,VIERNES,12,2024,199,1.6,4.0,-4.0,3.0,7.6,0.0,100.0,161
2024-12-28,C.A.U. León,León,SÁBADO,12,2024,161,2.8,4.0,1.0,3.3,7.6,0.0,100.0,146
2024-12-29,C.A.U. León,León,DOMINGO,12,2024,146,1.3,3.0,-3.0,3.5,7.6,0.0,99.0,131
2024-12-30,C.A.U. León,León,LUNES,12,2024,131,-3.4,0.0,-8.0,3.5,7.6,0.0,100.0,153
2024-12-31,C.A.U. León,León,MARTES,12,2024,153,-1.6,3.9,-3.7,3.1,7.6,0.0,99.0,126
2025-01-01,C.A.U. León,León,MIÉRCOLES,1,2025,126,-2.9,-1.0,-5.0,2.8,7.6,0.0,100.0,231
2025-01-02,C.A.U. León,León,JUEVES,1,2025,231,-0.7,1.0,-2.3,3.5,7.6,0.0,100.0,315
2025-01-03,C.A.U. León,León,VIERNES,1,2025,315,3.1,6.0,0.5,3.0,9.4,0.0,100.0,360
2025-01-04,C.A.U. León,León,SÁBADO,1,2025,360,6.2,8.0,4.8,6.1,20.6,1.52,100.0,274
2025-01-05,C.A.U. León,León,DOMINGO,1,2025,274,7.4,9.0,5.6,22.8,35.2,0.0,99.0,245
2025-01-06,C.A.U. León,León,LUNES,1,2025,245,5.1,8.0,1.8,20.7,38.9,10.16,86.0,254
2025-01-07,C.A.U. León,León,MARTES,1,2025,254,3.7,8.0,0.0,8.5,27.8,0.0,99.0,348
2025-01-08,C.A.U. León,León,MIÉRCOLES,1,2025,348,7.3,10.0,4.0,21.9,48.2,4.57,97.0,348
2025-01-09,C.A.U. León,León,JUEVES,1,2025,348,9.3,12.4,4.6,21.5,35.2,4.83,82.0,333
2025-01-10,C.A.U. León,León,VIERNES,1,2025,333,8.1,11.0,4.0,5.9,14.8,0.0,99.0,319
2025-01-11,C.A.U. León,León,SÁBADO,1,2025,319,10.3,15.0,2.0,13.0,20.6,2.03,76.0,274
2025-01-12,C.A.U. León,León,DOMINGO,1,2025,274,4.3,12.0,-4.0,7.2,14.8,0.0,70.0,288
2025-01-13,C.A.U. León,León,LUNES,1,2025,288,1.7,12.7,-8.0,5.6,13.0,0.0,48.0,299
2025-01-14,C.A.U. León,León,MARTES,1,2025,299,-0.2,12.8,-10.0,6.9,16.5,0.0,52.0,282
2025-01-15,C.A.U. León,León,MIÉRCOLES,1,2025,282,2.2,15.7,-8.0,6.9,13.0,0.0,41.0,307
2025-01-16,C.A.U. León,León,JUEVES,1,2025,307,3.0,15.0,-6.0,5.2,14.8,0.0,57.0,282
2025-01-17,C.A.U. León,León,VIERNES,1,2025,282,2.2,8.0,-2.1,10.0,16.5,0.0,74.0,289
2025-01-18,C.A.U. León,León,SÁBADO,1,2025,289,0.6,9.0,-7.0,7.0,16.5,0.0,75.0,248
2025-01-19,C.A.U. León,León,DOMINGO,1,2025,248,-1.6,2.2,-8.0,4.8,11.1,0.0,93.0,259
2025-01-20,C.A.U. León,León,LUNES,1,2025,259,2.1,4.0,0.0,5.4,9.4,6.6,100.0,267
2025-01-21,C.A.U. León,León,MARTES,1,2025,267,6.3,8.5,3.0,5.9,13.0,1.78,100.0,332
2025-01-22,C.A.U. León,León,MIÉRCOLES,1,2025,332,7.9,9.0,6.4,11.3,22.2,4.32,100.0,295
2025-01-23,C.A.U. León,León,JUEVES,1,2025,295,6.5,10.0,2.0,6.5,14.8,0.0,86.0,332
2025-01-24,C.A.U. León,León,VIERNES,1,2025,332,8.0,10.0,6.0,15.7,44.6,0.0,93.0,300
2025-01-25,C.A.U. León,León,SÁBADO,1,2025,300,5.7,10.0,-1.0,21.1,35.2,2.79,86.0,259
2025-01-26,C.A.U. León,León,DOMINGO,1,2025,259,6.4,11.0,1.4,27.6,46.5,2.03,99.0,209
2025-01-27,C.A.U. León,León,LUNES,1,2025,209,5.8,10.1,0.2,23.2,48.2,27.18,89.0,290
2025-01-28,C.A.U. León,León,MARTES,1,2025,290,2.4,6.0,-0.5,20.9,35.2,11.43,92.0,306
2025-01-29,C.A.U. León,León,MIÉRCOLES,1,2025,306,4.0,7.0,2.0,23.0,48.2,0.0,91.0,280
2025-01-30,C.A.U. León,León,JUEVES,1,2025,280,3.3,7.0,0.8,19.1,46.5,4.57,75.0,255
2025-01-31,C.A.U. León,León,VIERNES,1,2025,255,2.2,10.4,-5.0,6.5,16.5,3.05,70.0,257
2025-02-01,C.A.U. León,León,SÁBADO,2,2025,257,4.9,12.2,-4.0,9.4,22.2,0.0,70.0,229
2025-02-02,C.A.U. León,León,DOMINGO,2,2025,229,1.6,11.0,-7.0,6.7,24.1,0.0,81.0,230
2025-02-03,C.A.U. León,León,LUNES,2,2025,230,1.6,11.0,-6.0,6.1,13.0,0.0,82.0,308
2025-02-04,C.A.U. León,León,MARTES,2,2025,308,1.1,8.6,-6.0,4.1,13.0,0.0,0.0,329
2025-02-05,C.A.U. León,León,MIÉRCOLES,2,2025,329,1.9,12.7,-7.0,4.6,11.1,0.0,74.0,277
2025-02-06,C.A.U. León,León,JUEVES,2,2025,277,1.3,9.0,-6.0,5.2,13.0,0.0,72.0,262
2025-02-07,C.A.U. León,León,VIERNES,2,2025,262,1.2,5.0,-2.0,5.7,14.8,2.79,96.0,293
2025-02-08,C.A.U. León,León,SÁBADO,2,2025,293,1.3,7.2,-7.0,8.3,16.5,2.79,70.0,279
2025-02-09,C.A.U. León,León,DOMINGO,2,2025,279,5.2,8.5,2.9,2.6,7.6,1.02,95.0,245
2025-02-10,C.A.U. León,León,LUNES,2,2025,245,7.1,10.0,4.6,4.8,14.8,0.25,99.0,304
2025-02-11,C.A.U. León,León,MARTES,2,2025,304,6.3,9.0,4.3,4.1,16.5,6.6,99.0,318
2025-02-12,C.A.U. León,León,MIÉRCOLES,2,2025,318,6.1,11.0,2.0,13.0,33.5,10.41,82.0,308
2025-02-13,C.A.U. León,León,JUEVES,2,2025,308,6.9,11.0,3.8,4.4,13.0,0.0,90.0,283
2025-02-14,C.A.U. León,León,VIERNES,2,2025,283,5.7,10.8,0.0,4.3,9.4,0.0,90.0,266
2025-02-15,C.A.U. León,León,SÁBADO,2,2025,266,7.8,13.4,4.8,7.0,14.8,0.0,81.0,257
2025-02-16,C.A.U. León,León,DOMINGO,2,2025,257,6.3,11.0,1.0,5.9,18.3,0.0,84.0,262
2025-02-17,C.A.U. León,León,LUNES,2,2025,262,3.7,9.5,-3.0,4.4,11.1,104.14,93.0,346
2025-02-18,C.A.U. León,León,MARTES,2,2025,346,6.4,12.4,1.0,6.5,13.0,0.0,85.0,340
2025-02-19,C.A.U. León,León,MIÉRCOLES,2,2025,340,6.7,12.5,1.0,4.8,14.8,0.0,93.0,302
2025-02-20,C.A.U. León,León,JUEVES,2,2025,302,7.3,10.3,2.0,4.6,11.1,0.0,98.0,269
2025-02-21,C.A.U. León,León,VIERNES,2,2025,269,8.8,12.0,4.8,17.6,37.0,0.0,95.0,276
2025-02-22,C.A.U. León,León,SÁBADO,2,2025,276,5.3,10.2,1.0,8.0,22.2,7.62,88.0,265
2025-02-23,C.A.U. León,León,DOMINGO,2,2025,265,4.9,11.4,-2.0,6.9,14.8,0.0,84.0,245
2025-02-24,C.A.U. León,León,LUNES,2,2025,245,7.2,12.0,2.0,10.2,27.8,0.0,88.0,282
2025-02-25,C.A.U. León,León,MARTES,2,2025,282,6.7,10.0,-3.0,11.9,29.4,0.0,71.0,330
2025-02-26,C.A.U. León,León,MIÉRCOLES,2,2025,330,3.4,11.2,-6.0,7.0,14.8,0.0,71.0,329
2025-02-27,C.A.U. León,León,JUEVES,2,2025,329,5.1,8.0,2.2,5.2,9.4,0.0,76.0,306
2025-02-28,C.A.U. León,León,VIERNES,2,2025,306,5.9,10.0,3.1,9.1,20.6,0.0,72.0,288
2025-03-01,C.A.U. León,León,SÁBADO,3,2025,288,5.0,10.0,0.0,14.6,27.8,0.0,55.0,248
2025-03-02,C.A.U. León,León,DOMINGO,3,2025,248,1.1,6.0,-8.0,11.3,25.9,0.0,76.0,225
2025-03-03,C.A.U. León,León,LUNES,3,2025,225,6.5,10.0,1.9,15.9,22.2,2.29,86.0,285
2025-03-04,C.A.U. León,León,MARTES,3,2025,285,7.7,10.0,6.0,9.1,14.8,0.51,93.0,321
2025-03-05,C.A.U. León,León,MIÉRCOLES,3,2025,321,8.1,11.3,6.2,10.7,20.6,8.89,95.0,272
2025-03-06,C.A.U. León,León,JUEVES,3,2025,272,8.4,11.0,6.6,10.6,16.5,7.62,96.0,308
2025-03-07,C.A.U. León,León,VIERNES,3,2025,308,8.4,11.0,6.4,15.4,27.8,4.32,97.0,301
2025-03-08,C.A.U. León,León,SÁBADO,3,2025,301,6.4,9.0,3.5,21.9,57.6,7.87,95.0,249
2025-03-09,C.A.U. León,León,DOMINGO,3,2025,249,4.7,9.0,2.0,9.8,16.5,10.67,89.0,249
2025-03-10,C.A.U. León,León,LUNES,3,2025,249,5.8,9.0,3.5,10.2,18.3,0.76,89.0,312
2025-03-11,C.A.U. León,León,MARTES,3,2025,312,6.6,11.1,3.0,9.8,24.1,10.41,81.0,350
2025-03-12,C.A.U. León,León,MIÉRCOLES,3,2025,350,5.8,12.9,-1.0,8.5,22.2,0.25,70.0,277
2025-03-13,C.A.U. León,León,JUEVES,3,2025,277,4.6,9.2,-0.2,11.9,24.1,0.0,64.0,321
2025-03-14,C.A.U. León,León,VIERNES,3,2025,321,1.9,8.0,-6.0,9.8,18.3,0.0,62.0,315
2025-03-15,C.A.U. León,León,SÁBADO,3,2025,315,1.9,6.2,-3.0,6.7,20.6,0.0,73.0,254
2025-03-16,C.A.U. León,León,DOMINGO,3,2025,254,2.7,7.5,-4.0,5.4,13.0,0.0,64.0,272
2025-03-17,C.A.U. León,León,LUNES,3,2025,272,4.7,9.1,-1.0,10.4,16.5,0.0,65.0,351
2025-03-18,C.A.U. León,León,MARTES,3,2025,351,6.7,8.2,5.0,8.9,16.5,0.0,98.0,296
2025-03-19,C.A.U. León,León,MIÉRCOLES,3,2025,296,9.2,13.6,6.2,15.7,35.2,1.52,80.0,296
2025-03-20,C.A.U. León,León,JUEVES,3,2025,296,9.7,13.1,6.0,24.8,42.4,0.51,73.0,300
2025-03-21,C.A.U. León,León,VIERNES,3,2025,300,6.9,9.0,4.0,24.6,37.0,5.84,97.0,311
2025-03-22,C.A.U. León,León,SÁBADO,3,2025,311,4.7,9.5,0.9,16.5,31.7,5.33,89.0,260
2025-03-23,C.A.U. León,León,DOMINGO,3,2025,260,3.8,10.0,-2.0,14.8,25.9,3.3,80.0,266
2025-03-24,C.A.U. León,León,LUNES,3,2025,266,6.8,12.0,2.9,16.1,25.9,0.0,76.0,347
2025-03-25,C.A.U. León,León,MARTES,3,2025,347,7.9,13.8,1.8,10.2,22.2,0.0,68.0,321
2025-03-26,C.A.U. León,León,MIÉRCOLES,3,2025,321,7.6,14.0,1.0,6.1,13.0,0.0,72.0,303
2025-03-27,C.A.U. León,León,JUEVES,3,2025,303,6.6,14.2,-2.0,6.5,14.8,0.0,74.0,304
2025-03-28,C.A.U. León,León,VIERNES,3,2025,304,8.4,16.3,0.0,9.6,24.1,0.0,64.0,312
2025-03-29,C.A.U. León,León,SÁBADO,3,2025,312,7.7,14.8,-2.0,12.2,22.2,0.0,51.0,263
2025-03-30,C.A.U. León,León,DOMINGO,3,2025,263,7.9,18.2,-2.0,6.5,13.0,0.0,63.0,262
2025-03-31,C.A.U. León,León,LUNES,3,2025,262,12.5,22.6,2.0,8.9,18.3,0.0,41.0,357
2025-04-01,C.A.U. León,León,MARTES,4,2025,357,12.7,21.9,2.0,8.7,22.2,0.0,45.0,328
2025-04-02,C.A.U. León,León,MIÉRCOLES,4,2025,328,11.4,18.0,2.0,12.6,38.9,0.0,65.0,328
2025-04-03,C.A.U. León,León,JUEVES,4,2025,328,8.9,13.0,6.4,12.6,24.1,3.56,87.0,302
2025-04-04,C.A.U. León,León,VIERNES,4,2025,302,9.9,13.1,7.1,20.4,38.9,6.1,92.0,313
2025-04-05,C.A.U. León,León,SÁBADO,4,2025,313,9.6,13.2,7.6,13.5,24.1,5.08,92.0,278
2025-04-06,C.A.U. León,León,DOMINGO,4,2025,278,9.9,17.4,2.0,6.9,13.0,3.81,69.0,273
2025-04-07,C.A.U. León,León,LUNES,4,2025,273,10.6,19.6,1.0,6.5,13.0,0.0,64.0,323
2025-04-08,C.A.U. León,León,MARTES,4,2025,323,12.8,21.5,5.0,7.0,13.0,0.0,58.0,359
2025-04-09,C.A.U. León,León,MIÉRCOLES,4,2025,359,14.9,22.5,5.0,8.1,14.8,0.0,52.0,296
2025-04-10,C.A.U. León,León,JUEVES,4,2025,296,14.3,22.0,3.0,8.7,16.5,0.0,58.0,265
2025-04-11,C.A.U. León,León,VIERNES,4,2025,265,13.1,18.0,8.0,11.3,22.2,0.0,72.0,273
2025-04-12,C.A.U. León,León,SÁBADO,4,2025,273,11.4,15.0,10.0,6.7,14.8,4.06,94.0,268
2025-04-13,C.A.U. León,León,DOMINGO,4,2025,268,11.7,17.6,3.0,8.5,20.6,4.06,69.0,273
2025-04-14,C.A.U. León,León,LUNES,4,2025,273,9.5,13.1,5.0,17.0,37.0,0.0,84.0,330
2025-04-15,C.A.U. León,León,MARTES,4,2025,330,5.5,11.0,0.0,19.8,37.0,1.78,74.0,295
2025-04-16,C.A.U. León,León,MIÉRCOLES,4,2025,295,3.9,10.3,-0.1,16.1,31.7,0.0,86.0,285
2025-04-17,C.A.U. León,León,JUEVES,4,2025,285,7.5,15.5,-1.0,11.3,27.8,1.02,77.0,258
2025-04-18,C.A.U. León,León,VIERNES,4,2025,258,9.6,13.0,5.0,20.0,42.4,0.0,92.0,219
2025-04-19,C.A.U. León,León,SÁBADO,4,2025,219,4.6,9.0,1.0,19.4,33.5,8.38,89.0,259
2025-04-20,C.A.U. León,León,DOMINGO,4,2025,259,7.3,14.5,-1.0,13.7,25.9,8.89,73.0,250
2025-04-21,C.A.U. León,León,LUNES,4,2025,250,7.9,14.0,2.0,8.5,22.2,0.0,90.0,356
2025-04-22,C.A.U. León,León,MARTES,4,2025,356,9.3,15.0,2.0,7.2,14.8,1.78,69.0,294
2025-04-23,C.A.U. León,León,MIÉRCOLES,4,2025,294,11.3,21.4,1.0,10.2,22.2,0.0,65.0,266
2025-04-24,C.A.U. León,León,JUEVES,4,2025,266,12.3,22.0,0.0,5.9,11.1,0.0,61.0,317
2025-04-25,C.A.U. León,León,VIERNES,4,2025,317,14.1,22.0,6.0,10.4,22.2,0.0,66.0,284
2025-04-26,C.A.U. León,León,SÁBADO,4,2025,284,9.8,15.5,4.0,15.7,29.4,0.25,59.0,221
2025-04-27,C.A.U. León,León,DOMINGO,4,2025,221,9.8,18.1,-2.0,7.0,13.0,0.0,54.0,266
2025-04-28,C.A.U. León,León,LUNES,4,2025,266,12.5,20.7,2.0,7.8,13.0,0.0,60.0,289
2025-04-29,C.A.U. León,León,MARTES,4,2025,289,15.2,21.1,8.8,11.1,18.3,0.0,55.0,329
2025-04-30,C.A.U. León,León,MIÉRCOLES,4,2025,329,13.6,18.0,6.0,15.2,51.9,0.0,68.0,337
2025-05-01,C.A.U. León,León,JUEVES,5,2025,337,11.4,16.7,7.0,7.8,14.8,9.91,73.0,254
2025-05-02,C.A.U. León,León,VIERNES,5,2025,254,12.1,15.3,9.0,14.1,29.4,0.0,85.0,307
2025-05-03,C.A.U. León,León,SÁBADO,5,2025,307,11.8,16.3,9.0,11.9,25.9,7.11,84.0,252
2025-05-04,C.A.U. León,León,DOMINGO,5,2025,252,10.4,16.2,8.0,6.7,18.3,6.6,93.0,247
2025-05-05,C.A.U. León,León,LUNES,5,2025,247,10.0,15.0,5.0,13.7,31.7,7.11,73.0,308
2025-05-06,C.A.U. León,León,MARTES,5,2025,308,7.6,12.7,0.0,10.4,20.6,0.0,58.0,351
2025-05-07,C.A.U. León,León,MIÉRCOLES,5,2025,351,8.2,15.8,-1.0,7.0,14.8,0.0,59.0,299
2025-05-08,C.A.U. León,León,JUEVES,5,2025,299,9.7,15.2,2.0,7.8,18.3,0.0,72.0,306
2025-05-09,C.A.U. León,León,VIERNES,5,2025,306,8.1,12.1,6.6,7.6,16.5,24.38,93.0,323
2025-05-10,C.A.U. León,León,SÁBADO,5,2025,323,7.8,11.7,6.0,8.9,25.9,5.08,95.0,275
2025-05-11,C.A.U. León,León,DOMINGO,5,2025,275,7.8,13.0,4.0,17.8,33.5,8.38,85.0,235
2025-05-12,C.A.U. León,León,LUNES,5,2025,235,8.3,12.0,4.4,10.9,20.6,0.0,88.0,305
2025-05-13,C.A.U. León,León,MARTES,5,2025,305,9.4,13.8,6.0,7.4,16.5,3.81,84.0,329
2025-05-14,C.A.U. León,León,MIÉRCOLES,5,2025,329,10.8,17.0,5.6,8.9,22.2,3.56,79.0,306
2025-05-15,C.A.U. León,León,JUEVES,5,2025,306,11.3,16.0,7.8,8.7,16.5,16.76,82.0,294
2025-05-16,C.A.U. León,León,VIERNES,5,2025,294,13.9,20.8,5.0,7.8,16.5,3.3,60.0,288
2025-05-17,C.A.U. León,León,SÁBADO,5,2025,288,13.0,22.1,4.0,8.1,14.8,0.0,60.0,289
2025-05-18,C.A.U. León,León,DOMINGO,5,2025,289,15.6,23.5,8.0,11.5,25.9,0.0,58.0,258
2025-05-19,C.A.U. León,León,LUNES,5,2025,258,11.6,17.0,7.0,10.7,22.2,0.76,77.0,338
2025-05-20,C.A.U. León,León,MARTES,5,2025,338,13.9,21.2,4.0,6.7,13.0,0.76,61.0,291
2025-05-21,C.A.U. León,León,MIÉRCOLES,5,2025,291,13.6,22.8,5.0,11.3,24.1,0.0,68.0,306
2025-05-22,C.A.U. León,León,JUEVES,5,2025,306,12.9,19.5,6.0,7.2,14.8,0.0,58.0,294
2025-05-23,C.A.U. León,León,VIERNES,5,2025,294,12.3,20.8,2.0,6.3,11.1,0.0,55.0,274
2025-05-24,C.A.U. León,León,SÁBADO,5,2025,274,14.2,23.7,4.0,7.8,13.0,0.0,53.0,258
2025-05-25,C.A.U. León,León,DOMINGO,5,2025,258,11.2,13.5,7.0,6.1,9.4,0.0,92.0,262
2025-05-26,C.A.U. León,León,LUNES,5,2025,262,14.4,22.9,4.0,6.5,13.0,0.0,66.0,339
2025-05-27,C.A.U. León,León,MARTES,5,2025,339,15.9,26.0,4.0,5.6,13.0,0.0,61.0,316
2025-05-28,C.A.U. León,León,MIÉRCOLES,5,2025,316,19.3,28.0,9.0,5.2,9.4,0.0,49.0,260
2025-05-29,C.A.U. León,León,JUEVES,5,2025,260,20.6,29.5,10.0,8.0,18.3,0.0,48.0,303
2025-05-30,C.A.U. León,León,VIERNES,5,2025,303,19.3,25.3,13.0,10.2,42.4,0.0,59.0,322
2025-05-31,C.A.U. León,León,SÁBADO,5,2025,322,19.8,28.0,10.0,6.1,13.0,0.0,60.0,260
2025-06-01,C.A.U. León,León,DOMINGO,6,2025,260,19.1,25.5,12.0,7.6,16.5,0.0,63.0,286
2025-06-02,C.A.U. León,León,LUNES,6,2025,286,16.1,23.0,8.8,9.4,18.3,0.0,68.0,330
2025-06-03,C.A.U. León,León,MARTES,6,2025,330,15.8,21.7,10.0,7.8,16.5,0.0,83.0,320
2025-06-04,C.A.U. León,León,MIÉRCOLES,6,2025,320,13.6,20.2,7.0,13.1,27.8,21.59,69.0,289
2025-06-05,C.A.U. León,León,JUEVES,6,2025,289,15.6,22.5,10.0,15.2,25.9,0.0,66.0,283
2025-06-06,C.A.U. León,León,VIERNES,6,2025,283,15.8,22.9,9.0,12.2,22.2,0.0,67.0,315
2025-06-07,C.A.U. León,León,SÁBADO,6,2025,315,16.3,23.8,9.9,15.4,25.9,0.0,59.0,250
2025-06-08,C.A.U. León,León,DOMINGO,6,2025,250,14.9,25.9,5.0,5.0,11.1,0.0,66.0,235
2025-06-09,C.A.U. León,León,LUNES,6,2025,235,20.4,30.2,9.0,5.6,11.1,0.0,52.0,378
2025-06-10,C.A.U. León,León,MARTES,6,2025,378,23.4,30.3,16.0,8.7,18.3,0.0,45.0,311
2025-06-11,C.A.U. León,León,MIÉRCOLES,6,2025,311,22.1,27.1,16.0,14.3,29.4,0.0,47.0,306
2025-06-12,C.A.U. León,León,JUEVES,6,2025,306,15.9,22.5,8.0,10.0,20.6,0.0,68.0,314
2025-06-13,C.A.U. León,León,VIERNES,6,2025,314,18.2,26.2,9.0,11.9,27.8,0.0,63.0,284
2025-06-14,C.A.U. León,León,SÁBADO,6,2025,284,17.0,24.0,10.0,6.9,18.3,0.0,70.0,276
2025-06-15,C.A.U. León,León,DOMINGO,6,2025,276,17.5,26.2,6.0,7.2,14.8,0.0,59.0,244
2025-06-16,C.A.U. León,León,LUNES,6,2025,244,18.7,30.1,6.0,5.0,11.1,0.0,53.0,334
2025-06-17,C.A.U. León,León,MARTES,6,2025,334,23.8,32.8,10.0,6.9,16.5,0.0,45.0,337
2025-06-18,C.A.U. León,León,MIÉRCOLES,6,2025,337,25.1,33.4,14.0,9.6,22.2,0.0,39.0,281
2025-06-19,C.A.U. León,León,JUEVES,6,2025,281,21.2,27.0,13.0,7.8,22.2,0.0,59.0,328
2025-06-20,C.A.U. León,León,VIERNES,6,2025,328,23.7,33.0,15.3,10.6,29.4,0.25,45.0,312
2025-06-21,C.A.U. León,León,SÁBADO,6,2025,312,23.6,32.0,15.0,12.6,27.8,1.02,45.0,245
2025-06-22,C.A.U. León,León,DOMINGO,6,2025,245,22.9,30.9,15.9,10.7,22.2,0.0,48.0,271
2025-06-23,C.A.U. León,León,LUNES,6,2025,271,23.4,32.0,12.0,9.3,25.9,0.0,46.0,351
2025-06-24,C.A.U. León,León,MARTES,6,2025,351,18.9,25.0,13.0,14.1,40.7,0.25,69.0,287
2025-06-25,C.A.U. León,León,MIÉRCOLES,6,2025,287,17.8,23.2,11.0,9.6,20.6,8.89,75.0,335
2025-06-26,C.A.U. León,León,JUEVES,6,2025,335,19.2,27.4,10.0,6.1,13.0,0.0,59.0,333
2025-06-27,C.A.U. León,León,VIERNES,6,2025,333,22.4,31.4,12.0,7.0,13.0,0.0,51.0,261
2025-06-28,C.A.U. León,León,SÁBADO,6,2025,261,24.5,33.6,15.0,6.9,13.0,0.0,43.0,237
2025-06-29,C.A.U. León,León,DOMINGO,6,2025,237,25.3,34.4,18.5,11.5,42.4,0.0,40.0,302
2025-06-30,C.A.U. León,León,LUNES,6,2025,302,24.6,34.2,13.0,9.1,20.6,1.02,37.0,302
2025-07-01,C.A.U. León,León,MARTES,7,2025,302,26.5,34.3,14.0,9.6,20.6,0.0,31.0,345
2025-07-02,C.A.U. León,León,MIÉRCOLES,7,2025,345,22.8,33.2,16.0,12.2,29.4,0.51,54.0,306
2025-07-03,C.A.U. León,León,JUEVES,7,2025,306,21.0,31.3,12.0,9.8,50.0,0.0,59.0,303
2025-07-04,C.A.U. León,León,VIERNES,7,2025,303,22.4,30.1,15.0,9.8,24.1,0.76,56.0,281
2025-07-05,C.A.U. León,León,SÁBADO,7,2025,281,22.2,31.2,15.0,8.7,16.5,0.0,53.0,254
2025-07-06,C.A.U. León,León,DOMINGO,7,2025,254,21.2,29.1,12.0,9.4,20.6,0.0,59.0,257
2025-07-07,C.A.U. León,León,LUNES,7,2025,257,18.4,26.1,10.0,12.6,24.1,0.0,54.0,321
2025-07-08,C.A.U. León,León,MARTES,7,2025,321,16.9,28.0,3.0,6.5,16.5,0.0,41.0,306
2025-07-09,C.A.U. León,León,MIÉRCOLES,7,2025,306,21.3,32.0,8.0,7.8,16.5,0.0,37.0,301
2025-07-10,C.A.U. León,León,JUEVES,7,2025,301,23.4,32.0,12.0,8.5,18.3,0.0,42.0,301
2025-07-11,C.A.U. León,León,VIERNES,7,2025,301,21.7,28.9,15.0,8.5,18.3,0.0,51.0,292
2025-07-12,C.A.U. León,León,SÁBADO,7,2025,292,20.7,27.4,14.0,8.3,22.2,0.0,56.0,243
2025-07-13,C.A.U. León,León,DOMINGO,7,2025,243,20.1,27.2,13.0,8.3,24.1,0.0,63.0,243
2025-07-14,C.A.U. León,León,LUNES,7,2025,243,19.9,28.4,10.0,7.6,18.3,0.0,57.0,330
2025-07-15,C.A.U. León,León,MARTES,7,2025,330,20.4,30.0,8.0,6.7,13.0,0.0,52.0,300
2025-07-16,C.A.U. León,León,MIÉRCOLES,7,2025,300,23.7,33.6,11.0,7.2,20.6,0.0,43.0,293
2025-07-17,C.A.U. León,León,JUEVES,7,2025,293,23.6,33.0,12.0,8.1,20.6,0.0,44.0,313
2025-07-18,C.A.U. León,León,VIERNES,7,2025,313,19.3,27.0,11.0,8.5,25.9,0.0,65.0,286
2025-07-19,C.A.U. León,León,SÁBADO,7,2025,286,17.6,24.3,10.0,12.0,22.2,0.0,61.0,257
2025-07-20,C.A.U. León,León,DOMINGO,7,2025,257,16.5,21.9,12.0,19.6,33.5,0.0,58.0,235
2025-07-21,C.A.U. León,León,LUNES,7,2025,235,17.0,26.0,8.0,10.7,22.2,0.0,48.0,291
2025-07-22,C.A.U. León,León,MARTES,7,2025,291,18.7,28.0,7.0,8.0,20.6,0.0,56.0,335
2025-07-23,C.A.U. León,León,MIÉRCOLES,7,2025,335,18.1,25.3,8.0,11.9,25.9,0.0,51.0,254
2025-07-24,C.A.U. León,León,JUEVES,7,2025,254,15.2,22.4,6.0,11.3,24.1,0.0,56.0,297
2025-07-25,C.A.U. León,León,VIERNES,7,2025,297,17.4,27.1,7.6,7.2,16.5,0.0,45.0,301
2025-07-26,C.A.U. León,León,SÁBADO,7,2025,301,18.3,29.0,6.0,7.2,13.0,0.0,49.0,249
2025-07-27,C.A.U. León,León,DOMINGO,7,2025,249,20.6,31.1,8.0,8.9,18.3,0.0,45.0,240
2025-07-28,C.A.U. León,León,LUNES,7,2025,240,18.1,25.8,9.0,10.7,18.3,0.0,57.0,313
2025-07-29,C.A.U. León,León,MARTES,7,2025,313,18.9,27.4,8.0,8.0,20.6,1.27,54.0,289
2025-07-30,C.A.U. León,León,MIÉRCOLES,7,2025,289,18.2,28.4,6.0,7.0,14.8,0.0,51.0,303
2025-07-31,C.A.U. León,León,JUEVES,7,2025,303,19.2,30.1,8.0,6.9,14.8,4.06,53.0,283
2025-08-01,C.A.U. León,León,VIERNES,8,2025,283,19.6,30.2,8.0,6.5,18.3,1.27,44.0,338
2025-08-02,C.A.U. León,León,SÁBADO,8,2025,338,20.5,31.0,9.0,6.9,20.6,5.33,48.0,237
2025-08-03,C.A.U. León,León,DOMINGO,8,2025,237,21.6,31.3,11.0,7.6,13.0,0.0,43.0,222
2025-08-04,C.A.U. León,León,LUNES,8,2025,222,24.2,35.1,12.0,10.0,27.8,0.0,32.0,303
2025-08-05,C.A.U. León,León,MARTES,8,2025,303,23.1,32.4,11.0,9.3,22.2,0.0,42.0,292
2025-08-06,C.A.U. León,León,MIÉRCOLES,8,2025,292,23.3,32.4,12.0,7.6,16.5,0.0,42.0,269
2025-08-07,C.A.U. León,León,JUEVES,8,2025,269,25.1,34.8,14.0,8.0,16.5,0.0,37.0,307
2025-08-08,C.A.U. León,León,VIERNES,8,2025,307,25.9,35.0,15.0,8.7,20.6,0.0,35.0,309
2025-08-09,C.A.U. León,León,SÁBADO,8,2025,309,26.7,36.2,15.0,7.0,14.8,0.0,31.0,250
2025-08-10,C.A.U. León,León,DOMINGO,8,2025,250,27.8,36.0,19.0,9.1,18.3,0.0,28.0,260
2025-08-11,C.A.U. León,León,LUNES,8,2025,260,25.9,35.0,13.0,7.8,13.0,0.0,30.0,312
2025-08-12,C.A.U. León,León,MARTES,8,2025,312,25.4,33.5,19.8,11.1,31.7,0.0,39.0,355
2025-08-13,C.A.U. León,León,MIÉRCOLES,8,2025,355,22.3,30.0,16.0,8.0,40.7,1.27,54.0,297
2025-08-14,C.A.U. León,León,JUEVES,8,2025,297,24.8,34.0,16.7,9.3,16.5,5.59,43.0,294
2025-08-15,C.A.U. León,León,VIERNES,8,2025,294,27.1,36.0,18.0,11.1,18.3,0.0,30.0,261
2025-08-16,C.A.U. León,León,SÁBADO,8,2025,261,25.6,35.7,14.0,8.7,22.2,0.0,28.0,238
2025-08-17,C.A.U. León,León,DOMINGO,8,2025,238,25.9,35.0,17.0,9.8,27.8,39.88,30.0,264
2025-08-18,C.A.U. León,León,LUNES,8,2025,264,20.2,27.2,15.0,8.7,16.5,0.0,55.0,380
2025-08-19,C.A.U. León,León,MARTES,8,2025,380,16.5,25.0,8.0,7.4,20.6,0.0,64.0,270
2025-08-20,C.A.U. León,León,MIÉRCOLES,8,2025,270,15.9,23.0,9.0,8.9,16.5,0.0,62.0,305
2025-08-21,C.A.U. León,León,JUEVES,8,2025,305,16.5,24.2,8.0,9.8,16.5,1.27,60.0,292
2025-08-22,C.A.U. León,León,VIERNES,8,2025,292,16.5,26.1,6.0,6.5,14.8,0.0,58.0,263
2025-08-23,C.A.U. León,León,SÁBADO,8,2025,263,18.6,28.6,7.0,7.6,14.8,2.79,49.0,242
2025-08-24,C.A.U. León,León,DOMINGO,8,2025,242,22.2,30.6,12.0,8.9,22.2,0.0,34.0,242
2025-08-25,C.A.U. León,León,LUNES,8,2025,242,0.0,0.0,0.0,0.0,0.0,0.0,0.0,340
2025-08-26,C.A.U. León,León,MARTES,8,2025,340,0.0,0.0,0.0,0.0,0.0,0.0,0.0,284
2025-08-27,C.A.U. León,León,MIÉRCOLES,8,2025,284,0.0,0.0,0.0,0.0,0.0,0.0,0.0,287
2025-08-28,C.A.U. León,León,JUEVES,8,2025,287,0.0,0.0,0.0,0.0,0.0,0.0,0.0,304
2025-08-29,C.A.U. León,León,VIERNES,8,2025,304,0.0,0.0,0.0,0.0,0.0,0.0,0.0,269
2025-08-30,C.A.U. León,León,SÁBADO,8,2025,269,0.0,0.0,0.0,0.0,0.0,0.0,0.0,214
2025-08-31,C.A.U. León,León,DOMINGO,8,2025,214,0.0,0.0,0.0,0.0,0.0,0.0,0.0,259
2024-01-01,H. El Bierzo,León,LUNES,1,2024,50,3.9,8.0,0.0,11.3,24.1,0.0,79.0,50
2024-01-02,H. El Bierzo,León,MARTES,1,2024,50,6.2,10.1,3.0,12.4,33.5,0.0,97.0,81
2024-01-03,H. El Bierzo,León,MIÉRCOLES,1,2024,81,7.9,9.8,2.0,17.2,33.5,3.81,86.0,91
2024-01-04,H. El Bierzo,León,JUEVES,1,2024,91,2.5,5.6,0.0,5.4,13.0,0.0,98.0,72
2024-01-05,H. El Bierzo,León,VIERNES,1,2024,72,2.3,6.8,-0.3,13.0,25.9,3.81,88.0,63
2024-01-06,H. El Bierzo,León,SÁBADO,1,2024,63,1.8,7.4,-3.0,11.3,18.3,0.0,81.0,48
2024-01-07,H. El Bierzo,León,DOMINGO,1,2024,48,1.5,7.2,-3.0,10.6,16.5,0.0,74.0,33
2024-01-08,H. El Bierzo,León,LUNES,1,2024,33,-0.8,3.0,-6.0,5.7,11.1,0.0,88.0,61
2024-01-09,H. El Bierzo,León,MARTES,1,2024,61,1.2,2.7,0.0,3.7,7.6,0.25,96.0,61
2024-01-10,H. El Bierzo,León,MIÉRCOLES,1,2024,61,2.4,5.1,-3.0,6.7,13.0,0.0,98.0,65
2024-01-11,H. El Bierzo,León,JUEVES,1,2024,65,-1.2,3.5,-6.0,6.9,14.8,0.51,86.0,45
2024-01-12,H. El Bierzo,León,VIERNES,1,2024,45,-0.2,5.0,-5.0,5.9,13.0,0.0,82.0,57
2024-01-13,H. El Bierzo,León,SÁBADO,1,2024,57,3.4,8.5,-2.0,5.2,11.1,0.0,81.0,64
2024-01-14,H. El Bierzo,León,DOMINGO,1,2024,64,5.3,8.0,4.0,3.0,9.4,7.11,100.0,46
2024-01-15,H. El Bierzo,León,LUNES,1,2024,46,7.9,11.0,5.0,4.8,14.8,7.11,100.0,65
2024-01-16,H. El Bierzo,León,MARTES,1,2024,65,7.2,11.0,3.0,11.7,25.9,4.32,98.0,60
2024-01-17,H. El Bierzo,León,MIÉRCOLES,1,2024,60,9.1,10.4,7.0,29.6,48.2,9.14,92.0,64
2024-01-18,H. El Bierzo,León,JUEVES,1,2024,64,7.2,10.0,4.5,21.1,40.7,0.76,85.0,63
2024-01-19,H. El Bierzo,León,VIERNES,1,2024,63,3.2,6.7,-5.0,10.0,20.6,1.27,76.0,48
2024-01-20,H. El Bierzo,León,SÁBADO,1,2024,48,-1.8,9.0,-9.0,4.8,13.0,0.0,64.0,64
2024-01-21,H. El Bierzo,León,DOMINGO,1,2024,64,-0.3,6.2,-6.0,5.2,9.4,0.0,83.0,46
2024-01-22,H. El Bierzo,León,LUNES,1,2024,46,3.4,7.0,-1.0,3.1,9.4,0.0,93.0,60
2024-01-23,H. El Bierzo,León,MARTES,1,2024,60,6.5,8.2,4.0,2.2,7.6,0.0,99.0,59
2024-01-24,H. El Bierzo,León,MIÉRCOLES,1,2024,59,5.7,10.1,3.0,3.1,9.4,0.51,98.0,62
2024-01-25,H. El Bierzo,León,JUEVES,1,2024,62,3.7,12.2,-3.0,4.3,9.4,0.25,96.0,62
2024-01-26,H. El Bierzo,León,VIERNES,1,2024,62,4.3,14.2,-3.0,4.6,11.1,0.0,81.0,53
2024-01-27,H. El Bierzo,León,SÁBADO,1,2024,53,6.2,15.4,0.0,4.3,9.4,0.0,72.0,47
2024-01-28,H. El Bierzo,León,DOMINGO,1,2024,47,5.4,13.6,-1.0,5.6,11.1,0.0,83.0,41
2024-01-29,H. El Bierzo,León,LUNES,1,2024,41,6.9,12.1,2.0,5.2,9.4,0.0,87.0,62
2024-01-30,H. El Bierzo,León,MARTES,1,2024,62,5.6,13.2,-1.0,5.6,11.1,0.0,82.0,61
2024-01-31,H. El Bierzo,León,MIÉRCOLES,1,2024,61,6.1,16.7,-1.0,5.0,11.1,0.0,77.0,56
2024-02-01,H. El Bierzo,León,JUEVES,2,2024,56,7.1,17.0,-1.0,5.0,9.4,0.0,67.0,58
2024-02-02,H. El Bierzo,León,VIERNES,2,2024,58,5.6,14.7,-2.0,4.8,13.0,0.0,75.0,41
2024-02-03,H. El Bierzo,León,SÁBADO,2,2024,41,5.2,15.6,-2.0,5.0,11.1,0.0,70.0,54
2024-02-04,H. El Bierzo,León,DOMINGO,2,2024,54,5.3,16.1,-2.0,5.9,9.4,0.0,76.0,55
2024-02-05,H. El Bierzo,León,LUNES,2,2024,55,4.8,13.6,-2.0,6.9,13.0,0.0,84.0,67
2024-02-06,H. El Bierzo,León,MARTES,2,2024,67,6.5,15.0,-2.0,8.9,20.6,0.0,70.0,51
2024-02-07,H. El Bierzo,León,MIÉRCOLES,2,2024,51,2.7,8.0,-3.0,3.5,22.2,0.0,94.0,70
2024-02-08,H. El Bierzo,León,JUEVES,2,2024,70,7.6,9.0,4.3,25.6,51.9,0.0,88.0,63
2024-02-09,H. El Bierzo,León,VIERNES,2,2024,63,6.9,8.1,4.0,15.9,31.7,0.0,96.0,57
2024-02-10,H. El Bierzo,León,SÁBADO,2,2024,57,3.2,6.3,1.0,20.4,35.2,6.1,83.0,46
2024-02-11,H. El Bierzo,León,DOMINGO,2,2024,46,3.9,7.1,1.0,14.1,22.2,0.0,87.0,41
2024-02-12,H. El Bierzo,León,LUNES,2,2024,41,8.2,13.2,3.0,12.2,27.8,1.27,71.0,47
2024-02-13,H. El Bierzo,León,MARTES,2,2024,47,5.7,12.0,0.0,5.4,13.0,0.0,92.0,63
2024-02-14,H. El Bierzo,León,MIÉRCOLES,2,2024,63,8.2,13.0,2.0,5.6,9.4,0.25,99.0,50
2024-02-15,H. El Bierzo,León,JUEVES,2,2024,50,9.2,13.0,5.6,12.4,25.9,0.0,93.0,62
2024-02-16,H. El Bierzo,León,VIERNES,2,2024,62,7.4,13.7,3.0,9.6,16.5,7.11,75.0,58
2024-02-17,H. El Bierzo,León,SÁBADO,2,2024,58,5.5,15.0,-2.0,6.7,14.8,0.0,75.0,39
2024-02-18,H. El Bierzo,León,DOMINGO,2,2024,39,8.9,17.6,0.0,6.1,14.8,0.0,74.0,45
2024-02-19,H. El Bierzo,León,LUNES,2,2024,45,10.9,18.0,2.0,6.1,11.1,0.0,74.0,66
2024-02-20,H. El Bierzo,León,MARTES,2,2024,66,6.3,16.1,-4.0,6.1,14.8,0.0,57.0,73
2024-02-21,H. El Bierzo,León,MIÉRCOLES,2,2024,73,6.1,12.0,-3.0,7.2,27.8,0.0,77.0,65
2024-02-22,H. El Bierzo,León,JUEVES,2,2024,65,6.3,13.0,1.0,18.0,46.5,0.0,81.0,70
2024-02-23,H. El Bierzo,León,VIERNES,2,2024,70,2.2,6.0,0.0,26.7,40.7,0.0,85.0,49
2024-02-24,H. El Bierzo,León,SÁBADO,2,2024,49,2.9,7.1,-0.2,21.7,31.7,0.51,85.0,50
2024-02-25,H. El Bierzo,León,DOMINGO,2,2024,50,7.3,11.0,3.0,21.7,37.0,4.83,86.0,43
2024-02-26,H. El Bierzo,León,LUNES,2,2024,43,2.7,6.0,0.0,17.2,25.9,7.11,85.0,71
2024-02-27,H. El Bierzo,León,MARTES,2,2024,71,3.3,7.0,-0.3,17.4,33.5,15.49,69.0,69
2024-02-28,H. El Bierzo,León,MIÉRCOLES,2,2024,69,5.8,13.4,0.0,10.0,16.5,0.0,66.0,60
2024-02-29,H. El Bierzo,León,JUEVES,2,2024,60,3.3,9.3,-1.0,15.6,57.6,0.0,81.0,64
2024-03-01,H. El Bierzo,León,VIERNES,3,2024,64,3.9,8.2,0.0,19.3,35.2,0.0,86.0,41
2024-03-02,H. El Bierzo,León,SÁBADO,3,2024,41,2.8,5.5,-1.0,18.5,38.9,1.52,90.0,57
2024-03-03,H. El Bierzo,León,DOMINGO,3,2024,57,2.7,7.0,-1.4,18.0,27.8,12.95,81.0,60
2024-03-04,H. El Bierzo,León,LUNES,3,2024,60,5.1,9.8,2.7,15.4,38.9,0.0,82.0,70
2024-03-05,H. El Bierzo,León,MARTES,3,2024,70,4.4,10.2,-1.0,12.6,22.2,0.51,71.0,79
2024-03-06,H. El Bierzo,León,MIÉRCOLES,3,2024,79,3.3,11.0,-4.0,7.2,16.5,0.0,74.0,65
2024-03-07,H. El Bierzo,León,JUEVES,3,2024,65,4.4,8.0,2.0,11.7,29.4,0.0,83.0,46
2024-03-08,H. El Bierzo,León,VIERNES,3,2024,46,3.1,8.0,0.0,16.5,40.7,5.84,94.0,54
2024-03-09,H. El Bierzo,León,SÁBADO,3,2024,54,2.7,6.1,0.0,21.1,38.9,12.19,87.0,45
2024-03-10,H. El Bierzo,León,DOMINGO,3,2024,45,5.0,11.0,2.2,18.9,29.4,1.52,81.0,49
2024-03-11,H. El Bierzo,León,LUNES,3,2024,49,5.7,11.0,1.0,17.4,31.7,0.51,76.0,84
2024-03-12,H. El Bierzo,León,MARTES,3,2024,84,5.1,14.0,-3.0,5.9,13.0,0.0,73.0,55
2024-03-13,H. El Bierzo,León,MIÉRCOLES,3,2024,55,8.3,16.2,-1.0,8.7,14.8,0.0,59.0,63
2024-03-14,H. El Bierzo,León,JUEVES,3,2024,63,7.7,15.0,0.0,12.2,35.2,0.0,78.0,65
2024-03-15,H. El Bierzo,León,VIERNES,3,2024,65,10.4,16.0,3.0,10.7,22.2,0.0,72.0,65
2024-03-16,H. El Bierzo,León,SÁBADO,3,2024,65,8.8,15.0,1.0,8.3,18.3,0.0,81.0,34
2024-03-17,H. El Bierzo,León,DOMINGO,3,2024,34,10.8,16.6,5.0,6.3,13.0,0.0,85.0,48
2024-03-18,H. El Bierzo,León,LUNES,3,2024,48,11.1,19.0,3.0,7.2,16.5,0.0,80.0,75
2024-03-19,H. El Bierzo,León,MARTES,3,2024,75,13.1,19.4,7.6,8.3,16.5,0.0,73.0,60
2024-03-20,H. El Bierzo,León,MIÉRCOLES,3,2024,60,12.7,19.0,6.0,10.0,22.2,0.0,71.0,68
2024-03-21,H. El Bierzo,León,JUEVES,3,2024,68,14.9,22.0,8.6,11.7,20.6,2.03,60.0,68
2024-03-22,H. El Bierzo,León,VIERNES,3,2024,68,16.8,24.6,8.0,8.3,24.1,0.0,44.0,64
2024-03-23,H. El Bierzo,León,SÁBADO,3,2024,64,11.9,19.9,2.0,7.4,14.8,0.0,55.0,51
2024-03-24,H. El Bierzo,León,DOMINGO,3,2024,51,7.5,17.7,-2.0,6.7,13.0,0.0,57.0,58
2024-03-25,H. El Bierzo,León,LUNES,3,2024,58,6.9,13.4,0.0,14.8,38.9,0.0,66.0,61
2024-03-26,H. El Bierzo,León,MARTES,3,2024,61,1.7,7.2,-1.3,20.9,38.9,1.02,76.0,52
2024-03-27,H. El Bierzo,León,MIÉRCOLES,3,2024,52,5.6,10.0,0.6,32.2,64.8,2.29,78.0,65
2024-03-28,H. El Bierzo,León,JUEVES,3,2024,65,0.0,0.0,0.0,0.0,0.0,0.0,0.0,55
2024-03-29,H. El Bierzo,León,VIERNES,3,2024,55,0.0,0.0,0.0,0.0,0.0,0.0,0.0,52
2024-03-30,H. El Bierzo,León,SÁBADO,3,2024,52,0.0,0.0,0.0,0.0,0.0,0.0,0.0,51
2024-03-31,H. El Bierzo,León,DOMINGO,3,2024,51,0.0,0.0,0.0,0.0,0.0,0.0,0.0,49
2024-04-01,H. El Bierzo,León,LUNES,4,2024,49,3.6,9.5,0.0,14.1,25.9,0.76,78.0,72
2024-04-02,H. El Bierzo,León,MARTES,4,2024,72,3.7,7.0,0.0,6.7,13.0,0.0,93.0,62
2024-04-03,H. El Bierzo,León,MIÉRCOLES,4,2024,62,8.9,14.0,4.0,14.1,33.5,11.18,83.0,57
2024-04-04,H. El Bierzo,León,JUEVES,4,2024,57,9.3,16.1,2.0,10.0,24.1,0.0,78.0,57
2024-04-05,H. El Bierzo,León,VIERNES,4,2024,57,13.6,20.1,8.0,16.9,31.7,0.0,57.0,54
2024-04-06,H. El Bierzo,León,SÁBADO,4,2024,54,12.2,17.0,9.0,15.9,37.0,0.0,73.0,55
2024-04-07,H. El Bierzo,León,DOMINGO,4,2024,55,11.0,16.1,8.0,9.8,22.2,1.78,80.0,43
2024-04-08,H. El Bierzo,León,LUNES,4,2024,43,7.3,11.0,1.5,19.8,40.7,8.13,78.0,57
2024-04-09,H. El Bierzo,León,MARTES,4,2024,57,6.2,14.0,0.0,11.1,18.3,3.81,67.0,56
2024-04-10,H. El Bierzo,León,MIÉRCOLES,4,2024,56,9.6,19.0,0.0,6.5,16.5,0.0,69.0,56
2024-04-11,H. El Bierzo,León,JUEVES,4,2024,56,13.1,22.8,2.0,6.1,13.0,0.0,67.0,57
2024-04-12,H. El Bierzo,León,VIERNES,4,2024,57,16.8,27.4,6.0,8.1,14.8,0.0,50.0,55
2024-04-13,H. El Bierzo,León,SÁBADO,4,2024,55,17.6,26.2,8.0,7.4,13.0,0.0,47.0,40
2024-04-14,H. El Bierzo,León,DOMINGO,4,2024,40,18.3,26.0,9.0,9.3,18.3,0.0,52.0,42
2024-04-15,H. El Bierzo,León,LUNES,4,2024,42,16.1,24.0,9.0,9.8,20.6,0.0,42.0,67
2024-04-16,H. El Bierzo,León,MARTES,4,2024,67,10.9,19.7,2.0,9.4,22.2,0.0,61.0,70
2024-04-17,H. El Bierzo,León,MIÉRCOLES,4,2024,70,9.9,17.0,1.0,7.8,14.8,0.0,59.0,57
2024-04-18,H. El Bierzo,León,JUEVES,4,2024,57,8.4,17.0,-1.0,8.7,16.5,0.0,67.0,69
2024-04-19,H. El Bierzo,León,VIERNES,4,2024,69,10.0,20.3,-3.0,5.9,13.0,0.0,43.0,52
2024-04-20,H. El Bierzo,León,SÁBADO,4,2024,52,13.1,21.0,2.0,7.6,18.3,0.0,41.0,44
2024-04-21,H. El Bierzo,León,DOMINGO,4,2024,44,10.2,20.4,0.0,7.0,16.5,0.0,47.0,54
2024-04-22,H. El Bierzo,León,LUNES,4,2024,54,7.2,16.2,-1.0,9.8,24.1,0.0,52.0,48
2024-04-23,H. El Bierzo,León,MARTES,4,2024,48,5.6,13.0,-3.0,12.8,27.8,0.0,63.0,47
2024-04-24,H. El Bierzo,León,MIÉRCOLES,4,2024,47,7.6,16.0,-3.0,10.2,16.5,0.0,57.0,66
2024-04-25,H. El Bierzo,León,JUEVES,4,2024,66,8.1,13.0,3.0,8.7,29.4,0.0,69.0,54
2024-04-26,H. El Bierzo,León,VIERNES,4,2024,54,8.2,13.6,4.0,11.9,46.5,1.02,73.0,52
2024-04-27,H. El Bierzo,León,SÁBADO,4,2024,52,6.2,10.3,3.0,14.8,29.4,5.59,78.0,58
2024-04-28,H. El Bierzo,León,DOMINGO,4,2024,58,5.8,11.5,0.0,7.8,16.5,1.27,70.0,61
2024-04-29,H. El Bierzo,León,LUNES,4,2024,61,8.7,16.3,-1.0,5.9,14.8,1.27,56.0,81
2024-04-30,H. El Bierzo,León,MARTES,4,2024,81,7.8,12.2,3.0,11.1,25.9,0.0,81.0,61
2024-05-01,H. El Bierzo,León,MIÉRCOLES,5,2024,61,2.4,4.0,1.0,9.3,13.0,0.0,89.0,54
2024-05-02,H. El Bierzo,León,JUEVES,5,2024,54,6.1,12.0,1.0,12.6,27.8,6.6,75.0,59
2024-05-03,H. El Bierzo,León,VIERNES,5,2024,59,7.8,11.5,3.0,18.0,38.9,1.02,81.0,63
2024-05-04,H. El Bierzo,León,SÁBADO,5,2024,63,11.1,16.1,8.0,25.7,40.7,0.0,81.0,49
2024-05-05,H. El Bierzo,León,DOMINGO,5,2024,49,10.3,13.8,9.0,14.6,25.9,0.0,90.0,41
2024-05-06,H. El Bierzo,León,LUNES,5,2024,41,8.6,14.8,2.0,10.7,22.2,23.11,64.0,74
2024-05-07,H. El Bierzo,León,MARTES,5,2024,74,11.2,18.2,2.7,8.1,14.8,0.0,62.0,71
2024-05-08,H. El Bierzo,León,MIÉRCOLES,5,2024,71,11.5,21.0,2.0,5.4,11.1,0.0,59.0,48
2024-05-09,H. El Bierzo,León,JUEVES,5,2024,48,13.8,23.0,3.0,5.2,11.1,0.0,50.0,53
2024-05-10,H. El Bierzo,León,VIERNES,5,2024,53,16.1,24.2,3.0,7.4,14.8,0.0,47.0,77
2024-05-11,H. El Bierzo,León,SÁBADO,5,2024,77,15.4,21.0,9.0,10.7,20.6,0.0,64.0,66
2024-05-12,H. El Bierzo,León,DOMINGO,5,2024,66,14.4,21.6,5.0,9.6,18.3,0.0,57.0,48
2024-05-13,H. El Bierzo,León,LUNES,5,2024,48,11.3,18.3,6.0,10.4,25.9,0.0,81.0,59
2024-05-14,H. El Bierzo,León,MARTES,5,2024,59,8.6,13.5,4.0,20.4,40.7,8.89,76.0,47
2024-05-15,H. El Bierzo,León,MIÉRCOLES,5,2024,47,7.4,12.6,3.9,19.6,29.4,0.0,73.0,63
2024-05-16,H. El Bierzo,León,JUEVES,5,2024,63,8.1,12.0,5.0,11.7,22.2,0.0,75.0,74
2024-05-17,H. El Bierzo,León,VIERNES,5,2024,74,9.3,15.3,5.0,8.7,25.9,0.0,78.0,45
2024-05-18,H. El Bierzo,León,SÁBADO,5,2024,45,7.8,12.3,3.0,5.2,16.5,0.51,90.0,61
2024-05-19,H. El Bierzo,León,DOMINGO,5,2024,61,9.7,16.0,4.0,7.2,22.2,8.13,74.0,46
2024-05-20,H. El Bierzo,León,LUNES,5,2024,46,10.2,16.0,4.0,7.0,20.6,6.6,75.0,64
2024-05-21,H. El Bierzo,León,MARTES,5,2024,64,10.3,15.8,5.9,13.7,29.4,1.78,72.0,62
2024-05-22,H. El Bierzo,León,MIÉRCOLES,5,2024,62,9.8,16.0,3.0,12.6,29.4,0.0,72.0,50
2024-05-23,H. El Bierzo,León,JUEVES,5,2024,50,10.1,17.4,2.0,7.8,18.3,0.0,64.0,58
2024-05-24,H. El Bierzo,León,VIERNES,5,2024,58,12.6,21.0,1.0,6.5,16.5,0.0,61.0,66
2024-05-25,H. El Bierzo,León,SÁBADO,5,2024,66,15.9,23.1,6.0,12.4,24.1,0.0,51.0,60
2024-05-26,H. El Bierzo,León,DOMINGO,5,2024,60,15.2,21.4,10.0,8.9,16.5,0.0,64.0,47
2024-05-27,H. El Bierzo,León,LUNES,5,2024,47,14.2,21.7,6.0,6.1,11.1,0.0,59.0,58
2024-05-28,H. El Bierzo,León,MARTES,5,2024,58,15.9,26.1,5.0,7.2,14.8,0.0,57.0,57
2024-05-29,H. El Bierzo,León,MIÉRCOLES,5,2024,57,18.6,27.6,7.0,7.4,18.3,0.0,56.0,53
2024-05-30,H. El Bierzo,León,JUEVES,5,2024,53,17.8,25.2,10.0,8.5,20.6,0.0,61.0,53
2024-05-31,H. El Bierzo,León,VIERNES,5,2024,53,12.3,22.3,1.0,7.8,14.8,0.51,58.0,72
2024-06-01,H. El Bierzo,León,SÁBADO,6,2024,72,12.2,21.0,1.0,7.2,18.3,0.0,58.0,42
2024-06-02,H. El Bierzo,León,DOMINGO,6,2024,42,13.1,21.0,2.0,10.9,22.2,0.0,59.0,69
2024-06-03,H. El Bierzo,León,LUNES,6,2024,69,14.9,24.7,2.0,5.2,13.0,0.0,54.0,64
2024-06-04,H. El Bierzo,León,MARTES,6,2024,64,17.9,26.8,7.0,8.3,18.3,0.0,54.0,67
2024-06-05,H. El Bierzo,León,MIÉRCOLES,6,2024,67,18.5,27.0,8.0,8.0,27.8,0.0,54.0,62
2024-06-06,H. El Bierzo,León,JUEVES,6,2024,62,20.7,28.5,10.0,9.6,20.6,0.0,51.0,56
2024-06-07,H. El Bierzo,León,VIERNES,6,2024,56,20.0,29.2,15.0,10.6,61.1,0.0,60.0,53
2024-06-08,H. El Bierzo,León,SÁBADO,6,2024,53,16.7,23.6,12.0,11.9,29.4,18.29,79.0,49
2024-06-09,H. El Bierzo,León,DOMINGO,6,2024,49,14.7,20.2,11.0,6.9,14.8,17.53,77.0,48
2024-06-10,H. El Bierzo,León,LUNES,6,2024,48,14.7,22.0,6.0,8.9,20.6,0.0,56.0,59
2024-06-11,H. El Bierzo,León,MARTES,6,2024,59,11.8,20.5,2.0,7.2,20.6,0.0,69.0,55
2024-06-12,H. El Bierzo,León,MIÉRCOLES,6,2024,55,13.9,19.7,10.0,8.1,18.3,0.0,55.0,55
2024-06-13,H. El Bierzo,León,JUEVES,6,2024,55,13.9,22.3,3.0,11.1,20.6,0.0,59.0,56
2024-06-14,H. El Bierzo,León,VIERNES,6,2024,56,16.7,21.7,9.0,18.0,37.0,0.51,65.0,38
2024-06-15,H. El Bierzo,León,SÁBADO,6,2024,38,13.0,20.3,6.0,16.5,25.9,0.0,62.0,51
2024-06-16,H. El Bierzo,León,DOMINGO,6,2024,51,14.9,21.9,10.0,14.1,27.8,0.0,69.0,51
2024-06-17,H. El Bierzo,León,LUNES,6,2024,51,16.4,21.4,10.0,12.4,27.8,0.0,67.0,72
2024-06-18,H. El Bierzo,León,MARTES,6,2024,72,13.4,18.5,10.8,9.1,22.2,14.48,84.0,54
2024-06-19,H. El Bierzo,León,MIÉRCOLES,6,2024,54,13.3,19.0,7.0,7.4,16.5,6.1,74.0,61
2024-06-20,H. El Bierzo,León,JUEVES,6,2024,61,13.4,19.1,8.0,9.1,20.6,0.0,72.0,58
2024-06-21,H. El Bierzo,León,VIERNES,6,2024,58,15.5,23.5,7.5,9.6,18.3,2.54,60.0,46
2024-06-22,H. El Bierzo,León,SÁBADO,6,2024,46,16.2,22.0,12.0,10.4,18.3,0.25,66.0,57
2024-06-23,H. El Bierzo,León,DOMINGO,6,2024,57,18.6,26.8,9.0,7.2,16.5,0.0,62.0,46
2024-06-24,H. El Bierzo,León,LUNES,6,2024,46,18.9,27.2,10.0,5.6,11.1,0.0,69.0,55
2024-06-25,H. El Bierzo,León,MARTES,6,2024,55,21.6,29.1,13.0,7.4,20.6,0.0,58.0,76
2024-06-26,H. El Bierzo,León,MIÉRCOLES,6,2024,76,21.4,29.7,16.0,9.8,40.7,0.0,61.0,63
2024-06-27,H. El Bierzo,León,JUEVES,6,2024,63,21.6,29.5,12.0,8.3,14.8,3.81,60.0,72
2024-06-28,H. El Bierzo,León,VIERNES,6,2024,72,21.6,28.5,14.0,7.2,14.8,2.54,63.0,65
2024-06-29,H. El Bierzo,León,SÁBADO,6,2024,65,17.2,19.0,15.0,7.6,18.3,0.0,83.0,55
2024-06-30,H. El Bierzo,León,DOMINGO,6,2024,55,16.2,23.0,9.0,7.0,18.3,0.0,69.0,61
2024-07-01,H. El Bierzo,León,LUNES,7,2024,61,17.5,24.9,7.0,6.5,16.5,7.62,60.0,63
2024-07-02,H. El Bierzo,León,MARTES,7,2024,63,17.7,27.0,8.0,7.0,13.0,0.0,57.0,63
2024-07-03,H. El Bierzo,León,MIÉRCOLES,7,2024,63,19.1,29.3,9.0,8.0,18.3,0.0,51.0,37
2024-07-04,H. El Bierzo,León,JUEVES,7,2024,37,20.6,30.0,9.0,5.0,11.1,0.0,50.0,65
2024-07-05,H. El Bierzo,León,VIERNES,7,2024,65,23.0,31.6,14.0,8.1,22.2,0.0,51.0,52
2024-07-06,H. El Bierzo,León,SÁBADO,7,2024,52,16.8,22.5,11.0,13.1,22.2,0.0,60.0,44
2024-07-07,H. El Bierzo,León,DOMINGO,7,2024,44,15.7,24.5,5.0,8.3,16.5,0.0,54.0,40
2024-07-08,H. El Bierzo,León,LUNES,7,2024,40,19.2,27.0,8.0,11.9,31.7,0.0,51.0,77
2024-07-09,H. El Bierzo,León,MARTES,7,2024,77,16.8,19.4,14.8,6.5,13.0,0.0,78.0,54
2024-07-10,H. El Bierzo,León,MIÉRCOLES,7,2024,54,19.3,26.2,14.0,6.3,13.0,4.57,77.0,61
2024-07-11,H. El Bierzo,León,JUEVES,7,2024,61,19.9,25.9,13.0,11.7,24.1,0.0,61.0,62
2024-07-12,H. El Bierzo,León,VIERNES,7,2024,62,17.8,26.0,8.0,8.0,14.8,0.0,54.0,66
2024-07-13,H. El Bierzo,León,SÁBADO,7,2024,66,18.7,26.2,11.0,7.0,14.8,0.0,53.0,42
2024-07-14,H. El Bierzo,León,DOMINGO,7,2024,42,19.6,26.7,10.0,8.7,27.8,0.0,52.0,45
2024-07-15,H. El Bierzo,León,LUNES,7,2024,45,18.3,23.0,14.0,15.6,29.4,2.79,63.0,73
2024-07-16,H. El Bierzo,León,MARTES,7,2024,73,17.0,25.6,7.0,8.3,20.6,0.0,52.0,54
2024-07-17,H. El Bierzo,León,MIÉRCOLES,7,2024,54,19.2,29.5,7.0,5.9,16.5,0.0,50.0,49
2024-07-18,H. El Bierzo,León,JUEVES,7,2024,49,22.8,31.0,12.0,9.4,18.3,0.0,44.0,61
2024-07-19,H. El Bierzo,León,VIERNES,7,2024,61,23.6,31.6,14.0,9.3,16.5,0.0,47.0,63
2024-07-20,H. El Bierzo,León,SÁBADO,7,2024,63,20.4,26.3,13.0,19.6,31.7,0.0,62.0,49
2024-07-21,H. El Bierzo,León,DOMINGO,7,2024,49,18.2,27.2,7.0,7.0,14.8,0.0,42.0,57
2024-07-22,H. El Bierzo,León,LUNES,7,2024,57,20.4,31.0,6.0,5.6,11.1,0.0,47.0,58
2024-07-23,H. El Bierzo,León,MARTES,7,2024,58,24.0,33.7,12.0,7.2,13.0,0.0,45.0,61
2024-07-24,H. El Bierzo,León,MIÉRCOLES,7,2024,61,24.9,34.4,14.0,7.8,16.5,0.0,39.0,54
2024-07-25,H. El Bierzo,León,JUEVES,7,2024,54,24.3,34.2,11.0,8.7,16.5,0.0,32.0,49
2024-07-26,H. El Bierzo,León,VIERNES,7,2024,49,24.1,33.0,14.0,7.8,16.5,0.0,38.0,57
2024-07-27,H. El Bierzo,León,SÁBADO,7,2024,57,23.0,32.4,12.0,7.4,16.5,0.0,51.0,59
2024-07-28,H. El Bierzo,León,DOMINGO,7,2024,59,25.2,34.0,16.0,9.1,20.6,0.0,44.0,54
2024-07-29,H. El Bierzo,León,LUNES,7,2024,54,26.6,33.9,20.7,12.0,35.2,0.0,38.0,68
2024-07-30,H. El Bierzo,León,MARTES,7,2024,68,24.1,31.3,17.0,11.7,35.2,4.57,51.0,61
2024-07-31,H. El Bierzo,León,MIÉRCOLES,7,2024,61,24.1,32.0,14.0,6.9,14.8,0.0,49.0,58
2024-08-01,H. El Bierzo,León,JUEVES,8,2024,58,22.9,31.8,14.0,7.6,16.5,0.0,53.0,61
2024-08-02,H. El Bierzo,León,VIERNES,8,2024,61,21.2,29.3,13.0,8.0,16.5,0.0,57.0,48
2024-08-03,H. El Bierzo,León,SÁBADO,8,2024,48,21.3,31.0,10.0,8.0,14.8,0.0,46.0,50
2024-08-04,H. El Bierzo,León,DOMINGO,8,2024,50,22.4,32.0,9.0,6.5,14.8,0.0,42.0,54
2024-08-05,H. El Bierzo,León,LUNES,8,2024,54,23.5,32.5,13.0,7.4,22.2,0.0,43.0,70
2024-08-06,H. El Bierzo,León,MARTES,8,2024,70,21.1,30.7,9.0,7.8,20.6,0.0,52.0,53
2024-08-07,H. El Bierzo,León,MIÉRCOLES,8,2024,53,22.2,30.5,12.0,6.3,16.5,0.0,52.0,68
2024-08-08,H. El Bierzo,León,JUEVES,8,2024,68,23.7,33.2,13.0,6.5,18.3,0.0,44.0,47
2024-08-09,H. El Bierzo,León,VIERNES,8,2024,47,25.9,35.3,16.0,7.4,16.5,0.0,35.0,55
2024-08-10,H. El Bierzo,León,SÁBADO,8,2024,55,27.9,36.0,17.0,10.7,24.1,0.0,30.0,51
2024-08-11,H. El Bierzo,León,DOMINGO,8,2024,51,27.7,34.5,19.8,10.6,18.3,0.0,30.0,43
2024-08-12,H. El Bierzo,León,LUNES,8,2024,43,0.0,0.0,0.0,0.0,0.0,0.0,0.0,76
2024-08-13,H. El Bierzo,León,MARTES,8,2024,76,17.8,22.7,11.0,7.2,18.3,0.0,74.0,63
2024-08-14,H. El Bierzo,León,MIÉRCOLES,8,2024,63,18.3,26.3,11.4,9.8,22.2,0.51,54.0,60
2024-08-15,H. El Bierzo,León,JUEVES,8,2024,60,17.1,28.4,4.0,7.2,18.3,0.0,44.0,49
2024-08-16,H. El Bierzo,León,VIERNES,8,2024,49,21.0,31.9,8.0,8.7,18.3,0.0,37.0,65
2024-08-17,H. El Bierzo,León,SÁBADO,8,2024,65,22.1,31.0,12.0,9.6,25.9,0.0,51.0,54
2024-08-18,H. El Bierzo,León,DOMINGO,8,2024,54,21.1,28.8,13.0,9.8,16.5,0.0,55.0,71
2024-08-19,H. El Bierzo,León,LUNES,8,2024,71,19.7,30.3,9.0,7.8,18.3,0.0,57.0,58
2024-08-20,H. El Bierzo,León,MARTES,8,2024,58,22.6,30.1,11.0,10.7,24.1,0.0,42.0,65
2024-08-21,H. El Bierzo,León,MIÉRCOLES,8,2024,65,19.7,30.1,9.0,6.7,16.5,0.0,53.0,76
2024-08-22,H. El Bierzo,León,JUEVES,8,2024,76,22.7,32.0,11.0,10.4,22.2,0.0,40.0,50
2024-08-23,H. El Bierzo,León,VIERNES,8,2024,50,20.8,31.0,9.0,6.9,13.0,0.0,40.0,52
2024-08-24,H. El Bierzo,León,SÁBADO,8,2024,52,18.7,27.3,10.9,13.1,27.8,0.0,59.0,44
2024-08-25,H. El Bierzo,León,DOMINGO,8,2024,44,16.5,26.6,4.0,7.8,16.5,0.0,52.0,41
2024-08-26,H. El Bierzo,León,LUNES,8,2024,41,17.0,27.7,6.0,6.9,13.0,0.0,50.0,64
2024-08-27,H. El Bierzo,León,MARTES,8,2024,64,21.3,31.0,10.0,8.1,18.3,0.0,39.0,67
2024-08-28,H. El Bierzo,León,MIÉRCOLES,8,2024,67,21.3,30.0,11.0,9.3,18.3,0.0,40.0,60
2024-08-29,H. El Bierzo,León,JUEVES,8,2024,60,19.1,27.0,14.0,9.8,29.4,0.0,69.0,58
2024-08-30,H. El Bierzo,León,VIERNES,8,2024,58,19.4,27.6,13.0,8.0,14.8,8.89,68.0,57
2024-08-31,H. El Bierzo,León,SÁBADO,8,2024,57,19.6,26.0,15.0,8.5,14.8,0.0,73.0,44
2024-09-01,H. El Bierzo,León,DOMINGO,9,2024,44,18.9,27.1,12.0,7.0,14.8,6.1,66.0,40
2024-09-02,H. El Bierzo,León,LUNES,9,2024,40,17.8,24.5,14.0,8.1,22.2,0.0,76.0,61
2024-09-03,H. El Bierzo,León,MARTES,9,2024,61,16.5,22.3,13.0,11.5,24.1,0.76,67.0,57
2024-09-04,H. El Bierzo,León,MIÉRCOLES,9,2024,57,15.7,22.3,11.0,12.2,22.2,0.0,57.0,66
2024-09-05,H. El Bierzo,León,JUEVES,9,2024,66,11.7,17.8,6.8,7.0,20.6,0.0,72.0,58
2024-09-06,H. El Bierzo,León,VIERNES,9,2024,58,9.5,15.1,3.4,8.5,22.2,4.32,78.0,53
2024-09-07,H. El Bierzo,León,SÁBADO,9,2024,53,13.2,20.0,9.8,8.7,18.3,3.81,69.0,42
2024-09-08,H. El Bierzo,León,DOMINGO,9,2024,42,14.6,23.0,6.0,8.7,22.2,0.0,58.0,52
2024-09-09,H. El Bierzo,León,LUNES,9,2024,52,14.7,24.2,4.0,6.5,14.8,0.0,61.0,46
2024-09-10,H. El Bierzo,León,MARTES,9,2024,46,15.8,25.4,6.0,6.5,14.8,0.0,60.0,63
2024-09-11,H. El Bierzo,León,MIÉRCOLES,9,2024,63,14.1,23.3,3.0,8.1,24.1,0.0,53.0,60
2024-09-12,H. El Bierzo,León,JUEVES,9,2024,60,15.4,22.0,10.0,14.1,24.1,0.0,67.0,53
2024-09-13,H. El Bierzo,León,VIERNES,9,2024,53,9.9,16.3,3.0,7.8,16.5,0.0,67.0,49
2024-09-14,H. El Bierzo,León,SÁBADO,9,2024,49,12.4,25.0,0.0,5.9,13.0,0.0,41.0,43
2024-09-15,H. El Bierzo,León,DOMINGO,9,2024,43,15.7,27.0,5.0,5.7,11.1,0.0,31.0,45
2024-09-16,H. El Bierzo,León,LUNES,9,2024,45,16.7,27.5,3.0,6.9,16.5,0.0,32.0,62
2024-09-17,H. El Bierzo,León,MARTES,9,2024,62,13.6,22.0,2.0,10.0,24.1,0.0,52.0,58
2024-09-18,H. El Bierzo,León,MIÉRCOLES,9,2024,58,13.9,23.6,4.0,7.4,13.0,0.0,58.0,54
2024-09-19,H. El Bierzo,León,JUEVES,9,2024,54,14.7,23.2,7.0,9.1,16.5,0.0,71.0,57
2024-09-20,H. El Bierzo,León,VIERNES,9,2024,57,15.1,19.0,10.8,6.9,16.5,4.06,76.0,53
2024-09-21,H. El Bierzo,León,SÁBADO,9,2024,53,13.8,18.2,9.0,6.9,24.1,1.52,85.0,44
2024-09-22,H. El Bierzo,León,DOMINGO,9,2024,44,13.2,21.0,7.0,8.7,25.9,0.0,67.0,45
2024-09-23,H. El Bierzo,León,LUNES,9,2024,45,12.6,20.0,5.0,12.2,27.8,0.0,59.0,50
2024-09-24,H. El Bierzo,León,MARTES,9,2024,50,12.3,17.0,10.0,10.4,20.6,0.0,81.0,51
2024-09-25,H. El Bierzo,León,MIÉRCOLES,9,2024,51,14.5,20.8,10.0,17.4,42.4,1.27,91.0,52
2024-09-26,H. El Bierzo,León,JUEVES,9,2024,52,15.5,20.0,10.9,31.9,46.5,19.3,77.0,56
2024-09-27,H. El Bierzo,León,VIERNES,9,2024,56,10.2,14.9,5.0,17.4,27.8,13.72,68.0,61
2024-09-28,H. El Bierzo,León,SÁBADO,9,2024,61,8.9,15.8,1.0,7.0,13.0,0.0,66.0,35
2024-09-29,H. El Bierzo,León,DOMINGO,9,2024,35,13.9,22.1,5.0,7.6,18.3,0.0,57.0,46
2024-09-30,H. El Bierzo,León,LUNES,9,2024,46,17.0,24.0,11.0,8.5,22.2,0.0,71.0,76
2024-10-01,H. El Bierzo,León,MARTES,10,2024,76,17.1,21.2,12.0,16.1,35.2,0.0,79.0,49
2024-10-02,H. El Bierzo,León,MIÉRCOLES,10,2024,49,15.9,18.3,12.0,13.5,25.9,1.02,93.0,50
2024-10-03,H. El Bierzo,León,JUEVES,10,2024,50,13.1,20.0,6.0,6.1,11.1,12.19,84.0,62
2024-10-04,H. El Bierzo,León,VIERNES,10,2024,62,13.3,20.6,6.0,4.6,13.0,0.0,76.0,51
2024-10-05,H. El Bierzo,León,SÁBADO,10,2024,51,14.7,18.4,12.0,11.1,27.8,0.0,89.0,60
2024-10-06,H. El Bierzo,León,DOMINGO,10,2024,60,14.6,18.0,13.0,13.5,25.9,1.78,94.0,43
2024-10-07,H. El Bierzo,León,LUNES,10,2024,43,13.1,16.9,10.0,11.3,24.1,2.79,85.0,47
2024-10-08,H. El Bierzo,León,MARTES,10,2024,47,12.2,15.1,10.0,21.3,40.7,1.02,90.0,60
2024-10-09,H. El Bierzo,León,MIÉRCOLES,10,2024,60,14.2,21.0,8.0,30.9,55.4,6.35,91.0,70
2024-10-10,H. El Bierzo,León,JUEVES,10,2024,70,10.4,16.0,6.0,11.3,22.2,21.59,76.0,49
2024-10-11,H. El Bierzo,León,VIERNES,10,2024,49,9.9,14.2,5.0,8.0,14.8,0.0,87.0,58
2024-10-12,H. El Bierzo,León,SÁBADO,10,2024,58,14.3,18.0,11.8,8.5,18.3,5.84,94.0,47
2024-10-13,H. El Bierzo,León,DOMINGO,10,2024,47,15.6,21.0,10.7,9.1,20.6,14.99,86.0,57
2024-10-14,H. El Bierzo,León,LUNES,10,2024,57,15.9,21.0,11.6,5.2,11.1,0.0,79.0,62
2024-10-15,H. El Bierzo,León,MARTES,10,2024,62,15.6,18.0,13.9,10.2,22.2,3.56,93.0,67
2024-10-16,H. El Bierzo,León,MIÉRCOLES,10,2024,67,14.1,18.0,10.0,10.6,25.9,26.92,93.0,73
2024-10-17,H. El Bierzo,León,JUEVES,10,2024,73,10.6,14.1,5.6,13.5,27.8,14.48,72.0,57
2024-10-18,H. El Bierzo,León,VIERNES,10,2024,57,9.3,15.4,1.0,12.0,25.9,0.0,85.0,62
2024-10-19,H. El Bierzo,León,SÁBADO,10,2024,62,12.8,15.2,9.5,7.4,14.8,0.0,91.0,62
2024-10-20,H. El Bierzo,León,DOMINGO,10,2024,62,13.3,18.1,8.0,5.4,13.0,0.76,85.0,52
2024-10-21,H. El Bierzo,León,LUNES,10,2024,52,12.0,18.1,6.0,8.3,20.6,0.0,85.0,49
2024-10-22,H. El Bierzo,León,MARTES,10,2024,49,12.6,18.0,7.0,6.9,11.1,0.0,75.0,49
2024-10-23,H. El Bierzo,León,MIÉRCOLES,10,2024,49,11.3,18.7,5.0,5.0,11.1,0.0,83.0,53
2024-10-24,H. El Bierzo,León,JUEVES,10,2024,53,12.7,17.5,7.0,11.9,25.9,0.0,87.0,42
2024-10-25,H. El Bierzo,León,VIERNES,10,2024,42,8.6,13.0,3.0,15.7,29.4,1.52,78.0,65
2024-10-26,H. El Bierzo,León,SÁBADO,10,2024,65,5.7,11.0,0.0,6.9,18.3,0.0,79.0,53
2024-10-27,H. El Bierzo,León,DOMINGO,10,2024,53,6.1,11.9,0.0,6.1,11.1,1.27,88.0,54
2024-10-28,H. El Bierzo,León,LUNES,10,2024,54,11.7,17.2,5.0,12.8,25.9,1.52,68.0,73
2024-10-29,H. El Bierzo,León,MARTES,10,2024,73,13.3,19.0,7.0,12.2,25.9,0.0,68.0,61
2024-10-30,H. El Bierzo,León,MIÉRCOLES,10,2024,61,13.4,18.1,9.0,16.9,27.8,1.27,71.0,56
2024-10-31,H. El Bierzo,León,JUEVES,10,2024,56,13.2,17.2,10.0,11.1,22.2,0.0,75.0,64
2024-11-01,H. El Bierzo,León,VIERNES,11,2024,64,13.1,18.0,9.0,7.2,11.1,0.0,80.0,61
2024-11-02,H. El Bierzo,León,SÁBADO,11,2024,61,12.0,19.0,4.0,6.1,11.1,0.76,72.0,58
2024-11-03,H. El Bierzo,León,DOMINGO,11,2024,58,12.3,17.1,9.0,6.5,13.0,0.0,77.0,48
2024-11-04,H. El Bierzo,León,LUNES,11,2024,48,11.0,16.0,5.0,5.0,11.1,0.0,84.0,49
2024-11-05,H. El Bierzo,León,MARTES,11,2024,49,12.1,15.0,10.0,3.7,7.6,0.0,95.0,51
2024-11-06,H. El Bierzo,León,MIÉRCOLES,11,2024,51,12.4,18.8,7.0,4.8,11.1,2.54,84.0,45
2024-11-07,H. El Bierzo,León,JUEVES,11,2024,45,11.6,18.7,6.0,6.1,13.0,0.0,82.0,64
2024-11-08,H. El Bierzo,León,VIERNES,11,2024,64,11.2,15.8,8.0,6.7,14.8,0.0,90.0,52
2024-11-09,H. El Bierzo,León,SÁBADO,11,2024,52,10.7,16.7,6.0,8.0,16.5,0.0,74.0,45
2024-11-10,H. El Bierzo,León,DOMINGO,11,2024,45,11.0,17.0,6.0,5.9,22.2,0.76,83.0,50
2024-11-11,H. El Bierzo,León,LUNES,11,2024,50,9.7,18.3,3.0,7.6,16.5,3.05,71.0,69
2024-11-12,H. El Bierzo,León,MARTES,11,2024,69,6.9,13.0,1.0,10.4,29.4,0.0,66.0,57
2024-11-13,H. El Bierzo,León,MIÉRCOLES,11,2024,57,6.5,11.0,2.0,17.2,40.7,0.0,62.0,53
2024-11-14,H. El Bierzo,León,JUEVES,11,2024,53,11.4,16.0,8.0,15.0,25.9,0.51,64.0,49
2024-11-15,H. El Bierzo,León,VIERNES,11,2024,49,10.3,14.7,6.0,7.8,13.0,0.0,79.0,70
2024-11-16,H. El Bierzo,León,SÁBADO,11,2024,70,9.6,14.2,5.0,5.2,11.1,0.0,86.0,44
2024-11-17,H. El Bierzo,León,DOMINGO,11,2024,44,10.3,18.5,4.0,6.5,11.1,0.0,76.0,44
2024-11-18,H. El Bierzo,León,LUNES,11,2024,44,0.0,0.0,0.0,0.0,0.0,0.0,0.0,56
2024-11-19,H. El Bierzo,León,MARTES,11,2024,56,0.0,0.0,0.0,0.0,0.0,0.0,0.0,53
2024-11-20,H. El Bierzo,León,MIÉRCOLES,11,2024,53,0.0,0.0,0.0,0.0,0.0,0.0,0.0,57
2024-11-21,H. El Bierzo,León,JUEVES,11,2024,57,0.0,0.0,0.0,0.0,0.0,0.0,0.0,55
2024-11-22,H. El Bierzo,León,VIERNES,11,2024,55,4.2,9.1,-1.0,7.4,18.3,0.0,71.0,44
2024-11-23,H. El Bierzo,León,SÁBADO,11,2024,44,7.1,12.0,0.9,7.2,16.5,0.0,93.0,53
2024-11-24,H. El Bierzo,León,DOMINGO,11,2024,53,9.9,14.0,5.0,13.9,31.7,0.0,83.0,59
2024-11-25,H. El Bierzo,León,LUNES,11,2024,59,8.2,12.0,4.0,18.3,38.9,21.84,84.0,51
2024-11-26,H. El Bierzo,León,MARTES,11,2024,51,5.0,8.0,2.0,3.1,7.6,0.0,95.0,56
2024-11-27,H. El Bierzo,León,MIÉRCOLES,11,2024,56,5.2,10.7,0.0,2.4,7.6,0.0,91.0,56
2024-11-28,H. El Bierzo,León,JUEVES,11,2024,56,4.5,13.6,-2.0,4.8,9.4,0.0,83.0,52
2024-11-29,H. El Bierzo,León,VIERNES,11,2024,52,6.9,13.9,2.0,4.8,11.1,0.0,86.0,49
2024-11-30,H. El Bierzo,León,SÁBADO,11,2024,49,9.6,11.0,6.3,3.7,9.4,1.78,99.0,52
2024-12-01,H. El Bierzo,León,DOMINGO,12,2024,52,0.0,0.0,0.0,0.0,0.0,0.0,0.0,52
2024-12-02,H. El Bierzo,León,LUNES,12,2024,52,8.3,11.3,4.7,4.8,11.1,2.03,97.0,67
2024-12-03,H. El Bierzo,León,MARTES,12,2024,67,5.9,8.0,2.0,8.5,16.5,2.29,92.0,47
2024-12-04,H. El Bierzo,León,MIÉRCOLES,12,2024,47,7.3,11.5,3.0,8.3,22.2,0.0,87.0,47
2024-12-05,H. El Bierzo,León,JUEVES,12,2024,47,9.2,14.0,4.0,11.3,27.8,0.0,88.0,41
2024-12-06,H. El Bierzo,León,VIERNES,12,2024,41,10.8,16.6,5.0,10.2,27.8,0.0,90.0,49
2024-12-07,H. El Bierzo,León,SÁBADO,12,2024,49,8.3,11.0,4.7,18.7,42.4,0.0,67.0,57
2024-12-08,H. El Bierzo,León,DOMINGO,12,2024,57,4.0,7.0,0.5,15.2,24.1,0.0,69.0,48
2024-12-09,H. El Bierzo,León,LUNES,12,2024,48,3.3,7.0,0.0,12.0,22.2,0.0,77.0,39
2024-12-10,H. El Bierzo,León,MARTES,12,2024,39,2.8,7.4,-4.0,9.4,14.8,0.0,75.0,43
2024-12-11,H. El Bierzo,León,MIÉRCOLES,12,2024,43,0.8,4.0,-5.0,3.5,9.4,0.0,93.0,62
2024-12-12,H. El Bierzo,León,JUEVES,12,2024,62,2.2,7.3,-3.0,6.5,11.1,0.0,79.0,50
2024-12-13,H. El Bierzo,León,VIERNES,12,2024,50,2.7,8.0,-4.0,4.3,9.4,0.0,82.0,50
2024-12-14,H. El Bierzo,León,SÁBADO,12,2024,50,1.6,10.2,-5.0,5.7,14.8,0.0,73.0,40
2024-12-15,H. El Bierzo,León,DOMINGO,12,2024,40,1.3,9.2,-4.0,6.5,11.1,0.0,80.0,41
2024-12-16,H. El Bierzo,León,LUNES,12,2024,41,1.1,9.1,-5.0,5.7,11.1,0.0,86.0,59
2024-12-17,H. El Bierzo,León,MARTES,12,2024,59,2.3,7.8,-4.0,5.2,11.1,0.0,87.0,50
2024-12-18,H. El Bierzo,León,MIÉRCOLES,12,2024,50,5.4,9.1,1.3,6.9,25.9,0.0,94.0,54
2024-12-19,H. El Bierzo,León,JUEVES,12,2024,54,7.0,11.0,-1.0,12.8,31.7,1.52,82.0,52
2024-12-20,H. El Bierzo,León,VIERNES,12,2024,52,2.4,8.9,-6.0,9.6,14.8,0.51,76.0,43
2024-12-21,H. El Bierzo,León,SÁBADO,12,2024,43,2.3,12.0,-5.0,7.4,20.6,0.0,83.0,55
2024-12-22,H. El Bierzo,León,DOMINGO,12,2024,55,4.3,11.0,-3.0,10.6,29.4,0.0,86.0,53
2024-12-23,H. El Bierzo,León,LUNES,12,2024,53,4.7,9.8,-2.0,11.9,24.1,0.0,70.0,60
2024-12-24,H. El Bierzo,León,MARTES,12,2024,60,2.6,13.2,-3.0,4.6,13.0,0.0,85.0,34
2024-12-25,H. El Bierzo,León,MIÉRCOLES,12,2024,34,4.7,14.3,-2.0,6.1,11.1,0.0,86.0,49
2024-12-26,H. El Bierzo,León,JUEVES,12,2024,49,4.7,16.1,-3.0,5.0,11.1,0.0,80.0,65
2024-12-27,H. El Bierzo,León,VIERNES,12,2024,65,1.6,4.0,-4.0,3.0,7.6,0.0,100.0,64
2024-12-28,H. El Bierzo,León,SÁBADO,12,2024,64,2.8,4.0,1.0,3.3,7.6,0.0,100.0,52
2024-12-29,H. El Bierzo,León,DOMINGO,12,2024,52,1.3,3.0,-3.0,3.5,7.6,0.0,99.0,53
2024-12-30,H. El Bierzo,León,LUNES,12,2024,53,-3.4,0.0,-8.0,3.5,7.6,0.0,100.0,56
2024-12-31,H. El Bierzo,León,MARTES,12,2024,56,-1.6,3.9,-3.7,3.1,7.6,0.0,99.0,38
2025-01-01,H. El Bierzo,León,MIÉRCOLES,1,2025,38,-2.9,-1.0,-5.0,2.8,7.6,0.0,100.0,82
2025-01-02,H. El Bierzo,León,JUEVES,1,2025,82,-0.7,1.0,-2.3,3.5,7.6,0.0,100.0,127
2025-01-03,H. El Bierzo,León,VIERNES,1,2025,127,3.1,6.0,0.5,3.0,9.4,0.0,100.0,114
2025-01-04,H. El Bierzo,León,SÁBADO,1,2025,114,6.2,8.0,4.8,6.1,20.6,1.52,100.0,107
2025-01-05,H. El Bierzo,León,DOMINGO,1,2025,107,7.4,9.0,5.6,22.8,35.2,0.0,99.0,112
2025-01-06,H. El Bierzo,León,LUNES,1,2025,112,5.1,8.0,1.8,20.7,38.9,10.16,86.0,103
2025-01-07,H. El Bierzo,León,MARTES,1,2025,103,3.7,8.0,0.0,8.5,27.8,0.0,99.0,131
2025-01-08,H. El Bierzo,León,MIÉRCOLES,1,2025,131,7.3,10.0,4.0,21.9,48.2,4.57,97.0,110
2025-01-09,H. El Bierzo,León,JUEVES,1,2025,110,9.3,12.4,4.6,21.5,35.2,4.83,82.0,100
2025-01-10,H. El Bierzo,León,VIERNES,1,2025,100,8.1,11.0,4.0,5.9,14.8,0.0,99.0,102
2025-01-11,H. El Bierzo,León,SÁBADO,1,2025,102,10.3,15.0,2.0,13.0,20.6,2.03,76.0,103
2025-01-12,H. El Bierzo,León,DOMINGO,1,2025,103,4.3,12.0,-4.0,7.2,14.8,0.0,70.0,64
2025-01-13,H. El Bierzo,León,LUNES,1,2025,64,1.7,12.7,-8.0,5.6,13.0,0.0,48.0,133
2025-01-14,H. El Bierzo,León,MARTES,1,2025,133,-0.2,12.8,-10.0,6.9,16.5,0.0,52.0,96
2025-01-15,H. El Bierzo,León,MIÉRCOLES,1,2025,96,2.2,15.7,-8.0,6.9,13.0,0.0,41.0,107
2025-01-16,H. El Bierzo,León,JUEVES,1,2025,107,3.0,15.0,-6.0,5.2,14.8,0.0,57.0,110
2025-01-17,H. El Bierzo,León,VIERNES,1,2025,110,2.2,8.0,-2.1,10.0,16.5,0.0,74.0,103
2025-01-18,H. El Bierzo,León,SÁBADO,1,2025,103,0.6,9.0,-7.0,7.0,16.5,0.0,75.0,87
2025-01-19,H. El Bierzo,León,DOMINGO,1,2025,87,-1.6,2.2,-8.0,4.8,11.1,0.0,93.0,81
2025-01-20,H. El Bierzo,León,LUNES,1,2025,81,2.1,4.0,0.0,5.4,9.4,6.6,100.0,111
2025-01-21,H. El Bierzo,León,MARTES,1,2025,111,6.3,8.5,3.0,5.9,13.0,1.78,100.0,106
2025-01-22,H. El Bierzo,León,MIÉRCOLES,1,2025,106,7.9,9.0,6.4,11.3,22.2,4.32,100.0,108
2025-01-23,H. El Bierzo,León,JUEVES,1,2025,108,6.5,10.0,2.0,6.5,14.8,0.0,86.0,102
2025-01-24,H. El Bierzo,León,VIERNES,1,2025,102,8.0,10.0,6.0,15.7,44.6,0.0,93.0,98
2025-01-25,H. El Bierzo,León,SÁBADO,1,2025,98,5.7,10.0,-1.0,21.1,35.2,2.79,86.0,72
2025-01-26,H. El Bierzo,León,DOMINGO,1,2025,72,6.4,11.0,1.4,27.6,46.5,2.03,99.0,87
2025-01-27,H. El Bierzo,León,LUNES,1,2025,87,5.8,10.1,0.2,23.2,48.2,27.18,89.0,117
2025-01-28,H. El Bierzo,León,MARTES,1,2025,117,2.4,6.0,-0.5,20.9,35.2,11.43,92.0,87
2025-01-29,H. El Bierzo,León,MIÉRCOLES,1,2025,87,4.0,7.0,2.0,23.0,48.2,0.0,91.0,91
2025-01-30,H. El Bierzo,León,JUEVES,1,2025,91,3.3,7.0,0.8,19.1,46.5,4.57,75.0,105
2025-01-31,H. El Bierzo,León,VIERNES,1,2025,105,2.2,10.4,-5.0,6.5,16.5,3.05,70.0,114
2025-02-01,H. El Bierzo,León,SÁBADO,2,2025,114,4.9,12.2,-4.0,9.4,22.2,0.0,70.0,98
2025-02-02,H. El Bierzo,León,DOMINGO,2,2025,98,1.6,11.0,-7.0,6.7,24.1,0.0,81.0,91
2025-02-03,H. El Bierzo,León,LUNES,2,2025,91,1.6,11.0,-6.0,6.1,13.0,0.0,82.0,117
2025-02-04,H. El Bierzo,León,MARTES,2,2025,117,1.1,8.6,-6.0,4.1,13.0,0.0,0.0,107
2025-02-05,H. El Bierzo,León,MIÉRCOLES,2,2025,107,1.9,12.7,-7.0,4.6,11.1,0.0,74.0,112
2025-02-06,H. El Bierzo,León,JUEVES,2,2025,112,1.3,9.0,-6.0,5.2,13.0,0.0,72.0,95
2025-02-07,H. El Bierzo,León,VIERNES,2,2025,95,1.2,5.0,-2.0,5.7,14.8,2.79,96.0,113
2025-02-08,H. El Bierzo,León,SÁBADO,2,2025,113,1.3,7.2,-7.0,8.3,16.5,2.79,70.0,76
2025-02-09,H. El Bierzo,León,DOMINGO,2,2025,76,5.2,8.5,2.9,2.6,7.6,1.02,95.0,98
2025-02-10,H. El Bierzo,León,LUNES,2,2025,98,7.1,10.0,4.6,4.8,14.8,0.25,99.0,128
2025-02-11,H. El Bierzo,León,MARTES,2,2025,128,6.3,9.0,4.3,4.1,16.5,6.6,99.0,100
2025-02-12,H. El Bierzo,León,MIÉRCOLES,2,2025,100,6.1,11.0,2.0,13.0,33.5,10.41,82.0,104
2025-02-13,H. El Bierzo,León,JUEVES,2,2025,104,6.9,11.0,3.8,4.4,13.0,0.0,90.0,120
2025-02-14,H. El Bierzo,León,VIERNES,2,2025,120,5.7,10.8,0.0,4.3,9.4,0.0,90.0,105
2025-02-15,H. El Bierzo,León,SÁBADO,2,2025,105,7.8,13.4,4.8,7.0,14.8,0.0,81.0,73
2025-02-16,H. El Bierzo,León,DOMINGO,2,2025,73,6.3,11.0,1.0,5.9,18.3,0.0,84.0,91
2025-02-17,H. El Bierzo,León,LUNES,2,2025,91,3.7,9.5,-3.0,4.4,11.1,104.14,93.0,131
2025-02-18,H. El Bierzo,León,MARTES,2,2025,131,6.4,12.4,1.0,6.5,13.0,0.0,85.0,118
2025-02-19,H. El Bierzo,León,MIÉRCOLES,2,2025,118,6.7,12.5,1.0,4.8,14.8,0.0,93.0,127
2025-02-20,H. El Bierzo,León,JUEVES,2,2025,127,7.3,10.3,2.0,4.6,11.1,0.0,98.0,83
2025-02-21,H. El Bierzo,León,VIERNES,2,2025,83,8.8,12.0,4.8,17.6,37.0,0.0,95.0,115
2025-02-22,H. El Bierzo,León,SÁBADO,2,2025,115,5.3,10.2,1.0,8.0,22.2,7.62,88.0,76
2025-02-23,H. El Bierzo,León,DOMINGO,2,2025,76,4.9,11.4,-2.0,6.9,14.8,0.0,84.0,90
2025-02-24,H. El Bierzo,León,LUNES,2,2025,90,7.2,12.0,2.0,10.2,27.8,0.0,88.0,139
2025-02-25,H. El Bierzo,León,MARTES,2,2025,139,6.7,10.0,-3.0,11.9,29.4,0.0,71.0,111
2025-02-26,H. El Bierzo,León,MIÉRCOLES,2,2025,111,3.4,11.2,-6.0,7.0,14.8,0.0,71.0,117
2025-02-27,H. El Bierzo,León,JUEVES,2,2025,117,5.1,8.0,2.2,5.2,9.4,0.0,76.0,94
2025-02-28,H. El Bierzo,León,VIERNES,2,2025,94,5.9,10.0,3.1,9.1,20.6,0.0,72.0,97
2025-03-01,H. El Bierzo,León,SÁBADO,3,2025,97,5.0,10.0,0.0,14.6,27.8,0.0,55.0,92
2025-03-02,H. El Bierzo,León,DOMINGO,3,2025,92,1.1,6.0,-8.0,11.3,25.9,0.0,76.0,82
2025-03-03,H. El Bierzo,León,LUNES,3,2025,82,6.5,10.0,1.9,15.9,22.2,2.29,86.0,106
2025-03-04,H. El Bierzo,León,MARTES,3,2025,106,7.7,10.0,6.0,9.1,14.8,0.51,93.0,130
2025-03-05,H. El Bierzo,León,MIÉRCOLES,3,2025,130,8.1,11.3,6.2,10.7,20.6,8.89,95.0,103
2025-03-06,H. El Bierzo,León,JUEVES,3,2025,103,8.4,11.0,6.6,10.6,16.5,7.62,96.0,119
2025-03-07,H. El Bierzo,León,VIERNES,3,2025,119,8.4,11.0,6.4,15.4,27.8,4.32,97.0,110
2025-03-08,H. El Bierzo,León,SÁBADO,3,2025,110,6.4,9.0,3.5,21.9,57.6,7.87,95.0,92
2025-03-09,H. El Bierzo,León,DOMINGO,3,2025,92,4.7,9.0,2.0,9.8,16.5,10.67,89.0,85
2025-03-10,H. El Bierzo,León,LUNES,3,2025,85,5.8,9.0,3.5,10.2,18.3,0.76,89.0,113
2025-03-11,H. El Bierzo,León,MARTES,3,2025,113,6.6,11.1,3.0,9.8,24.1,10.41,81.0,105
2025-03-12,H. El Bierzo,León,MIÉRCOLES,3,2025,105,5.8,12.9,-1.0,8.5,22.2,0.25,70.0,101
2025-03-13,H. El Bierzo,León,JUEVES,3,2025,101,4.6,9.2,-0.2,11.9,24.1,0.0,64.0,110
2025-03-14,H. El Bierzo,León,VIERNES,3,2025,110,1.9,8.0,-6.0,9.8,18.3,0.0,62.0,116
2025-03-15,H. El Bierzo,León,SÁBADO,3,2025,116,1.9,6.2,-3.0,6.7,20.6,0.0,73.0,79
2025-03-16,H. El Bierzo,León,DOMINGO,3,2025,79,2.7,7.5,-4.0,5.4,13.0,0.0,64.0,87
2025-03-17,H. El Bierzo,León,LUNES,3,2025,87,4.7,9.1,-1.0,10.4,16.5,0.0,65.0,133
2025-03-18,H. El Bierzo,León,MARTES,3,2025,133,6.7,8.2,5.0,8.9,16.5,0.0,98.0,103
2025-03-19,H. El Bierzo,León,MIÉRCOLES,3,2025,103,9.2,13.6,6.2,15.7,35.2,1.52,80.0,103
2025-03-20,H. El Bierzo,León,JUEVES,3,2025,103,9.7,13.1,6.0,24.8,42.4,0.51,73.0,107
2025-03-21,H. El Bierzo,León,VIERNES,3,2025,107,6.9,9.0,4.0,24.6,37.0,5.84,97.0,98
2025-03-22,H. El Bierzo,León,SÁBADO,3,2025,98,4.7,9.5,0.9,16.5,31.7,5.33,89.0,78
2025-03-23,H. El Bierzo,León,DOMINGO,3,2025,78,3.8,10.0,-2.0,14.8,25.9,3.3,80.0,112
2025-03-24,H. El Bierzo,León,LUNES,3,2025,112,6.8,12.0,2.9,16.1,25.9,0.0,76.0,109
2025-03-25,H. El Bierzo,León,MARTES,3,2025,109,7.9,13.8,1.8,10.2,22.2,0.0,68.0,125
2025-03-26,H. El Bierzo,León,MIÉRCOLES,3,2025,125,7.6,14.0,1.0,6.1,13.0,0.0,72.0,101
2025-03-27,H. El Bierzo,León,JUEVES,3,2025,101,6.6,14.2,-2.0,6.5,14.8,0.0,74.0,110
2025-03-28,H. El Bierzo,León,VIERNES,3,2025,110,8.4,16.3,0.0,9.6,24.1,0.0,64.0,107
2025-03-29,H. El Bierzo,León,SÁBADO,3,2025,107,7.7,14.8,-2.0,12.2,22.2,0.0,51.0,100
2025-03-30,H. El Bierzo,León,DOMINGO,3,2025,100,7.9,18.2,-2.0,6.5,13.0,0.0,63.0,90
2025-03-31,H. El Bierzo,León,LUNES,3,2025,90,12.5,22.6,2.0,8.9,18.3,0.0,41.0,114
2025-04-01,H. El Bierzo,León,MARTES,4,2025,114,12.7,21.9,2.0,8.7,22.2,0.0,45.0,121
2025-04-02,H. El Bierzo,León,MIÉRCOLES,4,2025,121,11.4,18.0,2.0,12.6,38.9,0.0,65.0,113
2025-04-03,H. El Bierzo,León,JUEVES,4,2025,113,8.9,13.0,6.4,12.6,24.1,3.56,87.0,127
2025-04-04,H. El Bierzo,León,VIERNES,4,2025,127,9.9,13.1,7.1,20.4,38.9,6.1,92.0,108
2025-04-05,H. El Bierzo,León,SÁBADO,4,2025,108,9.6,13.2,7.6,13.5,24.1,5.08,92.0,91
2025-04-06,H. El Bierzo,León,DOMINGO,4,2025,91,9.9,17.4,2.0,6.9,13.0,3.81,69.0,85
2025-04-07,H. El Bierzo,León,LUNES,4,2025,85,10.6,19.6,1.0,6.5,13.0,0.0,64.0,101
2025-04-08,H. El Bierzo,León,MARTES,4,2025,101,12.8,21.5,5.0,7.0,13.0,0.0,58.0,127
2025-04-09,H. El Bierzo,León,MIÉRCOLES,4,2025,127,14.9,22.5,5.0,8.1,14.8,0.0,52.0,95
2025-04-10,H. El Bierzo,León,JUEVES,4,2025,95,14.3,22.0,3.0,8.7,16.5,0.0,58.0,119
2025-04-11,H. El Bierzo,León,VIERNES,4,2025,119,13.1,18.0,8.0,11.3,22.2,0.0,72.0,114
2025-04-12,H. El Bierzo,León,SÁBADO,4,2025,114,11.4,15.0,10.0,6.7,14.8,4.06,94.0,95
2025-04-13,H. El Bierzo,León,DOMINGO,4,2025,95,11.7,17.6,3.0,8.5,20.6,4.06,69.0,98
2025-04-14,H. El Bierzo,León,LUNES,4,2025,98,9.5,13.1,5.0,17.0,37.0,0.0,84.0,134
2025-04-15,H. El Bierzo,León,MARTES,4,2025,134,5.5,11.0,0.0,19.8,37.0,1.78,74.0,100
2025-04-16,H. El Bierzo,León,MIÉRCOLES,4,2025,100,3.9,10.3,-0.1,16.1,31.7,0.0,86.0,103
2025-04-17,H. El Bierzo,León,JUEVES,4,2025,103,7.5,15.5,-1.0,11.3,27.8,1.02,77.0,76
2025-04-18,H. El Bierzo,León,VIERNES,4,2025,76,9.6,13.0,5.0,20.0,42.4,0.0,92.0,88
2025-04-19,H. El Bierzo,León,SÁBADO,4,2025,88,4.6,9.0,1.0,19.4,33.5,8.38,89.0,100
2025-04-20,H. El Bierzo,León,DOMINGO,4,2025,100,7.3,14.5,-1.0,13.7,25.9,8.89,73.0,85
2025-04-21,H. El Bierzo,León,LUNES,4,2025,85,7.9,14.0,2.0,8.5,22.2,0.0,90.0,140
2025-04-22,H. El Bierzo,León,MARTES,4,2025,140,9.3,15.0,2.0,7.2,14.8,1.78,69.0,96
2025-04-23,H. El Bierzo,León,MIÉRCOLES,4,2025,96,11.3,21.4,1.0,10.2,22.2,0.0,65.0,108
2025-04-24,H. El Bierzo,León,JUEVES,4,2025,108,12.3,22.0,0.0,5.9,11.1,0.0,61.0,126
2025-04-25,H. El Bierzo,León,VIERNES,4,2025,126,14.1,22.0,6.0,10.4,22.2,0.0,66.0,118
2025-04-26,H. El Bierzo,León,SÁBADO,4,2025,118,9.8,15.5,4.0,15.7,29.4,0.25,59.0,80
2025-04-27,H. El Bierzo,León,DOMINGO,4,2025,80,9.8,18.1,-2.0,7.0,13.0,0.0,54.0,93
2025-04-28,H. El Bierzo,León,LUNES,4,2025,93,12.5,20.7,2.0,7.8,13.0,0.0,60.0,89
2025-04-29,H. El Bierzo,León,MARTES,4,2025,89,15.2,21.1,8.8,11.1,18.3,0.0,55.0,129
2025-04-30,H. El Bierzo,León,MIÉRCOLES,4,2025,129,13.6,18.0,6.0,15.2,51.9,0.0,68.0,142
2025-05-01,H. El Bierzo,León,JUEVES,5,2025,142,11.4,16.7,7.0,7.8,14.8,9.91,73.0,103
2025-05-02,H. El Bierzo,León,VIERNES,5,2025,103,12.1,15.3,9.0,14.1,29.4,0.0,85.0,125
2025-05-03,H. El Bierzo,León,SÁBADO,5,2025,125,11.8,16.3,9.0,11.9,25.9,7.11,84.0,101
2025-05-04,H. El Bierzo,León,DOMINGO,5,2025,101,10.4,16.2,8.0,6.7,18.3,6.6,93.0,75
2025-05-05,H. El Bierzo,León,LUNES,5,2025,75,10.0,15.0,5.0,13.7,31.7,7.11,73.0,117
2025-05-06,H. El Bierzo,León,MARTES,5,2025,117,7.6,12.7,0.0,10.4,20.6,0.0,58.0,112
2025-05-07,H. El Bierzo,León,MIÉRCOLES,5,2025,112,8.2,15.8,-1.0,7.0,14.8,0.0,59.0,117
2025-05-08,H. El Bierzo,León,JUEVES,5,2025,117,9.7,15.2,2.0,7.8,18.3,0.0,72.0,106
2025-05-09,H. El Bierzo,León,VIERNES,5,2025,106,8.1,12.1,6.6,7.6,16.5,24.38,93.0,122
2025-05-10,H. El Bierzo,León,SÁBADO,5,2025,122,7.8,11.7,6.0,8.9,25.9,5.08,95.0,110
2025-05-11,H. El Bierzo,León,DOMINGO,5,2025,110,7.8,13.0,4.0,17.8,33.5,8.38,85.0,72
2025-05-12,H. El Bierzo,León,LUNES,5,2025,72,8.3,12.0,4.4,10.9,20.6,0.0,88.0,110
2025-05-13,H. El Bierzo,León,MARTES,5,2025,110,9.4,13.8,6.0,7.4,16.5,3.81,84.0,105
2025-05-14,H. El Bierzo,León,MIÉRCOLES,5,2025,105,10.8,17.0,5.6,8.9,22.2,3.56,79.0,114
2025-05-15,H. El Bierzo,León,JUEVES,5,2025,114,11.3,16.0,7.8,8.7,16.5,16.76,82.0,120
2025-05-16,H. El Bierzo,León,VIERNES,5,2025,120,13.9,20.8,5.0,7.8,16.5,3.3,60.0,139
2025-05-17,H. El Bierzo,León,SÁBADO,5,2025,139,13.0,22.1,4.0,8.1,14.8,0.0,60.0,84
2025-05-18,H. El Bierzo,León,DOMINGO,5,2025,84,15.6,23.5,8.0,11.5,25.9,0.0,58.0,82
2025-05-19,H. El Bierzo,León,LUNES,5,2025,82,11.6,17.0,7.0,10.7,22.2,0.76,77.0,100
2025-05-20,H. El Bierzo,León,MARTES,5,2025,100,13.9,21.2,4.0,6.7,13.0,0.76,61.0,114
2025-05-21,H. El Bierzo,León,MIÉRCOLES,5,2025,114,13.6,22.8,5.0,11.3,24.1,0.0,68.0,100
2025-05-22,H. El Bierzo,León,JUEVES,5,2025,100,12.9,19.5,6.0,7.2,14.8,0.0,58.0,92
2025-05-23,H. El Bierzo,León,VIERNES,5,2025,92,12.3,20.8,2.0,6.3,11.1,0.0,55.0,115
2025-05-24,H. El Bierzo,León,SÁBADO,5,2025,115,14.2,23.7,4.0,7.8,13.0,0.0,53.0,96
2025-05-25,H. El Bierzo,León,DOMINGO,5,2025,96,11.2,13.5,7.0,6.1,9.4,0.0,92.0,79
2025-05-26,H. El Bierzo,León,LUNES,5,2025,79,14.4,22.9,4.0,6.5,13.0,0.0,66.0,127
2025-05-27,H. El Bierzo,León,MARTES,5,2025,127,15.9,26.0,4.0,5.6,13.0,0.0,61.0,95
2025-05-28,H. El Bierzo,León,MIÉRCOLES,5,2025,95,19.3,28.0,9.0,5.2,9.4,0.0,49.0,99
2025-05-29,H. El Bierzo,León,JUEVES,5,2025,99,20.6,29.5,10.0,8.0,18.3,0.0,48.0,117
2025-05-30,H. El Bierzo,León,VIERNES,5,2025,117,19.3,25.3,13.0,10.2,42.4,0.0,59.0,140
2025-05-31,H. El Bierzo,León,SÁBADO,5,2025,140,19.8,28.0,10.0,6.1,13.0,0.0,60.0,77
2025-06-01,H. El Bierzo,León,DOMINGO,6,2025,77,19.1,25.5,12.0,7.6,16.5,0.0,63.0,85
2025-06-02,H. El Bierzo,León,LUNES,6,2025,85,16.1,23.0,8.8,9.4,18.3,0.0,68.0,109
2025-06-03,H. El Bierzo,León,MARTES,6,2025,109,15.8,21.7,10.0,7.8,16.5,0.0,83.0,108
2025-06-04,H. El Bierzo,León,MIÉRCOLES,6,2025,108,13.6,20.2,7.0,13.1,27.8,21.59,69.0,92
2025-06-05,H. El Bierzo,León,JUEVES,6,2025,92,15.6,22.5,10.0,15.2,25.9,0.0,66.0,128
2025-06-06,H. El Bierzo,León,VIERNES,6,2025,128,15.8,22.9,9.0,12.2,22.2,0.0,67.0,104
2025-06-07,H. El Bierzo,León,SÁBADO,6,2025,104,16.3,23.8,9.9,15.4,25.9,0.0,59.0,84
2025-06-08,H. El Bierzo,León,DOMINGO,6,2025,84,14.9,25.9,5.0,5.0,11.1,0.0,66.0,92
2025-06-09,H. El Bierzo,León,LUNES,6,2025,92,20.4,30.2,9.0,5.6,11.1,0.0,52.0,115
2025-06-10,H. El Bierzo,León,MARTES,6,2025,115,23.4,30.3,16.0,8.7,18.3,0.0,45.0,111
2025-06-11,H. El Bierzo,León,MIÉRCOLES,6,2025,111,22.1,27.1,16.0,14.3,29.4,0.0,47.0,107
2025-06-12,H. El Bierzo,León,JUEVES,6,2025,107,15.9,22.5,8.0,10.0,20.6,0.0,68.0,110
2025-06-13,H. El Bierzo,León,VIERNES,6,2025,110,18.2,26.2,9.0,11.9,27.8,0.0,63.0,106
2025-06-14,H. El Bierzo,León,SÁBADO,6,2025,106,17.0,24.0,10.0,6.9,18.3,0.0,70.0,77
2025-06-15,H. El Bierzo,León,DOMINGO,6,2025,77,17.5,26.2,6.0,7.2,14.8,0.0,59.0,79
2025-06-16,H. El Bierzo,León,LUNES,6,2025,79,18.7,30.1,6.0,5.0,11.1,0.0,53.0,113
2025-06-17,H. El Bierzo,León,MARTES,6,2025,113,23.8,32.8,10.0,6.9,16.5,0.0,45.0,101
2025-06-18,H. El Bierzo,León,MIÉRCOLES,6,2025,101,25.1,33.4,14.0,9.6,22.2,0.0,39.0,118
2025-06-19,H. El Bierzo,León,JUEVES,6,2025,118,21.2,27.0,13.0,7.8,22.2,0.0,59.0,98
2025-06-20,H. El Bierzo,León,VIERNES,6,2025,98,23.7,33.0,15.3,10.6,29.4,0.25,45.0,111
2025-06-21,H. El Bierzo,León,SÁBADO,6,2025,111,23.6,32.0,15.0,12.6,27.8,1.02,45.0,101
2025-06-22,H. El Bierzo,León,DOMINGO,6,2025,101,22.9,30.9,15.9,10.7,22.2,0.0,48.0,87
2025-06-23,H. El Bierzo,León,LUNES,6,2025,87,23.4,32.0,12.0,9.3,25.9,0.0,46.0,120
2025-06-24,H. El Bierzo,León,MARTES,6,2025,120,18.9,25.0,13.0,14.1,40.7,0.25,69.0,118
2025-06-25,H. El Bierzo,León,MIÉRCOLES,6,2025,118,17.8,23.2,11.0,9.6,20.6,8.89,75.0,106
2025-06-26,H. El Bierzo,León,JUEVES,6,2025,106,19.2,27.4,10.0,6.1,13.0,0.0,59.0,106
2025-06-27,H. El Bierzo,León,VIERNES,6,2025,106,22.4,31.4,12.0,7.0,13.0,0.0,51.0,124
2025-06-28,H. El Bierzo,León,SÁBADO,6,2025,124,24.5,33.6,15.0,6.9,13.0,0.0,43.0,77
2025-06-29,H. El Bierzo,León,DOMINGO,6,2025,77,25.3,34.4,18.5,11.5,42.4,0.0,40.0,86
2025-06-30,H. El Bierzo,León,LUNES,6,2025,86,24.6,34.2,13.0,9.1,20.6,1.02,37.0,119
2025-07-01,H. El Bierzo,León,MARTES,7,2025,119,26.5,34.3,14.0,9.6,20.6,0.0,31.0,104
2025-07-02,H. El Bierzo,León,MIÉRCOLES,7,2025,104,22.8,33.2,16.0,12.2,29.4,0.51,54.0,132
2025-07-03,H. El Bierzo,León,JUEVES,7,2025,132,21.0,31.3,12.0,9.8,50.0,0.0,59.0,119
2025-07-04,H. El Bierzo,León,VIERNES,7,2025,119,22.4,30.1,15.0,9.8,24.1,0.76,56.0,89
2025-07-05,H. El Bierzo,León,SÁBADO,7,2025,89,22.2,31.2,15.0,8.7,16.5,0.0,53.0,106
2025-07-06,H. El Bierzo,León,DOMINGO,7,2025,106,21.2,29.1,12.0,9.4,20.6,0.0,59.0,98
2025-07-07,H. El Bierzo,León,LUNES,7,2025,98,18.4,26.1,10.0,12.6,24.1,0.0,54.0,101
2025-07-08,H. El Bierzo,León,MARTES,7,2025,101,16.9,28.0,3.0,6.5,16.5,0.0,41.0,122
2025-07-09,H. El Bierzo,León,MIÉRCOLES,7,2025,122,21.3,32.0,8.0,7.8,16.5,0.0,37.0,106
2025-07-10,H. El Bierzo,León,JUEVES,7,2025,106,23.4,32.0,12.0,8.5,18.3,0.0,42.0,126
2025-07-11,H. El Bierzo,León,VIERNES,7,2025,126,21.7,28.9,15.0,8.5,18.3,0.0,51.0,109
2025-07-12,H. El Bierzo,León,SÁBADO,7,2025,109,20.7,27.4,14.0,8.3,22.2,0.0,56.0,105
2025-07-13,H. El Bierzo,León,DOMINGO,7,2025,105,20.1,27.2,13.0,8.3,24.1,0.0,63.0,76
2025-07-14,H. El Bierzo,León,LUNES,7,2025,76,19.9,28.4,10.0,7.6,18.3,0.0,57.0,120
2025-07-15,H. El Bierzo,León,MARTES,7,2025,120,20.4,30.0,8.0,6.7,13.0,0.0,52.0,87
2025-07-16,H. El Bierzo,León,MIÉRCOLES,7,2025,87,23.7,33.6,11.0,7.2,20.6,0.0,43.0,110
2025-07-17,H. El Bierzo,León,JUEVES,7,2025,110,23.6,33.0,12.0,8.1,20.6,0.0,44.0,121
2025-07-18,H. El Bierzo,León,VIERNES,7,2025,121,19.3,27.0,11.0,8.5,25.9,0.0,65.0,116
2025-07-19,H. El Bierzo,León,SÁBADO,7,2025,116,17.6,24.3,10.0,12.0,22.2,0.0,61.0,104
2025-07-20,H. El Bierzo,León,DOMINGO,7,2025,104,16.5,21.9,12.0,19.6,33.5,0.0,58.0,76
2025-07-21,H. El Bierzo,León,LUNES,7,2025,76,17.0,26.0,8.0,10.7,22.2,0.0,48.0,116
2025-07-22,H. El Bierzo,León,MARTES,7,2025,116,18.7,28.0,7.0,8.0,20.6,0.0,56.0,113
2025-07-23,H. El Bierzo,León,MIÉRCOLES,7,2025,113,18.1,25.3,8.0,11.9,25.9,0.0,51.0,135
2025-07-24,H. El Bierzo,León,JUEVES,7,2025,135,15.2,22.4,6.0,11.3,24.1,0.0,56.0,72
2025-07-25,H. El Bierzo,León,VIERNES,7,2025,72,17.4,27.1,7.6,7.2,16.5,0.0,45.0,112
2025-07-26,H. El Bierzo,León,SÁBADO,7,2025,112,18.3,29.0,6.0,7.2,13.0,0.0,49.0,106
2025-07-27,H. El Bierzo,León,DOMINGO,7,2025,106,20.6,31.1,8.0,8.9,18.3,0.0,45.0,93
2025-07-28,H. El Bierzo,León,LUNES,7,2025,93,18.1,25.8,9.0,10.7,18.3,0.0,57.0,106
2025-07-29,H. El Bierzo,León,MARTES,7,2025,106,18.9,27.4,8.0,8.0,20.6,1.27,54.0,105
2025-07-30,H. El Bierzo,León,MIÉRCOLES,7,2025,105,18.2,28.4,6.0,7.0,14.8,0.0,51.0,107
2025-07-31,H. El Bierzo,León,JUEVES,7,2025,107,19.2,30.1,8.0,6.9,14.8,4.06,53.0,83
2025-08-01,H. El Bierzo,León,VIERNES,8,2025,83,19.6,30.2,8.0,6.5,18.3,1.27,44.0,110
2025-08-02,H. El Bierzo,León,SÁBADO,8,2025,110,20.5,31.0,9.0,6.9,20.6,5.33,48.0,79
2025-08-03,H. El Bierzo,León,DOMINGO,8,2025,79,21.6,31.3,11.0,7.6,13.0,0.0,43.0,97
2025-08-04,H. El Bierzo,León,LUNES,8,2025,97,24.2,35.1,12.0,10.0,27.8,0.0,32.0,127
2025-08-05,H. El Bierzo,León,MARTES,8,2025,127,23.1,32.4,11.0,9.3,22.2,0.0,42.0,117
2025-08-06,H. El Bierzo,León,MIÉRCOLES,8,2025,117,23.3,32.4,12.0,7.6,16.5,0.0,42.0,122
2025-08-07,H. El Bierzo,León,JUEVES,8,2025,122,25.1,34.8,14.0,8.0,16.5,0.0,37.0,108
2025-08-08,H. El Bierzo,León,VIERNES,8,2025,108,25.9,35.0,15.0,8.7,20.6,0.0,35.0,111
2025-08-09,H. El Bierzo,León,SÁBADO,8,2025,111,26.7,36.2,15.0,7.0,14.8,0.0,31.0,105
2025-08-10,H. El Bierzo,León,DOMINGO,8,2025,105,27.8,36.0,19.0,9.1,18.3,0.0,28.0,104
2025-08-11,H. El Bierzo,León,LUNES,8,2025,104,25.9,35.0,13.0,7.8,13.0,0.0,30.0,105
2025-08-12,H. El Bierzo,León,MARTES,8,2025,105,25.4,33.5,19.8,11.1,31.7,0.0,39.0,109
2025-08-13,H. El Bierzo,León,MIÉRCOLES,8,2025,109,22.3,30.0,16.0,8.0,40.7,1.27,54.0,108
2025-08-14,H. El Bierzo,León,JUEVES,8,2025,108,24.8,34.0,16.7,9.3,16.5,5.59,43.0,103
2025-08-15,H. El Bierzo,León,VIERNES,8,2025,103,27.1,36.0,18.0,11.1,18.3,0.0,30.0,90
2025-08-16,H. El Bierzo,León,SÁBADO,8,2025,90,25.6,35.7,14.0,8.7,22.2,0.0,28.0,88
2025-08-17,H. El Bierzo,León,DOMINGO,8,2025,88,25.9,35.0,17.0,9.8,27.8,39.88,30.0,106
2025-08-18,H. El Bierzo,León,LUNES,8,2025,106,20.2,27.2,15.0,8.7,16.5,0.0,55.0,127
2025-08-19,H. El Bierzo,León,MARTES,8,2025,127,16.5,25.0,8.0,7.4,20.6,0.0,64.0,108
2025-08-20,H. El Bierzo,León,MIÉRCOLES,8,2025,108,15.9,23.0,9.0,8.9,16.5,0.0,62.0,92
2025-08-21,H. El Bierzo,León,JUEVES,8,2025,92,16.5,24.2,8.0,9.8,16.5,1.27,60.0,88
2025-08-22,H. El Bierzo,León,VIERNES,8,2025,88,16.5,26.1,6.0,6.5,14.8,0.0,58.0,96
2025-08-23,H. El Bierzo,León,SÁBADO,8,2025,96,18.6,28.6,7.0,7.6,14.8,2.79,49.0,76
2025-08-24,H. El Bierzo,León,DOMINGO,8,2025,76,22.2,30.6,12.0,8.9,22.2,0.0,34.0,95
2025-08-25,H. El Bierzo,León,LUNES,8,2025,95,0.0,0.0,0.0,0.0,0.0,0.0,0.0,101
2025-08-26,H. El Bierzo,León,MARTES,8,2025,101,0.0,0.0,0.0,0.0,0.0,0.0,0.0,117
2025-08-27,H. El Bierzo,León,MIÉRCOLES,8,2025,117,0.0,0.0,0.0,0.0,0.0,0.0,0.0,101
2025-08-28,H. El Bierzo,León,JUEVES,8,2025,101,0.0,0.0,0.0,0.0,0.0,0.0,0.0,109
2025-08-29,H. El Bierzo,León,VIERNES,8,2025,109,0.0,0.0,0.0,0.0,0.0,0.0,0.0,120
2025-08-30,H. El Bierzo,León,SÁBADO,8,2025,120,0.0,0.0,0.0,0.0,0.0,0.0,0.0,83
2025-08-31,H. El Bierzo,León,DOMINGO,8,2025,83,0.0,0.0,0.0,0.0,0.0,0.0,0.0,101
2024-01-01,C.A.U. Salamanca,Salamanca,LUNES,1,2024,138,3.7,11.0,-3.5,5.9,14.8,0.0,78.0,138
2024-01-02,C.A.U. Salamanca,Salamanca,MARTES,1,2024,138,8.4,12.0,2.8,25.0,42.4,0.0,83.0,129
2024-01-03,C.A.U. Salamanca,Salamanca,MIÉRCOLES,1,2024,129,10.1,13.1,4.0,14.3,27.8,4.83,91.0,145
2024-01-04,C.A.U. Salamanca,Salamanca,JUEVES,1,2024,145,6.9,10.6,2.5,7.4,16.5,1.52,93.0,143
2024-01-05,C.A.U. Salamanca,Salamanca,VIERNES,1,2024,143,4.1,7.6,1.8,18.7,29.4,5.59,85.0,146
2024-01-06,C.A.U. Salamanca,Salamanca,SÁBADO,1,2024,146,2.3,9.2,-2.2,7.4,14.8,0.0,85.0,109
2024-01-07,C.A.U. Salamanca,Salamanca,DOMINGO,1,2024,109,1.2,8.3,-3.4,2.6,9.4,0.0,82.0,106
2024-01-08,C.A.U. Salamanca,Salamanca,LUNES,1,2024,106,0.8,7.0,-5.9,4.8,14.8,0.0,83.0,122
2024-01-09,C.A.U. Salamanca,Salamanca,MARTES,1,2024,122,4.4,6.2,2.0,4.8,9.4,1.02,88.0,124
2024-01-10,C.A.U. Salamanca,Salamanca,MIÉRCOLES,1,2024,124,5.9,8.0,4.0,13.0,25.9,0.51,91.0,119
2024-01-11,C.A.U. Salamanca,Salamanca,JUEVES,1,2024,119,3.0,6.7,-2.0,13.1,22.2,0.51,79.0,138
2024-01-12,C.A.U. Salamanca,Salamanca,VIERNES,1,2024,138,0.9,7.0,-4.3,9.1,18.3,0.0,83.0,122
2024-01-13,C.A.U. Salamanca,Salamanca,SÁBADO,1,2024,122,5.5,13.0,-0.9,5.6,16.5,0.0,77.0,123
2024-01-14,C.A.U. Salamanca,Salamanca,DOMINGO,1,2024,123,9.6,12.4,6.0,11.5,38.9,1.52,87.0,139
2024-01-15,C.A.U. Salamanca,Salamanca,LUNES,1,2024,139,11.8,14.7,9.2,14.3,31.7,7.87,93.0,161
2024-01-16,C.A.U. Salamanca,Salamanca,MARTES,1,2024,161,12.5,14.6,11.0,25.6,50.0,7.11,80.0,145
2024-01-17,C.A.U. Salamanca,Salamanca,MIÉRCOLES,1,2024,145,10.8,13.4,8.9,35.0,55.4,2.29,79.0,141
2024-01-18,C.A.U. Salamanca,Salamanca,JUEVES,1,2024,141,10.0,13.0,7.6,21.1,46.5,3.56,78.0,120
2024-01-19,C.A.U. Salamanca,Salamanca,VIERNES,1,2024,120,4.0,8.0,-1.0,19.6,37.0,8.13,81.0,133
2024-01-20,C.A.U. Salamanca,Salamanca,SÁBADO,1,2024,133,0.3,7.0,-3.4,6.9,16.5,8.38,80.0,105
2024-01-21,C.A.U. Salamanca,Salamanca,DOMINGO,1,2024,105,3.3,13.4,-3.8,2.2,11.1,0.0,79.0,131
2024-01-22,C.A.U. Salamanca,Salamanca,LUNES,1,2024,131,7.3,13.0,-0.3,7.8,22.2,0.0,88.0,154
2024-01-23,C.A.U. Salamanca,Salamanca,MARTES,1,2024,154,11.1,16.5,3.9,5.2,11.1,0.0,87.0,145
2024-01-24,C.A.U. Salamanca,Salamanca,MIÉRCOLES,1,2024,145,6.3,11.0,1.9,5.2,11.1,0.0,97.0,137
2024-01-25,C.A.U. Salamanca,Salamanca,JUEVES,1,2024,137,5.9,16.9,-0.4,5.9,13.0,0.0,90.0,148
2024-01-26,C.A.U. Salamanca,Salamanca,VIERNES,1,2024,148,5.6,13.1,1.5,6.7,13.0,0.0,91.0,109
2024-01-27,C.A.U. Salamanca,Salamanca,SÁBADO,1,2024,109,6.6,15.3,2.5,3.3,9.4,0.0,92.0,113
2024-01-28,C.A.U. Salamanca,Salamanca,DOMINGO,1,2024,113,7.7,18.0,-0.7,5.2,22.2,0.0,76.0,147
2024-01-29,C.A.U. Salamanca,Salamanca,LUNES,1,2024,147,8.3,17.1,1.9,2.8,11.1,0.0,79.0,142
2024-01-30,C.A.U. Salamanca,Salamanca,MARTES,1,2024,142,6.4,16.6,-0.7,4.3,14.8,0.0,83.0,130
2024-01-31,C.A.U. Salamanca,Salamanca,MIÉRCOLES,1,2024,130,4.8,12.1,0.4,3.0,13.0,0.25,93.0,140
2024-02-01,C.A.U. Salamanca,Salamanca,JUEVES,2,2024,140,4.7,14.5,-1.7,3.5,16.5,0.0,83.0,119
2024-02-02,C.A.U. Salamanca,Salamanca,VIERNES,2,2024,119,5.6,12.3,-0.7,6.3,22.2,0.0,85.0,151
2024-02-03,C.A.U. Salamanca,Salamanca,SÁBADO,2,2024,151,5.6,16.0,-2.6,2.4,9.4,0.0,79.0,125
2024-02-04,C.A.U. Salamanca,Salamanca,DOMINGO,2,2024,125,6.2,16.2,-1.6,2.0,11.1,0.0,78.0,136
2024-02-05,C.A.U. Salamanca,Salamanca,LUNES,2,2024,136,5.6,16.2,-1.8,1.7,5.4,0.0,81.0,165
2024-02-06,C.A.U. Salamanca,Salamanca,MARTES,2,2024,165,7.1,15.9,1.0,5.4,18.3,0.0,76.0,128
2024-02-07,C.A.U. Salamanca,Salamanca,MIÉRCOLES,2,2024,128,8.1,12.3,0.3,15.6,25.9,0.0,84.0,144
2024-02-08,C.A.U. Salamanca,Salamanca,JUEVES,2,2024,144,9.9,12.0,8.0,39.3,70.6,0.0,69.0,147
2024-02-09,C.A.U. Salamanca,Salamanca,VIERNES,2,2024,147,9.4,12.0,6.4,26.7,42.4,1.78,88.0,135
2024-02-10,C.A.U. Salamanca,Salamanca,SÁBADO,2,2024,135,4.8,7.7,1.4,23.7,35.2,4.83,84.0,134
2024-02-11,C.A.U. Salamanca,Salamanca,DOMINGO,2,2024,134,5.2,7.9,1.4,16.5,27.8,2.03,85.0,124
2024-02-12,C.A.U. Salamanca,Salamanca,LUNES,2,2024,124,10.8,15.4,5.8,21.7,31.7,1.78,79.0,164
2024-02-13,C.A.U. Salamanca,Salamanca,MARTES,2,2024,164,11.3,16.0,7.4,8.7,24.1,0.25,91.0,144
2024-02-14,C.A.U. Salamanca,Salamanca,MIÉRCOLES,2,2024,144,12.3,20.0,8.0,4.4,11.1,0.0,87.0,158
2024-02-15,C.A.U. Salamanca,Salamanca,JUEVES,2,2024,158,11.6,17.0,6.9,18.1,46.5,0.25,80.0,170
2024-02-16,C.A.U. Salamanca,Salamanca,VIERNES,2,2024,170,8.3,14.0,3.0,8.7,18.3,5.33,82.0,133
2024-02-17,C.A.U. Salamanca,Salamanca,SÁBADO,2,2024,133,6.3,15.0,-1.3,5.7,16.5,0.0,78.0,130
2024-02-18,C.A.U. Salamanca,Salamanca,DOMINGO,2,2024,130,7.3,17.6,-1.2,3.3,11.1,0.0,75.0,138
2024-02-19,C.A.U. Salamanca,Salamanca,LUNES,2,2024,138,8.4,16.0,0.8,9.1,25.9,0.0,79.0,168
2024-02-20,C.A.U. Salamanca,Salamanca,MARTES,2,2024,168,6.9,17.1,-1.8,3.1,11.1,0.0,69.0,134
2024-02-21,C.A.U. Salamanca,Salamanca,MIÉRCOLES,2,2024,134,7.5,16.0,-1.4,7.0,24.1,0.0,73.0,119
2024-02-22,C.A.U. Salamanca,Salamanca,JUEVES,2,2024,119,8.4,14.0,4.0,24.3,50.0,0.0,81.0,130
2024-02-23,C.A.U. Salamanca,Salamanca,VIERNES,2,2024,130,4.1,9.4,1.6,26.7,44.6,1.27,81.0,161
2024-02-24,C.A.U. Salamanca,Salamanca,SÁBADO,2,2024,161,5.1,9.0,1.9,27.0,37.0,0.25,76.0,121
2024-02-25,C.A.U. Salamanca,Salamanca,DOMINGO,2,2024,121,9.3,13.1,5.8,37.6,59.4,0.51,82.0,157
2024-02-26,C.A.U. Salamanca,Salamanca,LUNES,2,2024,157,5.3,8.0,1.0,25.6,37.0,2.54,78.0,159
2024-02-27,C.A.U. Salamanca,Salamanca,MARTES,2,2024,159,3.5,10.7,-1.9,16.7,29.4,0.0,65.0,133
2024-02-28,C.A.U. Salamanca,Salamanca,MIÉRCOLES,2,2024,133,3.7,12.2,-4.8,4.4,13.0,0.0,71.0,156
2024-02-29,C.A.U. Salamanca,Salamanca,JUEVES,2,2024,156,3.6,12.5,-2.6,15.2,46.5,0.0,79.0,116
2024-03-01,C.A.U. Salamanca,Salamanca,VIERNES,3,2024,116,3.9,9.2,-3.4,20.0,35.2,0.0,81.0,135
2024-03-02,C.A.U. Salamanca,Salamanca,SÁBADO,3,2024,135,4.8,9.3,0.5,27.8,51.9,0.51,87.0,142
2024-03-03,C.A.U. Salamanca,Salamanca,DOMINGO,3,2024,142,4.3,8.9,0.0,21.7,33.5,7.87,79.0,120
2024-03-04,C.A.U. Salamanca,Salamanca,LUNES,3,2024,120,7.4,11.8,2.5,20.0,42.4,0.0,81.0,146
2024-03-05,C.A.U. Salamanca,Salamanca,MARTES,3,2024,146,6.1,10.5,0.7,9.4,14.8,1.02,72.0,142
2024-03-06,C.A.U. Salamanca,Salamanca,MIÉRCOLES,3,2024,142,5.3,14.7,-2.8,4.4,14.8,14.22,72.0,112
2024-03-07,C.A.U. Salamanca,Salamanca,JUEVES,3,2024,112,5.0,10.3,0.7,18.0,35.2,0.0,79.0,134
2024-03-08,C.A.U. Salamanca,Salamanca,VIERNES,3,2024,134,6.1,10.6,2.2,34.6,48.2,5.84,79.0,146
2024-03-09,C.A.U. Salamanca,Salamanca,SÁBADO,3,2024,146,4.6,8.5,1.0,25.6,42.4,3.05,81.0,131
2024-03-10,C.A.U. Salamanca,Salamanca,DOMINGO,3,2024,131,6.2,10.8,2.6,28.7,38.9,1.02,83.0,112
2024-03-11,C.A.U. Salamanca,Salamanca,LUNES,3,2024,112,7.0,12.0,3.0,17.6,29.4,2.54,79.0,143
2024-03-12,C.A.U. Salamanca,Salamanca,MARTES,3,2024,143,6.9,16.2,-1.0,4.6,14.8,0.0,71.0,141
2024-03-13,C.A.U. Salamanca,Salamanca,MIÉRCOLES,3,2024,141,9.4,20.0,0.4,4.1,18.3,0.0,67.0,160
2024-03-14,C.A.U. Salamanca,Salamanca,JUEVES,3,2024,160,9.7,15.8,3.1,14.4,33.5,0.0,78.0,122
2024-03-15,C.A.U. Salamanca,Salamanca,VIERNES,3,2024,122,11.3,16.5,5.4,9.6,22.2,0.76,82.0,140
2024-03-16,C.A.U. Salamanca,Salamanca,SÁBADO,3,2024,140,11.5,18.6,3.3,6.9,20.6,0.0,79.0,123
2024-03-17,C.A.U. Salamanca,Salamanca,DOMINGO,3,2024,123,12.1,21.1,3.7,4.1,18.3,0.0,75.0,159
2024-03-18,C.A.U. Salamanca,Salamanca,LUNES,3,2024,159,13.1,22.6,4.0,4.8,18.3,0.0,66.0,164
2024-03-19,C.A.U. Salamanca,Salamanca,MARTES,3,2024,164,13.2,22.7,3.3,5.2,20.6,0.0,65.0,146
2024-03-20,C.A.U. Salamanca,Salamanca,MIÉRCOLES,3,2024,146,12.7,21.9,3.9,4.4,18.3,0.0,74.0,140
2024-03-21,C.A.U. Salamanca,Salamanca,JUEVES,3,2024,140,15.7,23.0,6.5,20.7,33.5,8.13,62.0,128
2024-03-22,C.A.U. Salamanca,Salamanca,VIERNES,3,2024,128,17.1,25.3,10.3,13.7,24.1,0.0,54.0,156
2024-03-23,C.A.U. Salamanca,Salamanca,SÁBADO,3,2024,156,14.7,21.0,9.0,19.6,29.4,0.0,68.0,144
2024-03-24,C.A.U. Salamanca,Salamanca,DOMINGO,3,2024,144,11.2,19.0,4.0,13.5,27.8,0.0,55.0,137
2024-03-25,C.A.U. Salamanca,Salamanca,LUNES,3,2024,137,9.2,16.5,4.2,19.8,40.7,0.0,69.0,149
2024-03-26,C.A.U. Salamanca,Salamanca,MARTES,3,2024,149,3.2,9.0,0.4,22.0,33.5,0.0,78.0,139
2024-03-27,C.A.U. Salamanca,Salamanca,MIÉRCOLES,3,2024,139,9.1,13.3,2.5,43.0,66.5,6.86,71.0,117
2024-03-28,C.A.U. Salamanca,Salamanca,JUEVES,3,2024,117,0.0,0.0,0.0,0.0,0.0,0.0,0.0,105
2024-03-29,C.A.U. Salamanca,Salamanca,VIERNES,3,2024,105,0.0,0.0,0.0,0.0,0.0,0.0,0.0,130
2024-03-30,C.A.U. Salamanca,Salamanca,SÁBADO,3,2024,130,0.0,0.0,0.0,0.0,0.0,0.0,0.0,116
2024-03-31,C.A.U. Salamanca,Salamanca,DOMINGO,3,2024,116,0.0,0.0,0.0,0.0,0.0,0.0,0.0,137
2024-04-01,C.A.U. Salamanca,Salamanca,LUNES,4,2024,137,5.3,11.6,2.8,11.1,29.4,0.0,79.0,139
2024-04-02,C.A.U. Salamanca,Salamanca,MARTES,4,2024,139,7.3,10.0,4.7,16.7,29.4,0.0,86.0,139
2024-04-03,C.A.U. Salamanca,Salamanca,MIÉRCOLES,4,2024,139,10.8,17.0,3.9,11.5,22.2,0.0,75.0,139
2024-04-04,C.A.U. Salamanca,Salamanca,JUEVES,4,2024,139,11.4,19.3,2.7,11.7,27.8,0.0,67.0,133
2024-04-05,C.A.U. Salamanca,Salamanca,VIERNES,4,2024,133,16.4,24.3,7.4,15.9,31.7,0.0,48.0,132
2024-04-06,C.A.U. Salamanca,Salamanca,SÁBADO,4,2024,132,16.8,20.3,12.7,17.4,33.5,0.0,51.0,136
2024-04-07,C.A.U. Salamanca,Salamanca,DOMINGO,4,2024,136,13.6,18.8,10.1,10.2,24.1,0.76,76.0,134
2024-04-08,C.A.U. Salamanca,Salamanca,LUNES,4,2024,134,9.4,13.9,4.0,26.9,59.4,7.62,78.0,135
2024-04-09,C.A.U. Salamanca,Salamanca,MARTES,4,2024,135,6.6,13.8,-1.6,5.9,14.8,2.03,68.0,125
2024-04-10,C.A.U. Salamanca,Salamanca,MIÉRCOLES,4,2024,125,10.1,18.3,0.9,5.7,14.8,0.0,66.0,139
2024-04-11,C.A.U. Salamanca,Salamanca,JUEVES,4,2024,139,14.1,23.0,4.3,11.3,24.1,0.0,69.0,126
2024-04-12,C.A.U. Salamanca,Salamanca,VIERNES,4,2024,126,15.8,25.3,5.2,4.1,14.8,0.0,65.0,147
2024-04-13,C.A.U. Salamanca,Salamanca,SÁBADO,4,2024,147,16.7,26.0,6.3,3.3,13.0,0.0,66.0,115
2024-04-14,C.A.U. Salamanca,Salamanca,DOMINGO,4,2024,115,17.7,26.7,7.8,3.9,16.5,0.0,61.0,139
2024-04-15,C.A.U. Salamanca,Salamanca,LUNES,4,2024,139,16.8,24.3,8.7,4.8,13.0,0.0,62.0,153
2024-04-16,C.A.U. Salamanca,Salamanca,MARTES,4,2024,153,14.4,21.7,6.7,11.3,29.4,0.0,60.0,169
2024-04-17,C.A.U. Salamanca,Salamanca,MIÉRCOLES,4,2024,169,11.2,18.5,4.1,18.7,25.9,0.0,59.0,141
2024-04-18,C.A.U. Salamanca,Salamanca,JUEVES,4,2024,141,10.9,19.7,1.7,19.3,27.8,0.0,58.0,127
2024-04-19,C.A.U. Salamanca,Salamanca,VIERNES,4,2024,127,12.3,22.5,1.4,5.9,13.0,0.0,58.0,150
2024-04-20,C.A.U. Salamanca,Salamanca,SÁBADO,4,2024,150,13.9,22.5,4.1,10.7,27.8,0.0,49.0,124
2024-04-21,C.A.U. Salamanca,Salamanca,DOMINGO,4,2024,124,12.2,20.9,2.8,12.8,29.4,0.0,48.0,118
2024-04-22,C.A.U. Salamanca,Salamanca,LUNES,4,2024,118,8.8,15.3,1.3,20.4,25.9,0.0,47.0,130
2024-04-23,C.A.U. Salamanca,Salamanca,MARTES,4,2024,130,7.7,16.0,-1.9,11.9,25.9,0.0,54.0,145
2024-04-24,C.A.U. Salamanca,Salamanca,MIÉRCOLES,4,2024,145,9.3,18.0,0.6,10.4,22.2,0.0,51.0,158
2024-04-25,C.A.U. Salamanca,Salamanca,JUEVES,4,2024,158,9.8,16.2,3.0,10.0,29.4,0.0,64.0,118
2024-04-26,C.A.U. Salamanca,Salamanca,VIERNES,4,2024,118,10.1,15.2,4.1,18.3,38.9,0.0,67.0,136
2024-04-27,C.A.U. Salamanca,Salamanca,SÁBADO,4,2024,136,7.7,13.3,4.0,22.0,38.9,1.78,81.0,128
2024-04-28,C.A.U. Salamanca,Salamanca,DOMINGO,4,2024,128,7.9,14.4,1.4,7.2,24.1,5.33,74.0,124
2024-04-29,C.A.U. Salamanca,Salamanca,LUNES,4,2024,124,8.4,17.7,0.1,7.2,20.6,0.0,70.0,182
2024-04-30,C.A.U. Salamanca,Salamanca,MARTES,4,2024,182,8.6,14.7,2.6,16.5,29.4,0.0,78.0,141
2024-05-01,C.A.U. Salamanca,Salamanca,MIÉRCOLES,5,2024,141,0.0,0.0,0.0,0.0,0.0,0.0,0.0,134
2024-05-02,C.A.U. Salamanca,Salamanca,JUEVES,5,2024,134,6.5,13.0,-0.2,17.4,29.4,4.32,80.0,137
2024-05-03,C.A.U. Salamanca,Salamanca,VIERNES,5,2024,137,9.1,16.0,0.5,14.3,24.1,0.25,74.0,144
2024-05-04,C.A.U. Salamanca,Salamanca,SÁBADO,5,2024,144,13.6,20.8,5.5,18.7,35.2,0.0,67.0,123
2024-05-05,C.A.U. Salamanca,Salamanca,DOMINGO,5,2024,123,12.9,19.3,8.6,18.5,42.4,0.25,85.0,127
2024-05-06,C.A.U. Salamanca,Salamanca,LUNES,5,2024,127,12.3,17.4,6.6,10.7,18.3,12.19,71.0,148
2024-05-07,C.A.U. Salamanca,Salamanca,MARTES,5,2024,148,12.2,19.9,3.6,10.9,18.3,0.0,64.0,137
2024-05-08,C.A.U. Salamanca,Salamanca,MIÉRCOLES,5,2024,137,14.4,23.0,6.0,12.0,18.3,0.0,52.0,123
2024-05-09,C.A.U. Salamanca,Salamanca,JUEVES,5,2024,123,15.7,25.5,3.9,5.4,18.3,0.0,57.0,147
2024-05-10,C.A.U. Salamanca,Salamanca,VIERNES,5,2024,147,18.1,27.0,6.4,4.6,14.8,0.0,55.0,119
2024-05-11,C.A.U. Salamanca,Salamanca,SÁBADO,5,2024,119,17.2,25.5,9.1,7.8,25.9,0.0,66.0,138
2024-05-12,C.A.U. Salamanca,Salamanca,DOMINGO,5,2024,138,16.2,24.8,7.6,6.7,18.3,0.0,64.0,125
2024-05-13,C.A.U. Salamanca,Salamanca,LUNES,5,2024,125,15.0,24.8,8.1,16.9,35.2,0.0,72.0,163
2024-05-14,C.A.U. Salamanca,Salamanca,MARTES,5,2024,163,10.4,16.1,5.0,20.9,35.2,1.78,75.0,151
2024-05-15,C.A.U. Salamanca,Salamanca,MIÉRCOLES,5,2024,151,8.8,16.4,2.9,17.4,42.4,0.0,71.0,148
2024-05-16,C.A.U. Salamanca,Salamanca,JUEVES,5,2024,148,9.7,16.0,3.5,16.3,31.7,0.0,71.0,137
2024-05-17,C.A.U. Salamanca,Salamanca,VIERNES,5,2024,137,11.6,17.3,6.7,16.9,25.9,1.02,74.0,151
2024-05-18,C.A.U. Salamanca,Salamanca,SÁBADO,5,2024,151,10.7,18.6,3.4,13.3,24.1,0.0,72.0,123
2024-05-19,C.A.U. Salamanca,Salamanca,DOMINGO,5,2024,123,11.8,19.0,5.8,10.2,25.9,0.0,71.0,157
2024-05-20,C.A.U. Salamanca,Salamanca,LUNES,5,2024,157,11.4,19.3,2.5,10.7,24.1,0.0,70.0,163
2024-05-21,C.A.U. Salamanca,Salamanca,MARTES,5,2024,163,11.8,19.1,7.0,15.0,33.5,0.0,72.0,149
2024-05-22,C.A.U. Salamanca,Salamanca,MIÉRCOLES,5,2024,149,11.6,19.2,4.0,13.3,24.1,0.0,66.0,144
2024-05-23,C.A.U. Salamanca,Salamanca,JUEVES,5,2024,144,13.2,21.8,2.0,6.7,13.0,0.0,57.0,127
2024-05-24,C.A.U. Salamanca,Salamanca,VIERNES,5,2024,127,15.7,25.5,4.9,6.5,14.8,0.0,48.0,141
2024-05-25,C.A.U. Salamanca,Salamanca,SÁBADO,5,2024,141,16.7,25.0,6.0,10.9,25.9,0.0,45.0,130
2024-05-26,C.A.U. Salamanca,Salamanca,DOMINGO,5,2024,130,16.4,24.5,7.9,8.9,20.6,0.0,62.0,152
2024-05-27,C.A.U. Salamanca,Salamanca,LUNES,5,2024,152,15.9,25.5,5.5,8.9,16.5,0.0,56.0,151
2024-05-28,C.A.U. Salamanca,Salamanca,MARTES,5,2024,151,18.8,28.1,7.7,7.2,16.5,0.0,48.0,160
2024-05-29,C.A.U. Salamanca,Salamanca,MIÉRCOLES,5,2024,160,20.6,30.5,8.2,4.6,16.5,0.0,52.0,151
2024-05-30,C.A.U. Salamanca,Salamanca,JUEVES,5,2024,151,21.5,31.0,10.1,9.6,29.4,0.0,53.0,153
2024-05-31,C.A.U. Salamanca,Salamanca,VIERNES,5,2024,153,17.1,26.3,9.0,21.5,27.8,0.0,41.0,139
2024-06-01,C.A.U. Salamanca,Salamanca,SÁBADO,6,2024,139,15.6,25.0,6.9,20.0,33.5,0.0,48.0,134
2024-06-02,C.A.U. Salamanca,Salamanca,DOMINGO,6,2024,134,17.1,26.8,7.5,15.2,25.9,0.0,46.0,145
2024-06-03,C.A.U. Salamanca,Salamanca,LUNES,6,2024,145,18.3,28.1,7.7,9.4,16.5,0.0,53.0,186
2024-06-04,C.A.U. Salamanca,Salamanca,MARTES,6,2024,186,20.5,29.1,11.1,8.1,22.2,0.0,51.0,181
2024-06-05,C.A.U. Salamanca,Salamanca,MIÉRCOLES,6,2024,181,21.4,31.0,9.5,7.8,25.9,0.0,51.0,146
2024-06-06,C.A.U. Salamanca,Salamanca,JUEVES,6,2024,146,23.1,32.8,11.9,6.5,18.3,0.0,48.0,143
2024-06-07,C.A.U. Salamanca,Salamanca,VIERNES,6,2024,143,24.1,32.6,17.4,10.4,25.9,2.29,52.0,145
2024-06-08,C.A.U. Salamanca,Salamanca,SÁBADO,6,2024,145,18.2,22.0,13.0,9.1,25.9,0.0,78.0,141
2024-06-09,C.A.U. Salamanca,Salamanca,DOMINGO,6,2024,141,17.8,22.8,13.0,14.8,24.1,1.27,69.0,140
2024-06-10,C.A.U. Salamanca,Salamanca,LUNES,6,2024,140,16.4,24.2,11.0,13.9,22.2,0.0,53.0,157
2024-06-11,C.A.U. Salamanca,Salamanca,MARTES,6,2024,157,16.2,24.3,7.1,10.0,18.3,0.0,48.0,144
2024-06-12,C.A.U. Salamanca,Salamanca,MIÉRCOLES,6,2024,144,16.3,23.2,8.5,13.9,22.2,0.0,52.0,141
2024-06-13,C.A.U. Salamanca,Salamanca,JUEVES,6,2024,141,17.8,27.2,5.7,9.8,22.2,0.0,47.0,146
2024-06-14,C.A.U. Salamanca,Salamanca,VIERNES,6,2024,146,18.8,26.2,9.6,14.8,31.7,0.0,59.0,133
2024-06-15,C.A.U. Salamanca,Salamanca,SÁBADO,6,2024,133,15.1,23.8,6.6,11.3,16.5,0.0,57.0,100
2024-06-16,C.A.U. Salamanca,Salamanca,DOMINGO,6,2024,100,17.1,26.5,6.9,13.0,27.8,0.0,60.0,140
2024-06-17,C.A.U. Salamanca,Salamanca,LUNES,6,2024,140,18.3,27.7,8.5,13.7,33.5,0.0,57.0,144
2024-06-18,C.A.U. Salamanca,Salamanca,MARTES,6,2024,144,15.6,21.6,10.8,13.0,35.2,0.0,76.0,129
2024-06-19,C.A.U. Salamanca,Salamanca,MIÉRCOLES,6,2024,129,14.2,20.0,6.7,8.5,29.4,11.18,72.0,132
2024-06-20,C.A.U. Salamanca,Salamanca,JUEVES,6,2024,132,15.3,22.5,11.1,10.7,24.1,0.0,76.0,139
2024-06-21,C.A.U. Salamanca,Salamanca,VIERNES,6,2024,139,17.5,26.5,7.3,6.1,13.0,1.27,61.0,110
2024-06-22,C.A.U. Salamanca,Salamanca,SÁBADO,6,2024,110,19.0,28.0,8.8,5.2,13.0,0.0,53.0,115
2024-06-23,C.A.U. Salamanca,Salamanca,DOMINGO,6,2024,115,21.4,30.5,10.5,8.5,16.5,0.0,55.0,128
2024-06-24,C.A.U. Salamanca,Salamanca,LUNES,6,2024,128,22.1,30.8,14.2,8.9,16.5,0.0,60.0,163
2024-06-25,C.A.U. Salamanca,Salamanca,MARTES,6,2024,163,24.1,33.4,13.1,11.3,33.5,0.0,54.0,132
2024-06-26,C.A.U. Salamanca,Salamanca,MIÉRCOLES,6,2024,132,22.1,33.2,13.5,6.1,31.7,0.0,61.0,128
2024-06-27,C.A.U. Salamanca,Salamanca,JUEVES,6,2024,128,23.3,33.0,15.6,8.0,18.3,5.59,64.0,120
2024-06-28,C.A.U. Salamanca,Salamanca,VIERNES,6,2024,120,19.1,26.4,14.0,12.0,27.8,0.0,82.0,152
2024-06-29,C.A.U. Salamanca,Salamanca,SÁBADO,6,2024,152,16.2,19.7,14.0,15.6,24.1,25.91,91.0,117
2024-06-30,C.A.U. Salamanca,Salamanca,DOMINGO,6,2024,117,17.3,25.1,10.2,8.0,16.5,0.0,73.0,121
2024-07-01,C.A.U. Salamanca,Salamanca,LUNES,7,2024,121,19.6,27.5,10.7,9.1,18.3,0.0,55.0,130
2024-07-02,C.A.U. Salamanca,Salamanca,MARTES,7,2024,130,20.9,29.6,12.9,10.4,18.3,0.0,56.0,120
2024-07-03,C.A.U. Salamanca,Salamanca,MIÉRCOLES,7,2024,120,22.5,32.5,11.1,5.0,13.0,0.0,55.0,131
2024-07-04,C.A.U. Salamanca,Salamanca,JUEVES,7,2024,131,24.3,34.2,11.5,3.9,13.0,0.0,47.0,122
2024-07-05,C.A.U. Salamanca,Salamanca,VIERNES,7,2024,122,24.3,35.5,13.2,6.5,18.3,0.0,58.0,136
2024-07-06,C.A.U. Salamanca,Salamanca,SÁBADO,7,2024,136,20.9,28.1,11.6,11.1,22.2,0.0,58.0,117
2024-07-07,C.A.U. Salamanca,Salamanca,DOMINGO,7,2024,117,18.1,27.4,8.5,7.4,13.0,0.0,59.0,123
2024-07-08,C.A.U. Salamanca,Salamanca,LUNES,7,2024,123,20.9,30.4,9.7,12.2,27.8,0.0,42.0,120
2024-07-09,C.A.U. Salamanca,Salamanca,MARTES,7,2024,120,21.6,29.4,14.5,11.5,33.5,0.0,51.0,153
2024-07-10,C.A.U. Salamanca,Salamanca,MIÉRCOLES,7,2024,153,22.4,31.4,12.6,7.4,18.3,0.0,64.0,113
2024-07-11,C.A.U. Salamanca,Salamanca,JUEVES,7,2024,113,21.7,31.1,14.1,10.2,24.1,0.0,63.0,130
2024-07-12,C.A.U. Salamanca,Salamanca,VIERNES,7,2024,130,20.0,28.7,9.9,4.3,13.0,0.0,59.0,142
2024-07-13,C.A.U. Salamanca,Salamanca,SÁBADO,7,2024,142,21.3,30.1,11.2,9.4,22.2,0.0,50.0,105
2024-07-14,C.A.U. Salamanca,Salamanca,DOMINGO,7,2024,105,20.9,30.5,9.7,12.6,22.2,0.0,41.0,106
2024-07-15,C.A.U. Salamanca,Salamanca,LUNES,7,2024,106,19.8,27.7,12.5,13.7,29.4,0.0,67.0,135
2024-07-16,C.A.U. Salamanca,Salamanca,MARTES,7,2024,135,18.8,28.7,6.9,3.0,9.4,0.0,55.0,125
2024-07-17,C.A.U. Salamanca,Salamanca,MIÉRCOLES,7,2024,125,21.7,34.9,8.7,6.7,22.2,0.0,47.0,111
2024-07-18,C.A.U. Salamanca,Salamanca,JUEVES,7,2024,111,23.4,34.6,10.5,7.2,31.3,0.0,47.0,101
2024-07-19,C.A.U. Salamanca,Salamanca,VIERNES,7,2024,101,24.8,36.7,12.2,7.8,24.1,0.0,41.0,122
2024-07-20,C.A.U. Salamanca,Salamanca,SÁBADO,7,2024,122,22.7,29.8,13.3,15.2,24.1,0.0,60.0,127
2024-07-21,C.A.U. Salamanca,Salamanca,DOMINGO,7,2024,127,20.6,29.6,11.0,7.0,14.8,0.0,47.0,96
2024-07-22,C.A.U. Salamanca,Salamanca,LUNES,7,2024,96,22.4,33.4,9.5,9.8,18.3,0.0,34.0,143
2024-07-23,C.A.U. Salamanca,Salamanca,MARTES,7,2024,143,24.2,36.6,11.2,4.3,11.1,0.0,48.0,128
2024-07-24,C.A.U. Salamanca,Salamanca,MIÉRCOLES,7,2024,128,26.1,38.0,13.0,3.5,13.0,0.0,50.0,119
2024-07-25,C.A.U. Salamanca,Salamanca,JUEVES,7,2024,119,25.9,36.1,14.1,4.8,13.0,0.0,47.0,130
2024-07-26,C.A.U. Salamanca,Salamanca,VIERNES,7,2024,130,25.1,35.4,14.2,5.9,16.5,0.0,50.0,143
2024-07-27,C.A.U. Salamanca,Salamanca,SÁBADO,7,2024,143,25.5,37.2,14.7,8.0,25.9,0.0,49.0,104
2024-07-28,C.A.U. Salamanca,Salamanca,DOMINGO,7,2024,104,25.7,38.1,13.9,5.7,20.6,0.0,50.0,104
2024-07-29,C.A.U. Salamanca,Salamanca,LUNES,7,2024,104,24.8,33.4,15.9,7.2,29.4,0.0,53.0,151
2024-07-30,C.A.U. Salamanca,Salamanca,MARTES,7,2024,151,26.0,35.6,16.0,13.7,31.7,0.0,43.0,131
2024-07-31,C.A.U. Salamanca,Salamanca,MIÉRCOLES,7,2024,131,24.4,34.1,13.0,7.8,18.3,0.0,48.0,124
2024-08-01,C.A.U. Salamanca,Salamanca,JUEVES,8,2024,124,24.7,34.7,14.4,7.8,14.8,0.0,53.0,127
2024-08-02,C.A.U. Salamanca,Salamanca,VIERNES,8,2024,127,22.3,31.2,13.9,8.5,13.0,0.0,61.0,134
2024-08-03,C.A.U. Salamanca,Salamanca,SÁBADO,8,2024,134,23.4,33.0,14.0,9.1,14.8,0.0,54.0,109
2024-08-04,C.A.U. Salamanca,Salamanca,DOMINGO,8,2024,109,24.6,35.8,12.1,6.3,13.0,0.0,45.0,112
2024-08-05,C.A.U. Salamanca,Salamanca,LUNES,8,2024,112,24.6,35.5,12.7,7.6,20.6,0.0,47.0,153
2024-08-06,C.A.U. Salamanca,Salamanca,MARTES,8,2024,153,23.1,34.4,11.5,5.9,16.5,0.0,51.0,142
2024-08-07,C.A.U. Salamanca,Salamanca,MIÉRCOLES,8,2024,142,24.0,35.0,11.8,5.0,13.0,0.0,55.0,130
2024-08-08,C.A.U. Salamanca,Salamanca,JUEVES,8,2024,130,24.6,36.5,12.0,5.0,13.0,0.0,52.0,117
2024-08-09,C.A.U. Salamanca,Salamanca,VIERNES,8,2024,117,26.1,38.3,14.1,6.5,14.8,0.0,50.0,127
2024-08-10,C.A.U. Salamanca,Salamanca,SÁBADO,8,2024,127,26.8,39.0,14.5,6.9,16.5,0.0,43.0,95
2024-08-11,C.A.U. Salamanca,Salamanca,DOMINGO,8,2024,95,26.8,37.0,14.4,10.7,24.1,0.0,41.0,126
2024-08-12,C.A.U. Salamanca,Salamanca,LUNES,8,2024,126,0.0,0.0,0.0,0.0,0.0,0.0,0.0,146
2024-08-13,C.A.U. Salamanca,Salamanca,MARTES,8,2024,146,19.6,28.4,13.3,9.3,22.2,0.0,66.0,152
2024-08-14,C.A.U. Salamanca,Salamanca,MIÉRCOLES,8,2024,152,20.2,29.5,10.5,7.2,20.6,0.0,58.0,129
2024-08-15,C.A.U. Salamanca,Salamanca,JUEVES,8,2024,129,19.5,30.1,7.9,11.3,18.3,0.0,46.0,124
2024-08-16,C.A.U. Salamanca,Salamanca,VIERNES,8,2024,124,20.9,33.1,7.4,4.6,14.8,0.0,44.0,120
2024-08-17,C.A.U. Salamanca,Salamanca,SÁBADO,8,2024,120,23.2,35.0,10.7,9.3,20.6,0.0,46.0,135
2024-08-18,C.A.U. Salamanca,Salamanca,DOMINGO,8,2024,135,22.9,32.5,13.2,6.3,18.3,0.0,54.0,135
2024-08-19,C.A.U. Salamanca,Salamanca,LUNES,8,2024,135,23.1,33.8,12.7,8.1,22.2,0.0,47.0,148
2024-08-20,C.A.U. Salamanca,Salamanca,MARTES,8,2024,148,25.4,34.0,14.0,6.1,16.5,0.0,37.0,160
2024-08-21,C.A.U. Salamanca,Salamanca,MIÉRCOLES,8,2024,160,23.3,34.9,12.4,7.4,16.5,0.0,54.0,117
2024-08-22,C.A.U. Salamanca,Salamanca,JUEVES,8,2024,117,23.3,36.5,11.7,7.6,24.1,0.0,46.0,100
2024-08-23,C.A.U. Salamanca,Salamanca,VIERNES,8,2024,100,22.6,35.3,10.5,5.4,16.5,0.0,54.0,127
2024-08-24,C.A.U. Salamanca,Salamanca,SÁBADO,8,2024,127,22.8,33.1,12.3,10.2,24.1,0.0,54.0,111
2024-08-25,C.A.U. Salamanca,Salamanca,DOMINGO,8,2024,111,20.7,30.8,12.5,12.8,22.2,0.0,57.0,109
2024-08-26,C.A.U. Salamanca,Salamanca,LUNES,8,2024,109,20.1,31.8,9.3,5.7,14.8,0.0,54.0,140
2024-08-27,C.A.U. Salamanca,Salamanca,MARTES,8,2024,140,22.8,35.0,10.7,7.4,20.6,0.0,43.0,113
2024-08-28,C.A.U. Salamanca,Salamanca,MIÉRCOLES,8,2024,113,22.4,35.8,10.3,9.6,29.4,0.0,51.0,116
2024-08-29,C.A.U. Salamanca,Salamanca,JUEVES,8,2024,116,21.9,31.9,15.0,6.7,14.8,0.0,59.0,140
2024-08-30,C.A.U. Salamanca,Salamanca,VIERNES,8,2024,140,21.6,32.3,12.1,5.4,16.5,1.52,64.0,115
2024-08-31,C.A.U. Salamanca,Salamanca,SÁBADO,8,2024,115,20.7,30.0,13.9,7.0,16.5,0.0,70.0,102
2024-09-01,C.A.U. Salamanca,Salamanca,DOMINGO,9,2024,102,19.8,29.6,11.7,6.3,14.8,0.0,69.0,96
2024-09-02,C.A.U. Salamanca,Salamanca,LUNES,9,2024,96,20.7,31.0,12.0,7.0,18.3,0.0,62.0,118
2024-09-03,C.A.U. Salamanca,Salamanca,MARTES,9,2024,118,19.3,27.2,14.2,11.3,22.2,0.0,70.0,125
2024-09-04,C.A.U. Salamanca,Salamanca,MIÉRCOLES,9,2024,125,18.0,26.3,12.6,11.3,20.6,0.0,63.0,119
2024-09-05,C.A.U. Salamanca,Salamanca,JUEVES,9,2024,119,16.6,24.2,10.1,9.8,20.6,0.0,62.0,109
2024-09-06,C.A.U. Salamanca,Salamanca,VIERNES,9,2024,109,14.6,22.0,8.4,9.8,20.6,0.0,57.0,142
2024-09-07,C.A.U. Salamanca,Salamanca,SÁBADO,9,2024,142,14.8,24.5,4.7,9.1,20.6,0.0,63.0,118
2024-09-08,C.A.U. Salamanca,Salamanca,DOMINGO,9,2024,118,16.4,25.7,9.2,5.9,14.8,0.0,56.0,93
2024-09-09,C.A.U. Salamanca,Salamanca,LUNES,9,2024,93,16.3,27.0,4.9,4.6,11.1,0.0,57.0,130
2024-09-10,C.A.U. Salamanca,Salamanca,MARTES,9,2024,130,17.8,28.7,6.3,7.0,16.5,0.0,56.0,177
2024-09-11,C.A.U. Salamanca,Salamanca,MIÉRCOLES,9,2024,177,17.1,26.0,8.4,7.6,13.0,0.0,51.0,126
2024-09-12,C.A.U. Salamanca,Salamanca,JUEVES,9,2024,126,17.9,27.6,8.2,6.9,20.6,0.0,58.0,143
2024-09-13,C.A.U. Salamanca,Salamanca,VIERNES,9,2024,143,12.6,18.0,8.8,17.4,31.7,0.0,65.0,109
2024-09-14,C.A.U. Salamanca,Salamanca,SÁBADO,9,2024,109,13.6,26.6,0.9,6.7,13.0,0.0,49.0,111
2024-09-15,C.A.U. Salamanca,Salamanca,DOMINGO,9,2024,111,16.0,28.9,2.4,7.4,24.1,0.0,38.0,128
2024-09-16,C.A.U. Salamanca,Salamanca,LUNES,9,2024,128,16.8,28.6,1.7,13.7,24.1,0.0,31.0,153
2024-09-17,C.A.U. Salamanca,Salamanca,MARTES,9,2024,153,16.1,24.9,8.0,17.6,27.8,0.0,49.0,134
2024-09-18,C.A.U. Salamanca,Salamanca,MIÉRCOLES,9,2024,134,16.4,26.7,3.5,5.4,11.1,0.0,57.0,167
2024-09-19,C.A.U. Salamanca,Salamanca,JUEVES,9,2024,167,16.8,25.2,10.3,6.1,20.6,0.0,72.0,152
2024-09-20,C.A.U. Salamanca,Salamanca,VIERNES,9,2024,152,16.1,22.2,11.2,6.3,16.5,2.29,81.0,111
2024-09-21,C.A.U. Salamanca,Salamanca,SÁBADO,9,2024,111,15.1,19.0,11.1,3.9,22.2,1.52,91.0,141
2024-09-22,C.A.U. Salamanca,Salamanca,DOMINGO,9,2024,141,14.1,23.3,6.9,5.7,14.8,4.83,77.0,122
2024-09-23,C.A.U. Salamanca,Salamanca,LUNES,9,2024,122,14.4,22.6,8.0,7.2,18.3,0.0,64.0,145
2024-09-24,C.A.U. Salamanca,Salamanca,MARTES,9,2024,145,13.0,18.1,7.5,10.6,20.6,0.0,75.0,120
2024-09-25,C.A.U. Salamanca,Salamanca,MIÉRCOLES,9,2024,120,18.6,25.4,13.5,23.2,42.4,0.25,78.0,129
2024-09-26,C.A.U. Salamanca,Salamanca,JUEVES,9,2024,129,17.8,22.7,11.0,31.9,53.5,0.0,73.0,150
2024-09-27,C.A.U. Salamanca,Salamanca,VIERNES,9,2024,150,12.1,18.9,5.4,15.2,25.9,1.78,68.0,121
2024-09-28,C.A.U. Salamanca,Salamanca,SÁBADO,9,2024,121,10.1,19.8,0.3,8.7,24.1,0.0,58.0,131
2024-09-29,C.A.U. Salamanca,Salamanca,DOMINGO,9,2024,131,13.9,26.9,2.1,5.6,14.8,0.0,48.0,100
2024-09-30,C.A.U. Salamanca,Salamanca,LUNES,9,2024,100,15.3,28.3,4.0,4.3,16.5,0.0,56.0,148
2024-10-01,C.A.U. Salamanca,Salamanca,MARTES,10,2024,148,16.7,26.4,8.1,8.5,18.3,15.49,74.0,168
2024-10-02,C.A.U. Salamanca,Salamanca,MIÉRCOLES,10,2024,168,17.7,22.0,14.5,18.7,35.2,0.0,86.0,151
2024-10-03,C.A.U. Salamanca,Salamanca,JUEVES,10,2024,151,17.1,21.3,12.1,7.8,16.5,0.51,82.0,137
2024-10-04,C.A.U. Salamanca,Salamanca,VIERNES,10,2024,137,15.1,23.5,8.6,4.3,11.1,0.51,80.0,133
2024-10-05,C.A.U. Salamanca,Salamanca,SÁBADO,10,2024,133,16.3,25.2,6.9,13.0,33.5,0.0,76.0,136
2024-10-06,C.A.U. Salamanca,Salamanca,DOMINGO,10,2024,136,17.7,21.9,14.2,25.0,42.4,0.0,78.0,163
2024-10-07,C.A.U. Salamanca,Salamanca,LUNES,10,2024,163,14.9,18.2,8.2,22.0,37.0,0.76,86.0,146
2024-10-08,C.A.U. Salamanca,Salamanca,MARTES,10,2024,146,13.7,18.6,7.7,24.6,50.0,13.21,84.0,137
2024-10-09,C.A.U. Salamanca,Salamanca,MIÉRCOLES,10,2024,137,16.1,23.0,10.5,41.3,63.0,1.02,81.0,150
2024-10-10,C.A.U. Salamanca,Salamanca,JUEVES,10,2024,150,11.6,19.0,5.6,7.6,16.5,1.02,75.0,135
2024-10-11,C.A.U. Salamanca,Salamanca,VIERNES,10,2024,135,13.1,20.0,4.4,7.8,18.3,0.0,77.0,113
2024-10-12,C.A.U. Salamanca,Salamanca,SÁBADO,10,2024,113,16.6,23.1,11.7,13.0,22.2,3.56,79.0,121
2024-10-13,C.A.U. Salamanca,Salamanca,DOMINGO,10,2024,121,15.8,25.2,8.1,4.4,13.0,3.81,77.0,155
2024-10-14,C.A.U. Salamanca,Salamanca,LUNES,10,2024,155,14.9,22.0,7.2,6.7,25.9,0.0,82.0,175
2024-10-15,C.A.U. Salamanca,Salamanca,MARTES,10,2024,175,15.1,18.2,12.1,7.8,27.8,1.27,93.0,144
2024-10-16,C.A.U. Salamanca,Salamanca,MIÉRCOLES,10,2024,144,16.0,20.5,11.8,18.5,33.5,15.24,86.0,133
2024-10-17,C.A.U. Salamanca,Salamanca,JUEVES,10,2024,133,11.6,16.6,7.0,18.3,33.5,17.53,82.0,118
2024-10-18,C.A.U. Salamanca,Salamanca,VIERNES,10,2024,118,10.7,16.3,2.5,7.4,18.3,0.25,88.0,137
2024-10-19,C.A.U. Salamanca,Salamanca,SÁBADO,10,2024,137,14.3,20.4,10.6,11.1,22.2,0.0,82.0,135
2024-10-20,C.A.U. Salamanca,Salamanca,DOMINGO,10,2024,135,14.9,22.5,8.3,4.3,11.1,0.0,81.0,126
2024-10-21,C.A.U. Salamanca,Salamanca,LUNES,10,2024,126,12.4,21.7,4.4,3.3,11.1,0.0,80.0,156
2024-10-22,C.A.U. Salamanca,Salamanca,MARTES,10,2024,156,13.6,21.2,8.2,9.1,16.5,0.0,82.0,141
2024-10-23,C.A.U. Salamanca,Salamanca,MIÉRCOLES,10,2024,141,12.3,23.6,4.7,3.5,11.1,0.0,75.0,130
2024-10-24,C.A.U. Salamanca,Salamanca,JUEVES,10,2024,130,13.8,22.2,4.9,8.7,25.9,0.0,75.0,116
2024-10-25,C.A.U. Salamanca,Salamanca,VIERNES,10,2024,116,10.6,14.0,4.0,11.5,27.8,1.27,76.0,119
2024-10-26,C.A.U. Salamanca,Salamanca,SÁBADO,10,2024,119,5.3,9.2,1.6,7.2,14.8,0.0,91.0,117
2024-10-27,C.A.U. Salamanca,Salamanca,DOMINGO,10,2024,117,6.4,10.8,1.6,7.2,22.2,1.02,91.0,132
2024-10-28,C.A.U. Salamanca,Salamanca,LUNES,10,2024,132,11.8,18.0,6.0,19.4,27.8,0.76,80.0,140
2024-10-29,C.A.U. Salamanca,Salamanca,MARTES,10,2024,140,12.0,16.5,6.8,13.3,31.7,0.0,85.0,131
2024-10-30,C.A.U. Salamanca,Salamanca,MIÉRCOLES,10,2024,131,12.9,20.0,9.0,19.4,31.7,0.25,71.0,107
2024-10-31,C.A.U. Salamanca,Salamanca,JUEVES,10,2024,107,13.6,17.1,10.0,14.1,25.9,0.0,73.0,102
2024-11-01,C.A.U. Salamanca,Salamanca,VIERNES,11,2024,102,12.7,21.5,6.3,5.0,16.5,1.27,80.0,122
2024-11-02,C.A.U. Salamanca,Salamanca,SÁBADO,11,2024,122,11.1,19.0,4.2,4.3,11.1,0.0,86.0,126
2024-11-03,C.A.U. Salamanca,Salamanca,DOMINGO,11,2024,126,11.0,21.8,2.9,5.9,22.2,0.0,74.0,146
2024-11-04,C.A.U. Salamanca,Salamanca,LUNES,11,2024,146,12.3,21.3,3.5,4.1,13.0,0.0,74.0,168
2024-11-05,C.A.U. Salamanca,Salamanca,MARTES,11,2024,168,13.2,19.0,7.8,3.1,13.0,0.0,85.0,139
2024-11-06,C.A.U. Salamanca,Salamanca,MIÉRCOLES,11,2024,139,13.1,21.7,5.5,5.9,14.8,0.25,77.0,128
2024-11-07,C.A.U. Salamanca,Salamanca,JUEVES,11,2024,128,10.7,22.1,2.4,2.2,9.4,0.0,79.0,148
2024-11-08,C.A.U. Salamanca,Salamanca,VIERNES,11,2024,148,10.8,20.0,4.7,5.0,24.1,0.0,82.0,142
2024-11-09,C.A.U. Salamanca,Salamanca,SÁBADO,11,2024,142,12.1,18.4,4.8,6.7,14.8,0.0,76.0,131
2024-11-10,C.A.U. Salamanca,Salamanca,DOMINGO,11,2024,131,10.2,15.0,4.4,4.6,14.8,0.0,93.0,122
2024-11-11,C.A.U. Salamanca,Salamanca,LUNES,11,2024,122,10.3,16.9,3.7,12.6,27.8,0.51,81.0,168
2024-11-12,C.A.U. Salamanca,Salamanca,MARTES,11,2024,168,6.1,14.0,-0.9,12.0,29.4,0.0,77.0,139
2024-11-13,C.A.U. Salamanca,Salamanca,MIÉRCOLES,11,2024,139,5.5,11.0,0.0,21.3,35.2,0.0,79.0,141
2024-11-14,C.A.U. Salamanca,Salamanca,JUEVES,11,2024,141,12.0,17.0,6.9,20.0,29.4,0.0,76.0,152
2024-11-15,C.A.U. Salamanca,Salamanca,VIERNES,11,2024,152,13.1,18.0,10.0,13.7,33.5,0.0,76.0,123
2024-11-16,C.A.U. Salamanca,Salamanca,SÁBADO,11,2024,123,11.8,20.0,4.0,9.8,22.2,0.0,74.0,129
2024-11-17,C.A.U. Salamanca,Salamanca,DOMINGO,11,2024,129,7.9,18.3,0.0,3.7,14.8,0.0,81.0,126
2024-11-18,C.A.U. Salamanca,Salamanca,LUNES,11,2024,126,0.0,0.0,0.0,0.0,0.0,0.0,0.0,176
2024-11-19,C.A.U. Salamanca,Salamanca,MARTES,11,2024,176,0.0,0.0,0.0,0.0,0.0,0.0,0.0,137
2024-11-20,C.A.U. Salamanca,Salamanca,MIÉRCOLES,11,2024,137,0.0,0.0,0.0,0.0,0.0,0.0,0.0,125
2024-11-21,C.A.U. Salamanca,Salamanca,JUEVES,11,2024,125,0.0,0.0,0.0,0.0,0.0,0.0,0.0,144
2024-11-22,C.A.U. Salamanca,Salamanca,VIERNES,11,2024,144,9.0,12.5,5.0,11.3,31.7,0.0,83.0,125
2024-11-23,C.A.U. Salamanca,Salamanca,SÁBADO,11,2024,125,11.9,17.0,4.6,11.7,31.7,0.0,81.0,137
2024-11-24,C.A.U. Salamanca,Salamanca,DOMINGO,11,2024,137,14.6,19.0,6.8,23.0,44.6,0.0,53.0,122
2024-11-25,C.A.U. Salamanca,Salamanca,LUNES,11,2024,122,10.8,17.2,2.0,23.2,59.4,3.56,76.0,147
2024-11-26,C.A.U. Salamanca,Salamanca,MARTES,11,2024,147,4.9,11.0,0.5,3.1,9.4,9.91,89.0,132
2024-11-27,C.A.U. Salamanca,Salamanca,MIÉRCOLES,11,2024,132,3.8,14.4,-2.4,3.9,13.0,0.0,87.0,141
2024-11-28,C.A.U. Salamanca,Salamanca,JUEVES,11,2024,141,5.1,17.7,-1.0,4.6,13.0,0.25,87.0,137
2024-11-29,C.A.U. Salamanca,Salamanca,VIERNES,11,2024,137,10.0,18.6,2.5,5.7,18.3,0.0,83.0,136
2024-11-30,C.A.U. Salamanca,Salamanca,SÁBADO,11,2024,136,9.2,20.0,2.9,6.5,16.5,0.0,84.0,127
2024-12-01,C.A.U. Salamanca,Salamanca,DOMINGO,12,2024,127,0.0,0.0,0.0,0.0,0.0,0.0,0.0,137
2024-12-02,C.A.U. Salamanca,Salamanca,LUNES,12,2024,137,9.8,18.2,3.0,5.2,14.8,0.0,83.0,157
2024-12-03,C.A.U. Salamanca,Salamanca,MARTES,12,2024,157,6.1,10.0,0.0,8.3,24.1,0.25,97.0,140
2024-12-04,C.A.U. Salamanca,Salamanca,MIÉRCOLES,12,2024,140,8.4,13.0,4.0,11.1,20.6,0.0,81.0,153
2024-12-05,C.A.U. Salamanca,Salamanca,JUEVES,12,2024,153,8.1,15.3,1.0,8.0,18.3,0.0,85.0,128
2024-12-06,C.A.U. Salamanca,Salamanca,VIERNES,12,2024,128,9.7,11.5,6.9,9.4,18.3,0.0,96.0,139
2024-12-07,C.A.U. Salamanca,Salamanca,SÁBADO,12,2024,139,9.2,14.7,-0.4,14.3,25.9,0.0,77.0,139
2024-12-08,C.A.U. Salamanca,Salamanca,DOMINGO,12,2024,139,2.1,10.8,-3.9,8.9,27.8,0.0,78.0,119
2024-12-09,C.A.U. Salamanca,Salamanca,LUNES,12,2024,119,1.6,9.5,-4.1,9.6,24.1,0.0,80.0,146
2024-12-10,C.A.U. Salamanca,Salamanca,MARTES,12,2024,146,0.4,8.3,-5.6,6.1,14.8,0.0,84.0,130
2024-12-11,C.A.U. Salamanca,Salamanca,MIÉRCOLES,12,2024,130,1.4,6.3,-4.6,6.5,14.8,0.0,80.0,140
2024-12-12,C.A.U. Salamanca,Salamanca,JUEVES,12,2024,140,2.8,10.7,-4.0,5.4,14.8,0.0,74.0,123
2024-12-13,C.A.U. Salamanca,Salamanca,VIERNES,12,2024,123,3.6,9.2,-1.1,3.7,9.4,0.0,81.0,148
2024-12-14,C.A.U. Salamanca,Salamanca,SÁBADO,12,2024,148,1.4,11.0,-4.0,1.3,5.4,0.0,85.0,116
2024-12-15,C.A.U. Salamanca,Salamanca,DOMINGO,12,2024,116,0.2,10.0,-6.8,6.7,24.1,0.0,86.0,151
2024-12-16,C.A.U. Salamanca,Salamanca,LUNES,12,2024,151,-0.5,7.3,-5.0,2.8,11.1,0.0,95.0,170
2024-12-17,C.A.U. Salamanca,Salamanca,MARTES,12,2024,170,3.5,13.4,-4.5,4.3,16.5,0.0,76.0,125
2024-12-18,C.A.U. Salamanca,Salamanca,MIÉRCOLES,12,2024,125,6.6,15.3,-1.2,16.3,37.0,1.27,81.0,164
2024-12-19,C.A.U. Salamanca,Salamanca,JUEVES,12,2024,164,9.9,14.2,2.0,23.2,37.0,1.78,83.0,159
2024-12-20,C.A.U. Salamanca,Salamanca,VIERNES,12,2024,159,2.1,8.3,-4.0,7.2,18.3,1.78,0.0,138
2024-12-21,C.A.U. Salamanca,Salamanca,SÁBADO,12,2024,138,0.3,9.1,-6.0,2.8,11.1,0.0,87.0,137
2024-12-22,C.A.U. Salamanca,Salamanca,DOMINGO,12,2024,137,2.0,13.7,-4.7,5.2,18.3,0.0,88.0,133
2024-12-23,C.A.U. Salamanca,Salamanca,LUNES,12,2024,133,1.5,9.2,-4.6,7.8,25.9,0.0,85.0,142
2024-12-24,C.A.U. Salamanca,Salamanca,MARTES,12,2024,142,2.7,8.5,-2.6,11.7,24.1,0.0,92.0,120
2024-12-25,C.A.U. Salamanca,Salamanca,MIÉRCOLES,12,2024,120,4.6,6.5,0.0,7.4,13.0,0.0,97.0,134
2024-12-26,C.A.U. Salamanca,Salamanca,JUEVES,12,2024,134,3.3,14.7,-2.2,3.5,13.0,0.25,92.0,141
2024-12-27,C.A.U. Salamanca,Salamanca,VIERNES,12,2024,141,1.8,4.6,-0.1,4.3,9.4,0.0,99.0,164
2024-12-28,C.A.U. Salamanca,Salamanca,SÁBADO,12,2024,164,2.4,4.1,1.0,4.6,9.4,0.0,99.0,159
2024-12-29,C.A.U. Salamanca,Salamanca,DOMINGO,12,2024,159,-0.2,1.3,-1.0,6.7,11.1,0.0,100.0,141
2024-12-30,C.A.U. Salamanca,Salamanca,LUNES,12,2024,141,-0.7,1.6,-2.3,3.7,9.4,0.0,100.0,139
2024-12-31,C.A.U. Salamanca,Salamanca,MARTES,12,2024,139,-1.2,0.0,-2.2,7.2,9.4,0.0,100.0,124
2025-01-01,C.A.U. Salamanca,Salamanca,MIÉRCOLES,1,2025,124,-1.1,2.0,-3.0,4.4,9.4,0.0,100.0,137
2025-01-02,C.A.U. Salamanca,Salamanca,JUEVES,1,2025,137,1.7,11.0,-4.1,3.7,16.5,0.0,90.0,140
2025-01-03,C.A.U. Salamanca,Salamanca,VIERNES,1,2025,140,4.2,11.6,-1.0,7.6,24.1,0.0,89.0,142
2025-01-04,C.A.U. Salamanca,Salamanca,SÁBADO,1,2025,142,4.5,12.0,-2.0,10.2,25.9,0.0,87.0,178
2025-01-05,C.A.U. Salamanca,Salamanca,DOMINGO,1,2025,178,10.0,12.5,3.2,31.9,51.9,0.0,81.0,143
2025-01-06,C.A.U. Salamanca,Salamanca,LUNES,1,2025,143,6.1,9.7,0.9,18.9,31.7,2.79,86.0,131
2025-01-07,C.A.U. Salamanca,Salamanca,MARTES,1,2025,131,4.9,9.6,-1.0,20.6,37.0,0.0,87.0,141
2025-01-08,C.A.U. Salamanca,Salamanca,MIÉRCOLES,1,2025,141,8.8,12.0,7.1,34.8,53.5,0.0,84.0,145
2025-01-09,C.A.U. Salamanca,Salamanca,JUEVES,1,2025,145,10.3,13.2,7.6,24.6,37.0,1.78,82.0,144
2025-01-10,C.A.U. Salamanca,Salamanca,VIERNES,1,2025,144,10.8,15.0,8.0,13.3,22.2,0.0,85.0,138
2025-01-11,C.A.U. Salamanca,Salamanca,SÁBADO,1,2025,138,11.1,16.0,2.0,14.3,27.8,1.27,88.0,156
2025-01-12,C.A.U. Salamanca,Salamanca,DOMINGO,1,2025,156,4.4,11.2,-0.4,7.4,16.5,0.0,84.0,130
2025-01-13,C.A.U. Salamanca,Salamanca,LUNES,1,2025,130,0.1,9.1,-7.1,6.9,22.2,0.0,67.0,135
2025-01-14,C.A.U. Salamanca,Salamanca,MARTES,1,2025,135,-1.4,9.5,-9.6,5.7,16.5,0.0,61.0,143
2025-01-15,C.A.U. Salamanca,Salamanca,MIÉRCOLES,1,2025,143,-1.2,11.2,-9.7,3.3,18.3,0.0,61.0,152
2025-01-16,C.A.U. Salamanca,Salamanca,JUEVES,1,2025,152,1.3,11.5,-7.0,7.0,25.9,0.0,72.0,145
2025-01-17,C.A.U. Salamanca,Salamanca,VIERNES,1,2025,145,2.0,10.3,-4.0,13.1,24.1,0.0,71.0,117
2025-01-18,C.A.U. Salamanca,Salamanca,SÁBADO,1,2025,117,0.4,11.8,-7.0,2.6,7.6,0.0,72.0,133
2025-01-19,C.A.U. Salamanca,Salamanca,DOMINGO,1,2025,133,2.1,11.6,-6.4,12.6,27.8,0.0,73.0,126
2025-01-20,C.A.U. Salamanca,Salamanca,LUNES,1,2025,126,7.9,12.5,3.9,12.2,27.8,0.76,90.0,164
2025-01-21,C.A.U. Salamanca,Salamanca,MARTES,1,2025,164,9.7,12.4,7.0,15.0,35.2,6.6,91.0,118
2025-01-22,C.A.U. Salamanca,Salamanca,MIÉRCOLES,1,2025,118,10.1,15.0,7.0,18.0,40.7,1.78,85.0,157
2025-01-23,C.A.U. Salamanca,Salamanca,JUEVES,1,2025,157,9.7,14.0,5.7,5.2,13.0,0.0,93.0,139
2025-01-24,C.A.U. Salamanca,Salamanca,VIERNES,1,2025,139,9.7,13.8,5.2,17.8,44.6,12.19,86.0,134
2025-01-25,C.A.U. Salamanca,Salamanca,SÁBADO,1,2025,134,8.2,12.3,2.0,28.5,50.0,1.52,79.0,130
2025-01-26,C.A.U. Salamanca,Salamanca,DOMINGO,1,2025,130,9.2,13.4,0.7,37.8,59.4,0.76,80.0,124
2025-01-27,C.A.U. Salamanca,Salamanca,LUNES,1,2025,124,9.8,13.5,3.0,40.0,57.6,3.81,82.0,160
2025-01-28,C.A.U. Salamanca,Salamanca,MARTES,1,2025,160,4.6,8.6,1.9,29.6,48.2,8.64,85.0,132
2025-01-29,C.A.U. Salamanca,Salamanca,MIÉRCOLES,1,2025,132,5.3,8.1,1.0,28.0,59.4,0.0,84.0,129
2025-01-30,C.A.U. Salamanca,Salamanca,JUEVES,1,2025,129,4.3,9.4,0.5,15.7,33.5,3.56,76.0,144
2025-01-31,C.A.U. Salamanca,Salamanca,VIERNES,1,2025,144,2.4,9.0,-3.0,5.4,13.0,0.0,77.0,149
2025-02-01,C.A.U. Salamanca,Salamanca,SÁBADO,2,2025,149,3.9,13.2,-3.0,4.6,13.0,0.0,84.0,137
2025-02-02,C.A.U. Salamanca,Salamanca,DOMINGO,2,2025,137,3.6,8.6,-1.9,9.3,27.8,0.0,97.0,131
2025-02-03,C.A.U. Salamanca,Salamanca,LUNES,2,2025,131,1.6,6.2,-2.0,8.7,14.8,5.84,94.0,147
2025-02-04,C.A.U. Salamanca,Salamanca,MARTES,2,2025,147,2.0,12.6,-3.0,3.9,14.8,0.0,87.0,140
2025-02-05,C.A.U. Salamanca,Salamanca,MIÉRCOLES,2,2025,140,1.2,8.0,-2.0,6.9,18.3,0.0,93.0,127
2025-02-06,C.A.U. Salamanca,Salamanca,JUEVES,2,2025,127,0.6,10.1,-4.1,2.4,11.1,0.0,93.0,120
2025-02-07,C.A.U. Salamanca,Salamanca,VIERNES,2,2025,120,5.8,10.8,-0.4,16.3,35.2,0.51,88.0,145
2025-02-08,C.A.U. Salamanca,Salamanca,SÁBADO,2,2025,145,5.3,11.1,-2.0,6.3,14.8,8.89,76.0,137
2025-02-09,C.A.U. Salamanca,Salamanca,DOMINGO,2,2025,137,9.2,14.2,5.0,3.9,11.1,0.0,87.0,133
2025-02-10,C.A.U. Salamanca,Salamanca,LUNES,2,2025,133,9.1,15.0,4.0,5.7,20.6,3.3,86.0,164
2025-02-11,C.A.U. Salamanca,Salamanca,MARTES,2,2025,164,5.4,13.0,-1.0,5.0,11.1,2.03,82.0,155
2025-02-12,C.A.U. Salamanca,Salamanca,MIÉRCOLES,2,2025,155,0.0,0.0,0.0,0.0,0.0,0.0,0.0,152
2025-02-13,C.A.U. Salamanca,Salamanca,JUEVES,2,2025,152,10.4,13.6,6.0,1.9,14.8,0.0,78.0,139
2025-02-14,C.A.U. Salamanca,Salamanca,VIERNES,2,2025,139,7.7,16.9,0.0,3.3,9.4,0.0,80.0,149
2025-02-15,C.A.U. Salamanca,Salamanca,SÁBADO,2,2025,149,6.7,15.4,0.9,4.8,16.5,0.0,75.0,138
2025-02-16,C.A.U. Salamanca,Salamanca,DOMINGO,2,2025,138,8.4,17.0,0.4,9.6,31.7,0.0,74.0,126
2025-02-17,C.A.U. Salamanca,Salamanca,LUNES,2,2025,126,8.8,14.8,3.4,3.9,13.0,0.0,84.0,170
2025-02-18,C.A.U. Salamanca,Salamanca,MARTES,2,2025,170,7.4,13.5,2.0,3.1,9.4,0.0,84.0,156
2025-02-19,C.A.U. Salamanca,Salamanca,MIÉRCOLES,2,2025,156,8.4,14.5,3.4,4.6,14.8,0.0,88.0,136
2025-02-20,C.A.U. Salamanca,Salamanca,JUEVES,2,2025,136,8.2,17.1,1.0,6.5,18.3,0.25,84.0,153
2025-02-21,C.A.U. Salamanca,Salamanca,VIERNES,2,2025,153,8.7,14.6,3.8,15.6,37.0,0.0,84.0,122
2025-02-22,C.A.U. Salamanca,Salamanca,SÁBADO,2,2025,122,6.8,11.3,1.7,8.3,18.3,8.38,85.0,125
2025-02-23,C.A.U. Salamanca,Salamanca,DOMINGO,2,2025,125,5.7,15.0,-2.4,3.1,11.1,0.51,78.0,146
2025-02-24,C.A.U. Salamanca,Salamanca,LUNES,2,2025,146,8.2,16.5,1.6,11.5,25.9,0.0,74.0,156
2025-02-25,C.A.U. Salamanca,Salamanca,MARTES,2,2025,156,8.6,12.2,1.9,13.3,27.8,0.0,76.0,157
2025-02-26,C.A.U. Salamanca,Salamanca,MIÉRCOLES,2,2025,157,5.1,14.0,-2.4,4.1,13.0,0.0,71.0,154
2025-02-27,C.A.U. Salamanca,Salamanca,JUEVES,2,2025,154,7.7,12.3,3.3,5.7,13.0,0.0,74.0,149
2025-02-28,C.A.U. Salamanca,Salamanca,VIERNES,2,2025,149,7.3,11.1,5.0,16.5,29.4,0.25,78.0,136
2025-03-01,C.A.U. Salamanca,Salamanca,SÁBADO,3,2025,136,5.1,7.0,2.0,22.6,37.0,1.52,85.0,134
2025-03-02,C.A.U. Salamanca,Salamanca,DOMINGO,3,2025,134,3.7,6.6,1.8,28.0,38.9,2.79,81.0,137
2025-03-03,C.A.U. Salamanca,Salamanca,LUNES,3,2025,137,7.2,11.0,4.0,23.2,29.4,3.56,87.0,139
2025-03-04,C.A.U. Salamanca,Salamanca,MARTES,3,2025,139,9.6,15.4,5.9,18.7,25.9,0.76,81.0,140
2025-03-05,C.A.U. Salamanca,Salamanca,MIÉRCOLES,3,2025,140,10.3,15.0,7.0,19.8,33.5,0.0,78.0,127
2025-03-06,C.A.U. Salamanca,Salamanca,JUEVES,3,2025,127,10.3,15.0,5.0,15.7,33.5,0.25,78.0,153
2025-03-07,C.A.U. Salamanca,Salamanca,VIERNES,3,2025,153,7.9,13.3,2.0,13.5,44.6,0.0,80.0,143
2025-03-08,C.A.U. Salamanca,Salamanca,SÁBADO,3,2025,143,6.9,12.0,3.0,21.9,53.5,1.02,82.0,127
2025-03-09,C.A.U. Salamanca,Salamanca,DOMINGO,3,2025,127,5.9,12.2,1.0,13.5,29.4,8.64,79.0,128
2025-03-10,C.A.U. Salamanca,Salamanca,LUNES,3,2025,128,5.3,11.0,0.5,7.8,35.2,0.0,86.0,140
2025-03-11,C.A.U. Salamanca,Salamanca,MARTES,3,2025,140,7.2,10.0,4.0,8.0,18.3,6.6,90.0,161
2025-03-12,C.A.U. Salamanca,Salamanca,MIÉRCOLES,3,2025,161,6.4,12.9,0.5,13.0,29.4,3.56,83.0,155
2025-03-13,C.A.U. Salamanca,Salamanca,JUEVES,3,2025,155,5.8,10.0,1.9,11.1,29.4,0.0,86.0,142
2025-03-14,C.A.U. Salamanca,Salamanca,VIERNES,3,2025,142,2.7,9.0,-2.3,14.1,29.4,0.0,70.0,120
2025-03-15,C.A.U. Salamanca,Salamanca,SÁBADO,3,2025,120,4.1,9.6,-0.6,8.9,16.5,0.0,73.0,141
2025-03-16,C.A.U. Salamanca,Salamanca,DOMINGO,3,2025,141,3.9,8.2,1.0,5.6,16.5,5.84,82.0,123
2025-03-17,C.A.U. Salamanca,Salamanca,LUNES,3,2025,123,7.2,14.0,1.4,7.6,22.2,1.02,78.0,137
2025-03-18,C.A.U. Salamanca,Salamanca,MARTES,3,2025,137,8.8,13.0,5.0,10.7,27.8,4.32,84.0,147
2025-03-19,C.A.U. Salamanca,Salamanca,MIÉRCOLES,3,2025,147,10.3,15.4,5.0,17.8,44.6,3.3,71.0,146
2025-03-20,C.A.U. Salamanca,Salamanca,JUEVES,3,2025,146,11.3,15.2,7.0,30.6,48.2,0.51,66.0,151
2025-03-21,C.A.U. Salamanca,Salamanca,VIERNES,3,2025,151,8.2,13.0,4.0,30.7,53.5,7.11,85.0,151
2025-03-22,C.A.U. Salamanca,Salamanca,SÁBADO,3,2025,151,5.1,8.2,2.0,28.7,40.7,3.3,88.0,138
2025-03-23,C.A.U. Salamanca,Salamanca,DOMINGO,3,2025,138,4.9,11.0,0.6,11.5,18.3,11.18,78.0,143
2025-03-24,C.A.U. Salamanca,Salamanca,LUNES,3,2025,143,6.4,13.3,1.4,10.9,24.1,0.51,88.0,143
2025-03-25,C.A.U. Salamanca,Salamanca,MARTES,3,2025,143,8.0,13.0,3.0,8.1,24.1,15.49,78.0,128
2025-03-26,C.A.U. Salamanca,Salamanca,MIÉRCOLES,3,2025,128,7.8,14.9,1.4,5.7,13.0,0.0,76.0,144
2025-03-27,C.A.U. Salamanca,Salamanca,JUEVES,3,2025,144,7.4,12.0,2.0,10.2,16.5,0.0,74.0,140
2025-03-28,C.A.U. Salamanca,Salamanca,VIERNES,3,2025,140,8.9,15.7,0.5,5.4,13.0,0.0,69.0,141
2025-03-29,C.A.U. Salamanca,Salamanca,SÁBADO,3,2025,141,8.1,14.5,0.9,11.1,24.1,0.0,70.0,130
2025-03-30,C.A.U. Salamanca,Salamanca,DOMINGO,3,2025,130,8.7,17.5,0.0,16.1,24.1,0.0,57.0,119
2025-03-31,C.A.U. Salamanca,Salamanca,LUNES,3,2025,119,12.0,22.7,1.2,6.1,22.2,0.0,60.0,143
2025-04-01,C.A.U. Salamanca,Salamanca,MARTES,4,2025,143,12.3,21.6,3.2,5.9,14.8,0.0,64.0,171
2025-04-02,C.A.U. Salamanca,Salamanca,MIÉRCOLES,4,2025,171,10.5,17.2,3.9,13.1,33.5,0.0,75.0,140
2025-04-03,C.A.U. Salamanca,Salamanca,JUEVES,4,2025,140,10.5,16.1,4.9,13.3,29.4,0.76,73.0,128
2025-04-04,C.A.U. Salamanca,Salamanca,VIERNES,4,2025,128,10.7,17.0,7.0,20.7,38.9,0.25,79.0,128
2025-04-05,C.A.U. Salamanca,Salamanca,SÁBADO,4,2025,128,10.9,16.1,6.0,17.4,29.4,6.86,74.0,125
2025-04-06,C.A.U. Salamanca,Salamanca,DOMINGO,4,2025,125,10.7,18.4,4.0,4.8,14.8,0.0,72.0,117
2025-04-07,C.A.U. Salamanca,Salamanca,LUNES,4,2025,117,12.3,21.0,2.8,5.2,13.0,0.0,68.0,163
2025-04-08,C.A.U. Salamanca,Salamanca,MARTES,4,2025,163,13.9,23.4,4.3,7.2,20.6,0.0,61.0,153
2025-04-09,C.A.U. Salamanca,Salamanca,MIÉRCOLES,4,2025,153,14.9,24.2,4.4,4.1,11.1,0.0,56.0,133
2025-04-10,C.A.U. Salamanca,Salamanca,JUEVES,4,2025,133,15.6,25.2,4.7,10.0,27.8,0.0,54.0,137
2025-04-11,C.A.U. Salamanca,Salamanca,VIERNES,4,2025,137,12.7,17.1,9.0,6.5,16.5,0.0,78.0,158
2025-04-12,C.A.U. Salamanca,Salamanca,SÁBADO,4,2025,158,11.7,17.8,7.0,7.4,25.9,11.43,88.0,124
2025-04-13,C.A.U. Salamanca,Salamanca,DOMINGO,4,2025,124,12.8,18.0,8.8,10.0,22.2,14.22,81.0,125
2025-04-14,C.A.U. Salamanca,Salamanca,LUNES,4,2025,125,9.7,14.6,7.0,19.3,40.7,0.0,82.0,159
2025-04-15,C.A.U. Salamanca,Salamanca,MARTES,4,2025,159,6.3,10.1,3.0,22.0,38.9,2.29,80.0,131
2025-04-16,C.A.U. Salamanca,Salamanca,MIÉRCOLES,4,2025,131,5.4,11.0,0.7,19.4,37.0,1.02,88.0,119
2025-04-17,C.A.U. Salamanca,Salamanca,JUEVES,4,2025,119,9.3,16.0,2.0,14.1,27.8,3.81,80.0,138
2025-04-18,C.A.U. Salamanca,Salamanca,VIERNES,4,2025,138,11.3,16.4,8.0,23.5,50.0,0.0,84.0,133
2025-04-19,C.A.U. Salamanca,Salamanca,SÁBADO,4,2025,133,6.6,10.8,3.0,31.5,48.2,6.35,80.0,120
2025-04-20,C.A.U. Salamanca,Salamanca,DOMINGO,4,2025,120,8.9,15.3,4.0,19.6,33.5,2.03,79.0,141
2025-04-21,C.A.U. Salamanca,Salamanca,LUNES,4,2025,141,9.1,14.7,3.0,10.2,25.9,0.0,85.0,147
2025-04-22,C.A.U. Salamanca,Salamanca,MARTES,4,2025,147,10.6,16.1,5.8,7.0,14.8,0.51,79.0,134
2025-04-23,C.A.U. Salamanca,Salamanca,MIÉRCOLES,4,2025,134,12.2,21.0,2.7,3.0,9.4,0.0,68.0,132
2025-04-24,C.A.U. Salamanca,Salamanca,JUEVES,4,2025,132,15.4,24.0,4.7,4.6,11.1,0.0,63.0,144
2025-04-25,C.A.U. Salamanca,Salamanca,VIERNES,4,2025,144,15.2,23.2,6.9,13.7,33.5,0.0,70.0,162
2025-04-26,C.A.U. Salamanca,Salamanca,SÁBADO,4,2025,162,11.8,18.2,4.9,11.3,25.9,0.0,62.0,132
2025-04-27,C.A.U. Salamanca,Salamanca,DOMINGO,4,2025,132,11.8,19.0,4.0,14.8,27.8,0.0,63.0,127
2025-04-28,C.A.U. Salamanca,Salamanca,LUNES,4,2025,127,14.6,24.0,4.6,8.0,24.1,0.0,56.0,142
2025-04-29,C.A.U. Salamanca,Salamanca,MARTES,4,2025,142,16.3,25.5,8.5,13.5,24.1,0.0,54.0,167
2025-04-30,C.A.U. Salamanca,Salamanca,MIÉRCOLES,4,2025,167,13.4,20.0,7.0,17.4,44.6,0.0,71.0,154
2025-05-01,C.A.U. Salamanca,Salamanca,JUEVES,5,2025,154,12.1,20.0,4.0,7.8,22.2,11.68,70.0,128
2025-05-02,C.A.U. Salamanca,Salamanca,VIERNES,5,2025,128,12.9,16.1,10.0,16.5,53.5,2.29,79.0,129
2025-05-03,C.A.U. Salamanca,Salamanca,SÁBADO,5,2025,129,12.7,18.0,9.8,12.0,29.4,4.83,80.0,127
2025-05-04,C.A.U. Salamanca,Salamanca,DOMINGO,5,2025,127,11.8,16.0,9.0,12.8,27.8,0.0,84.0,119
2025-05-05,C.A.U. Salamanca,Salamanca,LUNES,5,2025,119,11.9,17.0,8.0,11.7,31.7,6.86,86.0,118
2025-05-06,C.A.U. Salamanca,Salamanca,MARTES,5,2025,118,9.7,14.0,4.9,16.5,24.1,15.75,67.0,144
2025-05-07,C.A.U. Salamanca,Salamanca,MIÉRCOLES,5,2025,144,10.9,18.8,3.6,10.4,18.3,0.0,66.0,140
2025-05-08,C.A.U. Salamanca,Salamanca,JUEVES,5,2025,140,11.9,18.7,4.9,8.7,27.8,0.0,72.0,141
2025-05-09,C.A.U. Salamanca,Salamanca,VIERNES,5,2025,141,12.1,17.0,8.0,14.1,29.4,1.27,73.0,131
2025-05-10,C.A.U. Salamanca,Salamanca,SÁBADO,5,2025,131,10.4,14.0,7.0,13.1,37.0,2.79,83.0,131
2025-05-11,C.A.U. Salamanca,Salamanca,DOMINGO,5,2025,131,9.2,13.9,4.9,14.1,22.2,8.89,78.0,135
2025-05-12,C.A.U. Salamanca,Salamanca,LUNES,5,2025,135,10.3,17.4,3.6,13.7,29.4,0.0,76.0,149
2025-05-13,C.A.U. Salamanca,Salamanca,MARTES,5,2025,149,12.2,18.5,8.0,7.6,33.5,0.0,76.0,155
2025-05-14,C.A.U. Salamanca,Salamanca,MIÉRCOLES,5,2025,155,12.5,18.6,6.6,8.5,22.2,2.79,76.0,140
2025-05-15,C.A.U. Salamanca,Salamanca,JUEVES,5,2025,140,11.7,16.5,8.6,8.9,22.2,0.0,85.0,132
2025-05-16,C.A.U. Salamanca,Salamanca,VIERNES,5,2025,132,13.7,20.7,5.9,9.6,20.6,6.6,68.0,137
2025-05-17,C.A.U. Salamanca,Salamanca,SÁBADO,5,2025,137,15.5,24.4,5.4,5.4,18.3,0.0,60.0,127
2025-05-18,C.A.U. Salamanca,Salamanca,DOMINGO,5,2025,127,17.0,25.0,8.7,13.7,29.4,0.0,58.0,142
2025-05-19,C.A.U. Salamanca,Salamanca,LUNES,5,2025,142,12.7,18.5,7.6,15.6,29.4,0.0,69.0,114
2025-05-20,C.A.U. Salamanca,Salamanca,MARTES,5,2025,114,14.9,22.0,6.6,5.9,13.0,0.51,64.0,151
2025-05-21,C.A.U. Salamanca,Salamanca,MIÉRCOLES,5,2025,151,16.7,24.3,7.6,9.1,22.2,0.0,63.0,150
2025-05-22,C.A.U. Salamanca,Salamanca,JUEVES,5,2025,150,14.4,20.0,8.6,16.9,29.4,0.0,60.0,139
2025-05-23,C.A.U. Salamanca,Salamanca,VIERNES,5,2025,139,13.9,22.3,5.0,13.5,18.3,0.0,53.0,122
2025-05-24,C.A.U. Salamanca,Salamanca,SÁBADO,5,2025,122,16.2,25.0,5.7,6.1,13.0,0.0,50.0,154
2025-05-25,C.A.U. Salamanca,Salamanca,DOMINGO,5,2025,154,10.4,12.0,8.8,3.3,5.4,0.0,83.0,152
2025-05-26,C.A.U. Salamanca,Salamanca,LUNES,5,2025,152,18.3,26.0,9.6,5.6,14.8,0.0,59.0,167
2025-05-27,C.A.U. Salamanca,Salamanca,MARTES,5,2025,167,19.6,29.0,8.1,6.3,14.8,0.0,52.0,143
2025-05-28,C.A.U. Salamanca,Salamanca,MIÉRCOLES,5,2025,143,21.7,31.0,10.7,6.1,14.8,0.0,45.0,157
2025-05-29,C.A.U. Salamanca,Salamanca,JUEVES,5,2025,157,23.4,33.0,11.2,7.4,18.3,0.0,43.0,148
2025-05-30,C.A.U. Salamanca,Salamanca,VIERNES,5,2025,148,24.2,32.5,16.0,11.3,27.8,0.0,46.0,171
2025-05-31,C.A.U. Salamanca,Salamanca,SÁBADO,5,2025,171,24.0,33.0,13.0,10.6,29.4,0.0,47.0,156
2025-06-01,C.A.U. Salamanca,Salamanca,DOMINGO,6,2025,156,23.4,30.8,16.0,13.0,31.7,0.0,50.0,159
2025-06-02,C.A.U. Salamanca,Salamanca,LUNES,6,2025,159,20.1,28.2,13.0,11.7,24.1,0.0,62.0,176
2025-06-03,C.A.U. Salamanca,Salamanca,MARTES,6,2025,176,16.4,20.2,12.0,13.7,27.8,0.0,82.0,172
2025-06-04,C.A.U. Salamanca,Salamanca,MIÉRCOLES,6,2025,172,15.8,22.7,8.0,14.8,27.8,0.51,65.0,147
2025-06-05,C.A.U. Salamanca,Salamanca,JUEVES,6,2025,147,17.4,26.0,8.6,11.5,20.6,0.0,61.0,142
2025-06-06,C.A.U. Salamanca,Salamanca,VIERNES,6,2025,142,18.3,27.0,9.8,9.4,22.2,0.0,59.0,155
2025-06-07,C.A.U. Salamanca,Salamanca,SÁBADO,6,2025,155,19.5,28.0,10.2,9.8,20.6,0.0,52.0,126
2025-06-08,C.A.U. Salamanca,Salamanca,DOMINGO,6,2025,126,19.6,30.2,10.3,4.3,11.1,0.0,56.0,161
2025-06-09,C.A.U. Salamanca,Salamanca,LUNES,6,2025,161,23.9,36.0,12.0,6.7,20.6,0.0,46.0,148
2025-06-10,C.A.U. Salamanca,Salamanca,MARTES,6,2025,148,24.8,32.0,14.0,8.7,27.8,0.0,46.0,150
2025-06-11,C.A.U. Salamanca,Salamanca,MIÉRCOLES,6,2025,150,23.8,28.5,17.0,19.8,48.2,0.0,46.0,157
2025-06-12,C.A.U. Salamanca,Salamanca,JUEVES,6,2025,157,18.5,27.3,9.7,7.8,24.1,0.0,58.0,160
2025-06-13,C.A.U. Salamanca,Salamanca,VIERNES,6,2025,160,20.5,29.7,9.7,8.7,18.3,0.0,53.0,144
2025-06-14,C.A.U. Salamanca,Salamanca,SÁBADO,6,2025,144,19.7,29.0,11.6,8.9,22.2,0.0,62.0,133
2025-06-15,C.A.U. Salamanca,Salamanca,DOMINGO,6,2025,133,20.1,31.7,9.0,10.4,22.2,0.0,56.0,132
2025-06-16,C.A.U. Salamanca,Salamanca,LUNES,6,2025,132,22.7,34.0,11.3,8.0,13.0,0.0,52.0,143
2025-06-17,C.A.U. Salamanca,Salamanca,MARTES,6,2025,143,25.3,35.6,14.2,7.0,20.6,0.0,50.0,155
2025-06-18,C.A.U. Salamanca,Salamanca,MIÉRCOLES,6,2025,155,26.6,35.4,16.3,10.7,25.9,1.27,43.0,140
2025-06-19,C.A.U. Salamanca,Salamanca,JUEVES,6,2025,140,24.7,33.0,17.0,9.1,22.2,0.0,46.0,126
2025-06-20,C.A.U. Salamanca,Salamanca,VIERNES,6,2025,126,26.1,34.9,16.1,9.6,25.9,0.0,43.0,150
2025-06-21,C.A.U. Salamanca,Salamanca,SÁBADO,6,2025,150,25.4,34.9,15.1,11.3,31.3,0.0,50.0,160
2025-06-22,C.A.U. Salamanca,Salamanca,DOMINGO,6,2025,160,24.8,34.7,15.3,10.2,31.7,0.0,48.0,151
2025-06-23,C.A.U. Salamanca,Salamanca,LUNES,6,2025,151,23.5,32.2,14.6,9.8,51.9,0.0,53.0,152
2025-06-24,C.A.U. Salamanca,Salamanca,MARTES,6,2025,152,19.6,25.0,16.0,17.4,38.9,4.06,69.0,160
2025-06-25,C.A.U. Salamanca,Salamanca,MIÉRCOLES,6,2025,160,18.5,24.8,11.4,12.4,27.8,8.89,69.0,158
2025-06-26,C.A.U. Salamanca,Salamanca,JUEVES,6,2025,158,20.6,31.0,11.3,5.7,11.1,0.0,62.0,144
2025-06-27,C.A.U. Salamanca,Salamanca,VIERNES,6,2025,144,23.8,34.0,12.5,4.6,13.0,0.0,51.0,108
2025-06-28,C.A.U. Salamanca,Salamanca,SÁBADO,6,2025,108,25.6,37.2,13.6,4.8,13.0,0.0,45.0,142
2025-06-29,C.A.U. Salamanca,Salamanca,DOMINGO,6,2025,142,26.6,38.1,15.9,8.5,33.5,0.0,38.0,135
2025-06-30,C.A.U. Salamanca,Salamanca,LUNES,6,2025,135,26.4,37.8,16.7,8.3,29.4,0.0,41.0,143
2025-07-01,C.A.U. Salamanca,Salamanca,MARTES,7,2025,143,25.8,35.0,14.7,6.1,24.1,0.0,46.0,146
2025-07-02,C.A.U. Salamanca,Salamanca,MIÉRCOLES,7,2025,146,25.0,34.0,14.6,8.5,35.2,0.0,52.0,132
2025-07-03,C.A.U. Salamanca,Salamanca,JUEVES,7,2025,132,24.0,34.0,15.8,13.0,29.4,2.03,58.0,141
2025-07-04,C.A.U. Salamanca,Salamanca,VIERNES,7,2025,141,26.1,34.4,17.8,11.7,25.9,0.76,50.0,151
2025-07-05,C.A.U. Salamanca,Salamanca,SÁBADO,7,2025,151,23.1,33.2,16.0,9.4,38.9,0.0,62.0,133
2025-07-06,C.A.U. Salamanca,Salamanca,DOMINGO,7,2025,133,22.9,32.2,13.0,7.0,18.3,1.52,58.0,131
2025-07-07,C.A.U. Salamanca,Salamanca,LUNES,7,2025,131,23.3,31.7,14.4,12.8,24.1,0.51,50.0,170
2025-07-08,C.A.U. Salamanca,Salamanca,MARTES,7,2025,170,21.4,32.0,12.0,14.6,24.1,0.0,45.0,137
2025-07-09,C.A.U. Salamanca,Salamanca,MIÉRCOLES,7,2025,137,23.7,34.3,13.2,7.6,20.6,0.0,44.0,129
2025-07-10,C.A.U. Salamanca,Salamanca,JUEVES,7,2025,129,24.4,34.0,14.0,9.4,20.6,0.0,42.0,143
2025-07-11,C.A.U. Salamanca,Salamanca,VIERNES,7,2025,143,20.4,29.8,12.8,10.9,22.2,0.0,59.0,145
2025-07-12,C.A.U. Salamanca,Salamanca,SÁBADO,7,2025,145,20.2,28.5,11.3,8.9,20.6,0.0,65.0,111
2025-07-13,C.A.U. Salamanca,Salamanca,DOMINGO,7,2025,111,21.3,29.4,13.3,7.8,16.5,0.0,60.0,121
2025-07-14,C.A.U. Salamanca,Salamanca,LUNES,7,2025,121,22.7,31.6,13.2,7.0,16.5,0.0,55.0,116
2025-07-15,C.A.U. Salamanca,Salamanca,MARTES,7,2025,116,22.7,33.3,12.1,5.6,11.1,0.0,54.0,152
2025-07-16,C.A.U. Salamanca,Salamanca,MIÉRCOLES,7,2025,152,25.4,37.7,12.5,7.6,20.6,0.0,38.0,133
2025-07-17,C.A.U. Salamanca,Salamanca,JUEVES,7,2025,133,23.9,33.2,13.1,9.1,16.5,0.0,49.0,144
2025-07-18,C.A.U. Salamanca,Salamanca,VIERNES,7,2025,144,20.0,28.2,11.2,12.4,24.1,0.0,55.0,135
2025-07-19,C.A.U. Salamanca,Salamanca,SÁBADO,7,2025,135,19.1,26.7,12.0,13.5,22.2,0.0,61.0,99
2025-07-20,C.A.U. Salamanca,Salamanca,DOMINGO,7,2025,99,18.4,25.2,11.9,17.0,29.4,0.0,62.0,123
2025-07-21,C.A.U. Salamanca,Salamanca,LUNES,7,2025,123,17.5,28.0,7.2,5.4,11.1,0.0,51.0,146
2025-07-22,C.A.U. Salamanca,Salamanca,MARTES,7,2025,146,20.3,30.4,8.7,7.2,16.5,0.0,53.0,141
2025-07-23,C.A.U. Salamanca,Salamanca,MIÉRCOLES,7,2025,141,21.1,29.1,14.1,8.9,20.6,0.0,55.0,121
2025-07-24,C.A.U. Salamanca,Salamanca,JUEVES,7,2025,121,18.8,26.2,11.4,19.3,27.8,0.0,50.0,106
2025-07-25,C.A.U. Salamanca,Salamanca,VIERNES,7,2025,106,18.7,28.3,9.7,12.6,18.3,0.0,49.0,121
2025-07-26,C.A.U. Salamanca,Salamanca,SÁBADO,7,2025,121,20.2,30.6,10.3,5.9,11.1,0.0,50.0,119
2025-07-27,C.A.U. Salamanca,Salamanca,DOMINGO,7,2025,119,22.2,32.6,10.1,5.6,14.8,0.0,48.0,120
2025-07-28,C.A.U. Salamanca,Salamanca,LUNES,7,2025,120,21.1,28.6,13.5,18.1,27.8,0.0,50.0,146
2025-07-29,C.A.U. Salamanca,Salamanca,MARTES,7,2025,146,20.5,29.2,10.0,16.3,24.1,0.0,47.0,158
2025-07-30,C.A.U. Salamanca,Salamanca,MIÉRCOLES,7,2025,158,20.6,31.0,11.3,10.4,18.3,0.0,49.0,132
2025-07-31,C.A.U. Salamanca,Salamanca,JUEVES,7,2025,132,22.2,32.0,12.0,7.8,16.5,0.0,50.0,125
2025-08-01,C.A.U. Salamanca,Salamanca,VIERNES,8,2025,125,23.1,33.7,12.5,8.7,16.5,0.0,46.0,107
2025-08-02,C.A.U. Salamanca,Salamanca,SÁBADO,8,2025,107,23.8,33.5,14.0,7.6,22.2,0.0,49.0,128
2025-08-03,C.A.U. Salamanca,Salamanca,DOMINGO,8,2025,128,24.7,35.0,13.3,9.8,18.3,0.25,41.0,119
2025-08-04,C.A.U. Salamanca,Salamanca,LUNES,8,2025,119,25.2,37.0,12.5,5.2,9.4,0.0,43.0,162
2025-08-05,C.A.U. Salamanca,Salamanca,MARTES,8,2025,162,25.4,37.7,13.4,6.3,18.3,0.25,46.0,135
2025-08-06,C.A.U. Salamanca,Salamanca,MIÉRCOLES,8,2025,135,24.4,36.0,13.8,6.1,16.5,0.0,49.0,138
2025-08-07,C.A.U. Salamanca,Salamanca,JUEVES,8,2025,138,25.2,38.0,12.5,5.6,16.5,0.0,41.0,114
2025-08-08,C.A.U. Salamanca,Salamanca,VIERNES,8,2025,114,25.9,37.0,14.0,7.2,35.2,0.0,44.0,119
2025-08-09,C.A.U. Salamanca,Salamanca,SÁBADO,8,2025,119,26.4,38.0,15.5,5.6,13.0,0.0,47.0,116
2025-08-10,C.A.U. Salamanca,Salamanca,DOMINGO,8,2025,116,27.1,39.0,15.3,6.3,16.5,0.0,41.0,131
2025-08-11,C.A.U. Salamanca,Salamanca,LUNES,8,2025,131,26.3,38.5,15.0,5.7,18.3,0.0,42.0,142
2025-08-12,C.A.U. Salamanca,Salamanca,MARTES,8,2025,142,23.3,37.4,15.4,9.3,40.7,0.0,56.0,127
2025-08-13,C.A.U. Salamanca,Salamanca,MIÉRCOLES,8,2025,127,23.6,31.0,17.0,10.4,42.4,32.77,56.0,140
2025-08-14,C.A.U. Salamanca,Salamanca,JUEVES,8,2025,140,25.8,37.4,14.7,8.3,24.1,0.0,48.0,136
2025-08-15,C.A.U. Salamanca,Salamanca,VIERNES,8,2025,136,26.4,38.6,15.6,9.3,24.1,0.0,42.0,135
2025-08-16,C.A.U. Salamanca,Salamanca,SÁBADO,8,2025,135,25.8,38.0,14.0,5.7,18.3,0.0,43.0,138
2025-08-17,C.A.U. Salamanca,Salamanca,DOMINGO,8,2025,138,26.3,38.7,17.3,8.5,29.4,0.0,46.0,125
2025-08-18,C.A.U. Salamanca,Salamanca,LUNES,8,2025,125,21.6,29.0,15.1,6.7,14.8,0.0,52.0,145
2025-08-19,C.A.U. Salamanca,Salamanca,MARTES,8,2025,145,19.2,27.8,11.6,6.9,14.8,0.0,61.0,149
2025-08-20,C.A.U. Salamanca,Salamanca,MIÉRCOLES,8,2025,149,17.9,25.3,10.5,5.4,14.8,0.25,61.0,121
2025-08-21,C.A.U. Salamanca,Salamanca,JUEVES,8,2025,121,18.4,26.4,10.2,8.0,18.3,0.0,58.0,134
2025-08-22,C.A.U. Salamanca,Salamanca,VIERNES,8,2025,134,19.4,28.4,11.2,8.5,16.5,0.51,54.0,158
2025-08-23,C.A.U. Salamanca,Salamanca,SÁBADO,8,2025,158,20.6,31.5,11.0,7.0,14.8,0.0,51.0,125
2025-08-24,C.A.U. Salamanca,Salamanca,DOMINGO,8,2025,125,21.7,32.5,11.7,4.3,16.5,0.0,53.0,126
2025-08-25,C.A.U. Salamanca,Salamanca,LUNES,8,2025,126,0.0,0.0,0.0,0.0,0.0,0.0,0.0,157
2025-08-26,C.A.U. Salamanca,Salamanca,MARTES,8,2025,157,0.0,0.0,0.0,0.0,0.0,0.0,0.0,140
2025-08-27,C.A.U. Salamanca,Salamanca,MIÉRCOLES,8,2025,140,0.0,0.0,0.0,0.0,0.0,0.0,0.0,137
2025-08-28,C.A.U. Salamanca,Salamanca,JUEVES,8,2025,137,0.0,0.0,0.0,0.0,0.0,0.0,0.0,137
2025-08-29,C.A.U. Salamanca,Salamanca,VIERNES,8,2025,137,0.0,0.0,0.0,0.0,0.0,0.0,0.0,128
2025-08-30,C.A.U. Salamanca,Salamanca,SÁBADO,8,2025,128,0.0,0.0,0.0,0.0,0.0,0.0,0.0,121
2025-08-31,C.A.U. Salamanca,Salamanca,DOMINGO,8,2025,121,0.0,0.0,0.0,0.0,0.0,0.0,0.0,93
2024-01-01,C.A. Segovia,Segovia,LUNES,1,2024,41,4.6,8.9,1.8,7.0,18.0,0.0,68.0,41
2024-01-02,C.A. Segovia,Segovia,MARTES,1,2024,41,8.5,12.4,2.8,10.8,37.8,0.0,58.0,62
2024-01-03,C.A. Segovia,Segovia,MIÉRCOLES,1,2024,62,9.9,12.0,6.9,11.9,31.0,4.6,86.0,73
2024-01-04,C.A. Segovia,Segovia,JUEVES,1,2024,73,7.6,10.5,6.1,8.5,22.0,5.4,87.0,51
2024-01-05,C.A. Segovia,Segovia,VIERNES,1,2024,51,2.8,4.6,1.5,15.4,44.6,16.0,93.0,37
2024-01-06,C.A. Segovia,Segovia,SÁBADO,1,2024,37,1.5,4.1,0.0,8.9,29.2,0.0,91.0,30
2024-01-07,C.A. Segovia,Segovia,DOMINGO,1,2024,30,1.0,4.9,-2.3,4.4,14.8,0.0,84.0,41
2024-01-08,C.A. Segovia,Segovia,LUNES,1,2024,41,0.9,5.5,-3.3,4.6,14.0,0.0,80.0,58
2024-01-09,C.A. Segovia,Segovia,MARTES,1,2024,58,3.0,4.6,1.2,4.9,16.2,0.0,92.0,48
2024-01-10,C.A. Segovia,Segovia,MIÉRCOLES,1,2024,48,4.1,5.7,3.0,11.8,41.8,10.6,98.0,42
2024-01-11,C.A. Segovia,Segovia,JUEVES,1,2024,42,1.1,3.6,-1.6,7.5,25.9,0.4,87.0,43
2024-01-12,C.A. Segovia,Segovia,VIERNES,1,2024,43,1.1,6.6,-2.7,5.7,15.8,0.0,77.0,42
2024-01-13,C.A. Segovia,Segovia,SÁBADO,1,2024,42,9.1,13.8,1.5,10.4,37.8,0.0,56.0,36
2024-01-14,C.A. Segovia,Segovia,DOMINGO,1,2024,36,9.5,10.8,7.0,9.4,42.5,3.6,78.0,38
2024-01-15,C.A. Segovia,Segovia,LUNES,1,2024,38,10.6,11.6,9.5,14.4,37.1,18.4,96.0,53
2024-01-16,C.A. Segovia,Segovia,MARTES,1,2024,53,12.0,15.6,10.1,15.0,65.5,2.6,79.0,42
2024-01-17,C.A. Segovia,Segovia,MIÉRCOLES,1,2024,42,9.6,11.7,6.3,23.1,73.1,13.4,78.0,45
2024-01-18,C.A. Segovia,Segovia,JUEVES,1,2024,45,9.1,12.0,7.5,14.9,45.0,0.0,76.0,43
2024-01-19,C.A. Segovia,Segovia,VIERNES,1,2024,43,3.5,7.2,-1.7,10.6,34.9,21.0,94.0,48
2024-01-20,C.A. Segovia,Segovia,SÁBADO,1,2024,48,0.2,3.6,-2.3,6.6,16.6,0.0,92.0,28
2024-01-21,C.A. Segovia,Segovia,DOMINGO,1,2024,28,4.2,10.5,-0.4,6.2,18.0,0.0,69.0,39
2024-01-22,C.A. Segovia,Segovia,LUNES,1,2024,39,8.4,11.3,3.0,7.3,20.5,0.2,80.0,45
2024-01-23,C.A. Segovia,Segovia,MARTES,1,2024,45,11.1,15.6,8.9,4.6,13.0,0.0,88.0,49
2024-01-24,C.A. Segovia,Segovia,MIÉRCOLES,1,2024,49,11.7,19.0,7.2,6.4,16.2,0.0,67.0,48
2024-01-25,C.A. Segovia,Segovia,JUEVES,1,2024,48,11.3,18.1,7.0,5.3,13.0,0.0,64.0,56
2024-01-26,C.A. Segovia,Segovia,VIERNES,1,2024,56,10.7,16.9,6.3,4.5,11.2,0.0,68.0,33
2024-01-27,C.A. Segovia,Segovia,SÁBADO,1,2024,33,12.1,19.9,7.3,5.3,15.8,0.0,59.0,38
2024-01-28,C.A. Segovia,Segovia,DOMINGO,1,2024,38,12.2,18.9,7.8,6.7,31.3,0.0,49.0,43
2024-01-29,C.A. Segovia,Segovia,LUNES,1,2024,43,10.8,15.8,7.8,5.0,15.8,0.0,58.0,44
2024-01-30,C.A. Segovia,Segovia,MARTES,1,2024,44,9.5,15.8,4.2,5.4,14.4,0.0,60.0,58
2024-01-31,C.A. Segovia,Segovia,MIÉRCOLES,1,2024,58,8.2,13.9,3.9,5.2,16.9,0.0,70.0,50
2024-02-01,C.A. Segovia,Segovia,JUEVES,2,2024,50,7.2,13.5,2.5,5.4,15.8,0.0,75.0,40
2024-02-02,C.A. Segovia,Segovia,VIERNES,2,2024,40,6.4,12.1,2.2,4.9,15.8,0.0,78.0,47
2024-02-03,C.A. Segovia,Segovia,SÁBADO,2,2024,47,8.6,15.1,4.1,5.6,17.6,0.0,67.0,45
2024-02-04,C.A. Segovia,Segovia,DOMINGO,2,2024,45,9.0,16.3,3.2,5.4,15.1,0.0,57.0,47
2024-02-05,C.A. Segovia,Segovia,LUNES,2,2024,47,8.0,14.1,2.9,4.8,14.4,0.0,60.0,52
2024-02-06,C.A. Segovia,Segovia,MARTES,2,2024,52,8.0,13.2,4.6,5.9,20.5,0.0,71.0,51
2024-02-07,C.A. Segovia,Segovia,MIÉRCOLES,2,2024,51,7.0,11.1,2.6,10.7,31.0,0.0,80.0,39
2024-02-08,C.A. Segovia,Segovia,JUEVES,2,2024,39,8.7,10.3,6.5,23.5,68.8,0.6,63.0,53
2024-02-09,C.A. Segovia,Segovia,VIERNES,2,2024,53,9.0,11.4,5.2,19.9,64.8,6.0,78.0,64
2024-02-10,C.A. Segovia,Segovia,SÁBADO,2,2024,64,3.3,5.0,1.5,22.2,62.6,5.4,89.0,44
2024-02-11,C.A. Segovia,Segovia,DOMINGO,2,2024,44,4.6,8.5,1.0,11.6,33.5,0.2,82.0,46
2024-02-12,C.A. Segovia,Segovia,LUNES,2,2024,46,9.4,12.9,7.6,16.9,54.0,1.2,82.0,56
2024-02-13,C.A. Segovia,Segovia,MARTES,2,2024,56,10.8,13.8,8.4,7.8,19.1,1.6,90.0,55
2024-02-14,C.A. Segovia,Segovia,MIÉRCOLES,2,2024,55,12.7,18.5,8.2,6.2,40.0,0.0,72.0,62
2024-02-15,C.A. Segovia,Segovia,JUEVES,2,2024,62,13.4,17.6,7.6,20.3,82.8,8.0,65.0,61
2024-02-16,C.A. Segovia,Segovia,VIERNES,2,2024,61,6.9,9.9,4.5,8.0,32.0,0.0,87.0,41
2024-02-17,C.A. Segovia,Segovia,SÁBADO,2,2024,41,7.0,12.4,2.5,6.7,28.8,0.0,70.0,33
2024-02-18,C.A. Segovia,Segovia,DOMINGO,2,2024,33,8.3,14.9,2.8,7.0,22.0,0.0,64.0,31
2024-02-19,C.A. Segovia,Segovia,LUNES,2,2024,31,9.0,14.6,5.0,5.8,23.4,0.0,74.0,36
2024-02-20,C.A. Segovia,Segovia,MARTES,2,2024,36,8.5,16.5,1.9,6.0,20.2,0.0,61.0,52
2024-02-21,C.A. Segovia,Segovia,MIÉRCOLES,2,2024,52,9.7,15.2,4.3,7.3,19.4,0.0,51.0,57
2024-02-22,C.A. Segovia,Segovia,JUEVES,2,2024,57,8.5,13.8,3.2,16.0,68.4,5.0,75.0,38
2024-02-23,C.A. Segovia,Segovia,VIERNES,2,2024,38,2.9,5.9,0.8,24.7,60.1,1.6,83.0,49
2024-02-24,C.A. Segovia,Segovia,SÁBADO,2,2024,49,3.4,7.4,1.0,23.7,52.6,0.0,79.0,38
2024-02-25,C.A. Segovia,Segovia,DOMINGO,2,2024,38,8.4,11.2,4.2,29.7,70.2,2.6,81.0,53
2024-02-26,C.A. Segovia,Segovia,LUNES,2,2024,53,3.8,5.9,0.4,19.5,49.7,2.2,86.0,43
2024-02-27,C.A. Segovia,Segovia,MARTES,2,2024,43,1.1,6.3,-2.2,12.2,47.5,0.0,79.0,51
2024-02-28,C.A. Segovia,Segovia,MIÉRCOLES,2,2024,51,3.4,7.2,-0.6,8.6,33.5,0.0,78.0,46
2024-02-29,C.A. Segovia,Segovia,JUEVES,2,2024,46,3.6,8.8,0.1,13.7,58.3,0.4,82.0,57
2024-03-01,C.A. Segovia,Segovia,VIERNES,3,2024,57,3.0,6.6,-1.6,12.8,36.4,0.0,80.0,43
2024-03-02,C.A. Segovia,Segovia,SÁBADO,3,2024,43,4.0,9.0,-0.5,21.2,73.8,13.2,84.0,28
2024-03-03,C.A. Segovia,Segovia,DOMINGO,3,2024,28,1.7,5.3,-1.0,15.8,45.0,0.4,89.0,39
2024-03-04,C.A. Segovia,Segovia,LUNES,3,2024,39,6.4,10.7,2.9,14.7,52.2,2.8,84.0,52
2024-03-05,C.A. Segovia,Segovia,MARTES,3,2024,52,4.5,8.4,1.7,6.9,23.8,0.0,77.0,56
2024-03-06,C.A. Segovia,Segovia,MIÉRCOLES,3,2024,56,6.5,13.2,0.4,8.3,33.1,0.0,60.0,48
2024-03-07,C.A. Segovia,Segovia,JUEVES,3,2024,48,7.0,9.7,3.4,21.0,72.0,2.2,64.0,39
2024-03-08,C.A. Segovia,Segovia,VIERNES,3,2024,39,5.5,8.8,2.9,25.8,71.3,0.6,66.0,53
2024-03-09,C.A. Segovia,Segovia,SÁBADO,3,2024,53,4.3,7.5,1.0,18.4,78.8,2.0,72.0,46
2024-03-10,C.A. Segovia,Segovia,DOMINGO,3,2024,46,5.2,8.5,3.5,24.6,64.8,0.6,80.0,47
2024-03-11,C.A. Segovia,Segovia,LUNES,3,2024,47,5.6,9.9,1.9,12.3,35.6,0.0,77.0,40
2024-03-12,C.A. Segovia,Segovia,MARTES,3,2024,40,8.4,14.8,1.8,6.5,19.1,0.0,69.0,55
2024-03-13,C.A. Segovia,Segovia,MIÉRCOLES,3,2024,55,11.2,19.2,4.8,7.5,29.2,0.0,50.0,45
2024-03-14,C.A. Segovia,Segovia,JUEVES,3,2024,45,10.0,16.0,5.6,9.6,38.9,0.0,69.0,59
2024-03-15,C.A. Segovia,Segovia,VIERNES,3,2024,59,10.6,14.3,7.3,7.0,31.7,3.2,80.0,51
2024-03-16,C.A. Segovia,Segovia,SÁBADO,3,2024,51,12.0,18.4,5.3,6.4,25.2,0.0,73.0,47
2024-03-17,C.A. Segovia,Segovia,DOMINGO,3,2024,47,13.0,18.7,7.3,5.5,19.4,0.0,66.0,36
2024-03-18,C.A. Segovia,Segovia,LUNES,3,2024,36,14.7,21.1,8.9,5.1,16.2,0.0,65.0,69
2024-03-19,C.A. Segovia,Segovia,MARTES,3,2024,69,15.7,21.6,9.6,11.9,40.7,0.0,47.0,57
2024-03-20,C.A. Segovia,Segovia,MIÉRCOLES,3,2024,57,16.2,19.8,13.0,15.1,51.1,0.0,50.0,58
2024-03-21,C.A. Segovia,Segovia,JUEVES,3,2024,58,17.2,22.2,13.4,15.8,52.2,0.0,46.0,49
2024-03-22,C.A. Segovia,Segovia,VIERNES,3,2024,49,18.1,24.7,11.7,6.8,20.5,0.0,40.0,50
2024-03-23,C.A. Segovia,Segovia,SÁBADO,3,2024,50,14.3,21.5,8.6,7.1,21.6,0.0,63.0,41
2024-03-24,C.A. Segovia,Segovia,DOMINGO,3,2024,41,12.9,20.0,6.7,6.4,22.7,0.0,66.0,45
2024-03-25,C.A. Segovia,Segovia,LUNES,3,2024,45,10.6,14.9,4.8,13.4,57.6,8.4,71.0,63
2024-03-26,C.A. Segovia,Segovia,MARTES,3,2024,63,2.6,6.0,0.2,16.1,48.6,5.6,80.0,55
2024-03-27,C.A. Segovia,Segovia,MIÉRCOLES,3,2024,55,7.2,12.5,2.9,33.1,78.8,3.8,76.0,46
2024-03-28,C.A. Segovia,Segovia,JUEVES,3,2024,46,8.5,12.9,4.2,26.1,73.4,3.6,74.0,43
2024-03-29,C.A. Segovia,Segovia,VIERNES,3,2024,43,3.5,9.0,0.7,7.7,48.6,22.8,92.0,35
2024-03-30,C.A. Segovia,Segovia,SÁBADO,3,2024,35,6.1,9.3,2.6,16.4,48.6,0.4,72.0,40
2024-03-31,C.A. Segovia,Segovia,DOMINGO,3,2024,40,5.1,7.3,3.7,15.6,51.5,2.0,77.0,34
2024-04-01,C.A. Segovia,Segovia,LUNES,4,2024,34,5.0,9.4,1.0,16.1,57.6,0.6,74.0,53
2024-04-02,C.A. Segovia,Segovia,MARTES,4,2024,53,8.0,13.3,3.4,14.7,54.0,0.2,64.0,49
2024-04-03,C.A. Segovia,Segovia,MIÉRCOLES,4,2024,49,11.2,16.3,7.2,10.2,28.8,0.0,67.0,55
2024-04-04,C.A. Segovia,Segovia,JUEVES,4,2024,55,12.5,19.1,5.8,10.5,38.2,0.0,56.0,55
2024-04-05,C.A. Segovia,Segovia,VIERNES,4,2024,55,16.9,22.1,10.2,15.4,58.3,0.0,35.0,46
2024-04-06,C.A. Segovia,Segovia,SÁBADO,4,2024,46,18.4,21.2,13.0,25.1,66.2,0.0,38.0,36
2024-04-07,C.A. Segovia,Segovia,DOMINGO,4,2024,36,13.6,18.4,10.6,9.3,48.2,0.0,68.0,41
2024-04-08,C.A. Segovia,Segovia,LUNES,4,2024,41,10.4,16.2,5.9,13.5,55.1,4.4,69.0,57
2024-04-09,C.A. Segovia,Segovia,MARTES,4,2024,57,5.7,11.2,0.5,7.7,32.0,0.0,72.0,42
2024-04-10,C.A. Segovia,Segovia,MIÉRCOLES,4,2024,42,9.5,16.5,3.4,6.6,27.0,0.0,61.0,40
2024-04-11,C.A. Segovia,Segovia,JUEVES,4,2024,40,12.9,20.8,5.2,5.9,26.3,0.0,68.0,48
2024-04-12,C.A. Segovia,Segovia,VIERNES,4,2024,48,16.8,24.2,9.8,6.7,23.4,0.0,56.0,44
2024-04-13,C.A. Segovia,Segovia,SÁBADO,4,2024,44,18.3,25.4,10.8,6.3,17.3,0.0,48.0,44
2024-04-14,C.A. Segovia,Segovia,DOMINGO,4,2024,44,18.8,25.9,11.3,6.2,23.4,0.0,48.0,52
2024-04-15,C.A. Segovia,Segovia,LUNES,4,2024,52,17.4,22.0,13.6,8.3,22.7,0.0,60.0,47
2024-04-16,C.A. Segovia,Segovia,MARTES,4,2024,47,13.8,19.2,7.7,7.2,23.0,0.0,61.0,46
2024-04-17,C.A. Segovia,Segovia,MIÉRCOLES,4,2024,46,10.0,16.3,2.7,8.1,28.8,0.0,66.0,55
2024-04-18,C.A. Segovia,Segovia,JUEVES,4,2024,55,9.9,17.9,1.7,6.8,28.1,0.0,63.0,56
2024-04-19,C.A. Segovia,Segovia,VIERNES,4,2024,56,12.8,21.2,5.4,6.5,22.0,0.0,53.0,49
2024-04-20,C.A. Segovia,Segovia,SÁBADO,4,2024,49,14.2,21.1,7.3,7.4,34.6,0.0,45.0,35
2024-04-21,C.A. Segovia,Segovia,DOMINGO,4,2024,35,11.7,19.3,4.6,7.6,30.2,0.0,51.0,43
2024-04-22,C.A. Segovia,Segovia,LUNES,4,2024,43,6.9,13.1,-0.5,8.6,36.7,0.0,51.0,54
2024-04-23,C.A. Segovia,Segovia,MARTES,4,2024,54,5.4,12.5,-2.2,9.3,37.8,0.0,57.0,41
2024-04-24,C.A. Segovia,Segovia,MIÉRCOLES,4,2024,41,7.7,15.3,-0.6,8.2,43.6,0.0,52.0,63
2024-04-25,C.A. Segovia,Segovia,JUEVES,4,2024,63,9.6,13.4,6.2,10.1,29.9,0.0,55.0,57
2024-04-26,C.A. Segovia,Segovia,VIERNES,4,2024,57,9.1,14.4,6.6,10.1,35.6,3.6,70.0,44
2024-04-27,C.A. Segovia,Segovia,SÁBADO,4,2024,44,8.1,11.0,5.2,17.4,53.3,12.0,75.0,35
2024-04-28,C.A. Segovia,Segovia,DOMINGO,4,2024,35,8.1,13.5,3.5,7.5,29.5,0.4,70.0,37
2024-04-29,C.A. Segovia,Segovia,LUNES,4,2024,37,8.1,13.8,1.8,5.6,19.8,0.0,72.0,43
2024-04-30,C.A. Segovia,Segovia,MARTES,4,2024,43,9.7,14.3,4.4,10.8,38.5,1.6,66.0,47
2024-05-01,C.A. Segovia,Segovia,MIÉRCOLES,5,2024,47,6.1,9.9,3.3,14.4,46.8,5.4,76.0,36
2024-05-02,C.A. Segovia,Segovia,JUEVES,5,2024,36,6.3,11.6,2.7,14.2,36.4,0.0,73.0,40
2024-05-03,C.A. Segovia,Segovia,VIERNES,5,2024,40,9.5,15.8,3.7,9.1,27.0,0.0,67.0,48
2024-05-04,C.A. Segovia,Segovia,SÁBADO,5,2024,48,14.1,21.5,8.5,11.8,49.7,0.0,56.0,42
2024-05-05,C.A. Segovia,Segovia,DOMINGO,5,2024,42,13.1,18.8,8.6,9.6,56.2,30.0,73.0,40
2024-05-06,C.A. Segovia,Segovia,LUNES,5,2024,40,10.9,15.4,8.4,9.9,33.1,8.2,78.0,53
2024-05-07,C.A. Segovia,Segovia,MARTES,5,2024,53,7.6,13.6,4.6,6.2,18.7,0.0,74.0,48
2024-05-08,C.A. Segovia,Segovia,MIÉRCOLES,5,2024,48,14.2,21.7,4.3,6.4,19.8,0.0,53.0,50
2024-05-09,C.A. Segovia,Segovia,JUEVES,5,2024,50,12.1,14.7,10.8,6.8,16.9,0.0,60.0,65
2024-05-10,C.A. Segovia,Segovia,VIERNES,5,2024,65,23.2,25.2,18.7,15.3,30.6,0.0,32.0,46
2024-05-11,C.A. Segovia,Segovia,SÁBADO,5,2024,46,17.9,24.4,13.5,9.5,37.8,0.6,50.0,48
2024-05-12,C.A. Segovia,Segovia,DOMINGO,5,2024,48,16.8,23.7,10.2,6.5,25.2,0.0,59.0,33
2024-05-13,C.A. Segovia,Segovia,LUNES,5,2024,33,16.8,23.5,10.6,9.1,39.2,2.0,60.0,60
2024-05-14,C.A. Segovia,Segovia,MARTES,5,2024,60,9.6,13.8,7.0,14.4,46.4,18.4,80.0,50
2024-05-15,C.A. Segovia,Segovia,MIÉRCOLES,5,2024,50,8.6,13.0,5.1,12.4,40.0,0.2,72.0,52
2024-05-16,C.A. Segovia,Segovia,JUEVES,5,2024,52,8.7,13.4,5.4,10.2,28.1,1.2,72.0,66
2024-05-17,C.A. Segovia,Segovia,VIERNES,5,2024,66,10.6,15.3,8.0,11.4,35.6,5.0,77.0,51
2024-05-18,C.A. Segovia,Segovia,SÁBADO,5,2024,51,11.3,17.3,7.5,7.8,37.1,1.4,71.0,30
2024-05-19,C.A. Segovia,Segovia,DOMINGO,5,2024,30,10.4,14.0,7.9,6.1,26.6,3.0,81.0,54
2024-05-20,C.A. Segovia,Segovia,LUNES,5,2024,54,10.8,16.6,4.2,7.4,33.5,0.0,68.0,54
2024-05-21,C.A. Segovia,Segovia,MARTES,5,2024,54,11.5,17.0,8.3,10.0,41.8,5.4,71.0,47
2024-05-22,C.A. Segovia,Segovia,MIÉRCOLES,5,2024,47,11.8,17.2,8.0,9.1,33.1,0.2,70.0,49
2024-05-23,C.A. Segovia,Segovia,JUEVES,5,2024,49,13.0,20.4,5.7,5.7,21.6,0.0,59.0,63
2024-05-24,C.A. Segovia,Segovia,VIERNES,5,2024,63,15.5,23.0,7.6,6.6,24.5,0.0,52.0,48
2024-05-25,C.A. Segovia,Segovia,SÁBADO,5,2024,48,17.8,24.8,11.1,9.3,37.8,0.0,40.0,33
2024-05-26,C.A. Segovia,Segovia,DOMINGO,5,2024,33,17.2,24.0,10.4,6.8,24.8,0.0,53.0,43
2024-05-27,C.A. Segovia,Segovia,LUNES,5,2024,43,16.8,24.0,9.8,6.7,24.5,0.0,54.0,52
2024-05-28,C.A. Segovia,Segovia,MARTES,5,2024,52,18.4,27.2,10.0,6.5,24.5,0.0,53.0,59
2024-05-29,C.A. Segovia,Segovia,MIÉRCOLES,5,2024,59,21.6,28.9,13.6,6.4,21.6,0.0,42.0,46
2024-05-30,C.A. Segovia,Segovia,JUEVES,5,2024,46,21.5,28.7,14.3,7.5,39.2,0.0,46.0,40
2024-05-31,C.A. Segovia,Segovia,VIERNES,5,2024,40,16.5,23.7,7.5,8.8,34.2,0.0,52.0,44
2024-06-01,C.A. Segovia,Segovia,SÁBADO,6,2024,44,14.3,22.8,5.0,7.3,32.4,0.0,54.0,53
2024-06-02,C.A. Segovia,Segovia,DOMINGO,6,2024,53,15.8,24.8,6.1,7.4,32.8,0.0,53.0,45
2024-06-03,C.A. Segovia,Segovia,LUNES,6,2024,45,18.0,25.6,9.5,8.6,32.4,0.0,51.0,61
2024-06-04,C.A. Segovia,Segovia,MARTES,6,2024,61,20.6,27.4,11.8,7.8,29.9,0.0,42.0,60
2024-06-05,C.A. Segovia,Segovia,MIÉRCOLES,6,2024,60,22.7,30.4,14.4,9.2,35.3,0.0,41.0,62
2024-06-06,C.A. Segovia,Segovia,JUEVES,6,2024,62,23.8,30.9,16.1,11.6,43.6,0.0,40.0,59
2024-06-07,C.A. Segovia,Segovia,VIERNES,6,2024,59,24.7,30.5,19.0,10.9,63.7,0.0,38.0,47
2024-06-08,C.A. Segovia,Segovia,SÁBADO,6,2024,47,17.7,23.7,13.8,11.7,54.7,2.0,66.0,39
2024-06-09,C.A. Segovia,Segovia,DOMINGO,6,2024,39,15.5,19.3,12.8,7.7,23.8,0.0,79.0,34
2024-06-10,C.A. Segovia,Segovia,LUNES,6,2024,34,14.2,21.2,9.5,5.6,25.2,20.8,74.0,51
2024-06-11,C.A. Segovia,Segovia,MARTES,6,2024,51,13.9,21.5,6.0,7.9,32.4,0.0,61.0,52
2024-06-12,C.A. Segovia,Segovia,MIÉRCOLES,6,2024,52,14.5,19.9,8.6,8.8,30.2,0.0,59.0,53
2024-06-13,C.A. Segovia,Segovia,JUEVES,6,2024,53,17.6,25.4,8.4,9.2,35.6,0.0,45.0,40
2024-06-14,C.A. Segovia,Segovia,VIERNES,6,2024,40,19.7,26.2,12.4,10.4,39.2,0.0,49.0,60
2024-06-15,C.A. Segovia,Segovia,SÁBADO,6,2024,60,16.9,17.5,16.2,9.2,25.2,0.0,64.0,44
2024-06-16,C.A. Segovia,Segovia,DOMINGO,6,2024,44,20.6,26.6,9.9,9.4,37.1,0.0,42.0,43
2024-06-17,C.A. Segovia,Segovia,LUNES,6,2024,43,19.1,27.5,9.9,12.1,52.2,0.0,50.0,60
2024-06-18,C.A. Segovia,Segovia,MARTES,6,2024,60,16.7,20.9,11.4,9.8,45.0,15.4,64.0,51
2024-06-19,C.A. Segovia,Segovia,MIÉRCOLES,6,2024,51,15.1,21.9,8.9,7.4,49.3,0.2,68.0,53
2024-06-20,C.A. Segovia,Segovia,JUEVES,6,2024,53,13.1,18.7,10.5,8.4,34.9,10.0,82.0,49
2024-06-21,C.A. Segovia,Segovia,VIERNES,6,2024,49,16.9,23.8,10.8,6.3,19.8,0.0,66.0,53
2024-06-22,C.A. Segovia,Segovia,SÁBADO,6,2024,53,18.4,24.4,11.5,8.4,25.9,0.0,53.0,30
2024-06-23,C.A. Segovia,Segovia,DOMINGO,6,2024,30,19.7,25.3,13.8,10.0,36.0,0.0,58.0,43
2024-06-24,C.A. Segovia,Segovia,LUNES,6,2024,43,21.2,29.2,13.0,6.2,23.0,0.0,57.0,50
2024-06-25,C.A. Segovia,Segovia,MARTES,6,2024,50,22.4,31.0,16.4,7.2,38.5,1.2,55.0,58
2024-06-26,C.A. Segovia,Segovia,MIÉRCOLES,6,2024,58,23.0,30.0,17.3,9.5,59.8,0.6,55.0,54
2024-06-27,C.A. Segovia,Segovia,JUEVES,6,2024,54,23.4,30.2,16.4,10.1,34.2,0.0,51.0,43
2024-06-28,C.A. Segovia,Segovia,VIERNES,6,2024,43,22.0,28.3,13.6,10.0,42.5,1.0,51.0,41
2024-06-29,C.A. Segovia,Segovia,SÁBADO,6,2024,41,14.9,17.0,13.1,9.0,33.1,25.2,94.0,36
2024-06-30,C.A. Segovia,Segovia,DOMINGO,6,2024,36,17.3,22.0,14.3,6.3,44.3,6.2,79.0,31
2024-07-01,C.A. Segovia,Segovia,LUNES,7,2024,31,18.1,24.8,12.7,8.7,32.8,0.0,67.0,50
2024-07-02,C.A. Segovia,Segovia,MARTES,7,2024,50,18.9,25.9,11.0,8.4,28.8,0.0,59.0,47
2024-07-03,C.A. Segovia,Segovia,MIÉRCOLES,7,2024,47,23.1,30.1,14.5,7.7,28.8,0.0,39.0,37
2024-07-04,C.A. Segovia,Segovia,JUEVES,7,2024,37,25.2,32.8,16.1,6.9,24.1,0.0,36.0,41
2024-07-05,C.A. Segovia,Segovia,VIERNES,7,2024,41,25.2,33.7,19.6,7.1,30.6,2.4,43.0,48
2024-07-06,C.A. Segovia,Segovia,SÁBADO,7,2024,48,22.0,26.0,18.1,11.3,30.2,0.0,56.0,38
2024-07-07,C.A. Segovia,Segovia,DOMINGO,7,2024,38,19.3,26.9,11.5,7.6,27.7,0.0,57.0,47
2024-07-08,C.A. Segovia,Segovia,LUNES,7,2024,47,22.3,29.6,13.8,12.3,38.9,0.0,35.0,53
2024-07-09,C.A. Segovia,Segovia,MARTES,7,2024,53,23.0,29.5,16.2,12.6,45.0,0.0,35.0,56
2024-07-10,C.A. Segovia,Segovia,MIÉRCOLES,7,2024,56,23.6,30.7,15.6,8.7,32.4,0.0,49.0,35
2024-07-11,C.A. Segovia,Segovia,JUEVES,7,2024,35,24.1,30.2,17.8,8.0,38.5,0.0,50.0,37
2024-07-12,C.A. Segovia,Segovia,VIERNES,7,2024,37,21.4,27.9,13.5,7.0,23.8,0.0,46.0,46
2024-07-13,C.A. Segovia,Segovia,SÁBADO,7,2024,46,22.9,29.6,15.1,8.9,36.0,0.0,37.0,24
2024-07-14,C.A. Segovia,Segovia,DOMINGO,7,2024,24,23.0,30.0,15.1,7.8,33.1,0.0,33.0,42
2024-07-15,C.A. Segovia,Segovia,LUNES,7,2024,42,21.8,27.6,16.2,11.0,40.7,0.0,45.0,55
2024-07-16,C.A. Segovia,Segovia,MARTES,7,2024,55,20.7,28.9,11.1,6.1,24.5,0.0,43.0,42
2024-07-17,C.A. Segovia,Segovia,MIÉRCOLES,7,2024,42,24.5,33.1,14.4,11.2,45.7,0.0,27.0,46
2024-07-18,C.A. Segovia,Segovia,JUEVES,7,2024,46,26.7,34.4,17.7,9.9,36.7,0.0,23.0,48
2024-07-19,C.A. Segovia,Segovia,VIERNES,7,2024,48,27.3,35.2,19.0,9.2,37.1,0.0,24.0,48
2024-07-20,C.A. Segovia,Segovia,SÁBADO,7,2024,48,24.1,30.1,18.5,11.9,46.1,0.0,40.0,39
2024-07-21,C.A. Segovia,Segovia,DOMINGO,7,2024,39,20.4,26.7,13.6,8.7,25.9,0.0,47.0,31
2024-07-22,C.A. Segovia,Segovia,LUNES,7,2024,31,23.3,32.2,13.8,6.9,29.9,0.0,22.0,44
2024-07-23,C.A. Segovia,Segovia,MARTES,7,2024,44,27.9,35.7,18.7,7.2,28.1,0.0,23.0,45
2024-07-24,C.A. Segovia,Segovia,MIÉRCOLES,7,2024,45,28.9,36.0,20.6,7.4,29.2,0.0,24.0,52
2024-07-25,C.A. Segovia,Segovia,JUEVES,7,2024,52,28.9,36.6,20.6,7.5,33.1,0.0,27.0,45
2024-07-26,C.A. Segovia,Segovia,VIERNES,7,2024,45,27.5,34.9,19.5,6.8,27.7,0.0,34.0,43
2024-07-27,C.A. Segovia,Segovia,SÁBADO,7,2024,43,27.9,35.7,20.6,10.1,41.0,0.0,31.0,36
2024-07-28,C.A. Segovia,Segovia,DOMINGO,7,2024,36,30.6,35.7,25.3,13.1,41.0,0.0,25.0,37
2024-07-29,C.A. Segovia,Segovia,LUNES,7,2024,37,27.8,30.9,21.3,12.7,53.6,7.2,36.0,48
2024-07-30,C.A. Segovia,Segovia,MARTES,7,2024,48,29.5,34.7,24.3,20.5,65.2,0.0,25.0,46
2024-07-31,C.A. Segovia,Segovia,MIÉRCOLES,7,2024,46,26.9,34.3,19.3,7.3,27.0,0.0,30.0,41
2024-08-01,C.A. Segovia,Segovia,JUEVES,8,2024,41,26.6,34.7,18.6,7.7,27.0,0.0,32.0,38
2024-08-02,C.A. Segovia,Segovia,VIERNES,8,2024,38,24.1,29.8,18.6,11.3,29.5,0.0,47.0,55
2024-08-03,C.A. Segovia,Segovia,SÁBADO,8,2024,55,24.0,31.9,14.7,6.5,23.8,0.0,48.0,37
2024-08-04,C.A. Segovia,Segovia,DOMINGO,8,2024,37,27.0,34.5,18.4,6.9,29.5,0.0,31.0,39
2024-08-05,C.A. Segovia,Segovia,LUNES,8,2024,39,27.6,34.5,20.5,8.1,37.1,0.0,27.0,43
2024-08-06,C.A. Segovia,Segovia,MARTES,8,2024,43,26.3,33.7,18.6,8.0,31.3,0.0,29.0,42
2024-08-07,C.A. Segovia,Segovia,MIÉRCOLES,8,2024,42,26.6,35.5,17.9,7.5,33.8,0.0,30.0,60
2024-08-08,C.A. Segovia,Segovia,JUEVES,8,2024,60,28.1,36.0,19.9,7.1,25.9,0.0,25.0,45
2024-08-09,C.A. Segovia,Segovia,VIERNES,8,2024,45,28.7,36.5,20.4,7.1,22.3,0.0,26.0,43
2024-08-10,C.A. Segovia,Segovia,SÁBADO,8,2024,43,30.7,35.8,25.3,19.4,62.6,0.0,20.0,39
2024-08-11,C.A. Segovia,Segovia,DOMINGO,8,2024,39,30.2,35.3,25.5,15.2,59.4,0.0,20.0,40
2024-08-12,C.A. Segovia,Segovia,LUNES,8,2024,40,25.9,34.6,20.4,8.7,56.5,0.4,35.0,54
2024-08-13,C.A. Segovia,Segovia,MARTES,8,2024,54,20.7,23.9,16.6,8.5,26.6,0.0,59.0,51
2024-08-14,C.A. Segovia,Segovia,MIÉRCOLES,8,2024,51,20.4,26.3,14.1,8.0,30.2,0.0,54.0,37
2024-08-15,C.A. Segovia,Segovia,JUEVES,8,2024,37,18.7,26.9,9.7,7.9,25.6,0.0,47.0,41
2024-08-16,C.A. Segovia,Segovia,VIERNES,8,2024,41,21.7,30.1,13.2,6.6,26.6,0.0,33.0,46
2024-08-17,C.A. Segovia,Segovia,SÁBADO,8,2024,46,25.5,32.1,17.4,10.1,38.9,0.0,27.0,43
2024-08-18,C.A. Segovia,Segovia,DOMINGO,8,2024,43,23.1,29.2,16.3,8.0,27.4,0.0,48.0,41
2024-08-19,C.A. Segovia,Segovia,LUNES,8,2024,41,23.6,30.8,15.1,6.3,25.6,0.0,40.0,67
2024-08-20,C.A. Segovia,Segovia,MARTES,8,2024,67,24.7,31.9,17.0,7.3,33.8,0.0,32.0,32
2024-08-21,C.A. Segovia,Segovia,MIÉRCOLES,8,2024,32,24.7,33.3,15.9,6.6,29.5,0.0,34.0,48
2024-08-22,C.A. Segovia,Segovia,JUEVES,8,2024,48,26.0,33.5,19.1,8.5,29.5,0.0,30.0,50
2024-08-23,C.A. Segovia,Segovia,VIERNES,8,2024,50,25.6,33.7,17.0,8.1,36.0,0.0,29.0,35
2024-08-24,C.A. Segovia,Segovia,SÁBADO,8,2024,35,26.8,32.4,22.3,10.4,35.3,0.0,32.0,41
2024-08-25,C.A. Segovia,Segovia,DOMINGO,8,2024,41,21.3,30.3,13.6,7.2,30.6,0.0,57.0,40
2024-08-26,C.A. Segovia,Segovia,LUNES,8,2024,40,21.8,30.2,12.9,7.0,25.2,0.0,49.0,42
2024-08-27,C.A. Segovia,Segovia,MARTES,8,2024,42,25.4,32.8,18.4,7.4,29.2,0.0,31.0,54
2024-08-28,C.A. Segovia,Segovia,MIÉRCOLES,8,2024,54,26.0,32.8,17.6,10.3,37.8,0.0,29.0,52
2024-08-29,C.A. Segovia,Segovia,JUEVES,8,2024,52,22.4,26.9,17.4,11.8,50.8,8.6,59.0,55
2024-08-30,C.A. Segovia,Segovia,VIERNES,8,2024,55,22.9,27.7,16.9,8.2,50.4,1.0,60.0,57
2024-08-31,C.A. Segovia,Segovia,SÁBADO,8,2024,57,22.1,27.5,17.4,12.8,45.4,4.6,62.0,39
2024-09-01,C.A. Segovia,Segovia,DOMINGO,9,2024,39,22.0,28.1,17.2,7.1,28.8,0.0,57.0,37
2024-09-02,C.A. Segovia,Segovia,LUNES,9,2024,37,21.0,28.5,15.8,6.4,27.0,3.4,60.0,44
2024-09-03,C.A. Segovia,Segovia,MARTES,9,2024,44,19.9,25.7,15.2,7.0,28.1,0.0,69.0,52
2024-09-04,C.A. Segovia,Segovia,MIÉRCOLES,9,2024,52,16.9,22.2,14.2,7.7,27.4,1.0,74.0,44
2024-09-05,C.A. Segovia,Segovia,JUEVES,9,2024,44,15.8,21.4,9.7,6.0,25.2,0.0,60.0,36
2024-09-06,C.A. Segovia,Segovia,VIERNES,9,2024,36,15.3,20.8,10.5,7.7,25.9,0.0,55.0,35
2024-09-07,C.A. Segovia,Segovia,SÁBADO,9,2024,35,15.2,22.3,8.0,7.0,30.2,0.0,53.0,42
2024-09-08,C.A. Segovia,Segovia,DOMINGO,9,2024,42,16.8,23.0,11.6,8.6,31.7,0.0,49.0,35
2024-09-09,C.A. Segovia,Segovia,LUNES,9,2024,35,18.0,25.8,10.4,7.3,26.3,0.0,43.0,60
2024-09-10,C.A. Segovia,Segovia,MARTES,9,2024,60,19.3,26.5,12.1,7.6,26.6,0.0,44.0,41
2024-09-11,C.A. Segovia,Segovia,MIÉRCOLES,9,2024,41,17.2,23.9,9.7,6.6,26.6,0.0,46.0,54
2024-09-12,C.A. Segovia,Segovia,JUEVES,9,2024,54,17.1,23.6,11.1,10.3,37.8,0.0,55.0,41
2024-09-13,C.A. Segovia,Segovia,VIERNES,9,2024,41,14.0,20.2,7.8,8.3,27.7,0.0,56.0,47
2024-09-14,C.A. Segovia,Segovia,SÁBADO,9,2024,47,16.1,25.5,7.0,5.9,21.2,0.0,46.0,36
2024-09-15,C.A. Segovia,Segovia,DOMINGO,9,2024,36,18.5,26.8,11.1,6.8,28.1,0.0,32.0,49
2024-09-16,C.A. Segovia,Segovia,LUNES,9,2024,49,16.7,26.2,7.6,9.8,46.4,0.0,29.0,51
2024-09-17,C.A. Segovia,Segovia,MARTES,9,2024,51,15.5,23.8,6.6,6.5,31.7,0.0,47.0,53
2024-09-18,C.A. Segovia,Segovia,MIÉRCOLES,9,2024,53,17.4,25.4,9.7,7.1,33.8,0.0,47.0,33
2024-09-19,C.A. Segovia,Segovia,JUEVES,9,2024,33,16.4,22.3,13.6,10.0,46.1,12.4,70.0,63
2024-09-20,C.A. Segovia,Segovia,VIERNES,9,2024,63,16.7,21.2,13.4,6.0,29.9,0.0,69.0,49
2024-09-21,C.A. Segovia,Segovia,SÁBADO,9,2024,49,16.2,21.8,14.1,7.4,47.9,16.0,78.0,39
2024-09-22,C.A. Segovia,Segovia,DOMINGO,9,2024,39,15.3,20.0,11.4,7.2,27.0,0.0,71.0,37
2024-09-23,C.A. Segovia,Segovia,LUNES,9,2024,37,14.7,20.4,10.0,7.3,26.3,0.0,63.0,64
2024-09-24,C.A. Segovia,Segovia,MARTES,9,2024,64,13.8,18.8,9.9,8.3,23.8,0.0,59.0,42
2024-09-25,C.A. Segovia,Segovia,MIÉRCOLES,9,2024,42,17.8,23.9,12.3,14.5,56.2,0.4,74.0,43
2024-09-26,C.A. Segovia,Segovia,JUEVES,9,2024,43,18.1,20.5,13.9,23.6,61.9,0.2,63.0,50
2024-09-27,C.A. Segovia,Segovia,VIERNES,9,2024,50,12.3,15.0,8.8,16.0,44.6,0.0,62.0,34
2024-09-28,C.A. Segovia,Segovia,SÁBADO,9,2024,34,10.6,18.1,3.3,5.1,20.5,0.0,55.0,43
2024-09-29,C.A. Segovia,Segovia,DOMINGO,9,2024,43,15.4,24.1,7.6,5.9,19.1,0.0,36.0,44
2024-09-30,C.A. Segovia,Segovia,LUNES,9,2024,44,17.5,26.7,9.2,5.5,21.2,0.0,37.0,67
2024-10-01,C.A. Segovia,Segovia,MARTES,10,2024,67,17.6,23.5,12.6,7.7,31.0,0.0,54.0,46
2024-10-02,C.A. Segovia,Segovia,MIÉRCOLES,10,2024,46,17.0,20.0,15.4,16.5,49.3,6.2,84.0,59
2024-10-03,C.A. Segovia,Segovia,JUEVES,10,2024,59,14.7,18.6,12.1,7.0,37.4,5.4,78.0,65
2024-10-04,C.A. Segovia,Segovia,VIERNES,10,2024,65,15.2,19.8,11.8,6.4,23.8,0.0,77.0,53
2024-10-05,C.A. Segovia,Segovia,SÁBADO,10,2024,53,16.2,23.0,10.6,9.2,39.6,0.0,73.0,46
2024-10-06,C.A. Segovia,Segovia,DOMINGO,10,2024,46,19.0,23.0,15.9,12.8,42.5,0.0,60.0,34
2024-10-07,C.A. Segovia,Segovia,LUNES,10,2024,34,16.0,20.3,11.0,19.9,64.1,16.8,69.0,59
2024-10-08,C.A. Segovia,Segovia,MARTES,10,2024,59,13.0,16.3,9.3,15.3,40.0,0.2,76.0,59
2024-10-09,C.A. Segovia,Segovia,MIÉRCOLES,10,2024,59,16.7,21.5,11.6,31.7,82.8,0.4,67.0,58
2024-10-10,C.A. Segovia,Segovia,JUEVES,10,2024,58,11.2,16.0,8.1,9.6,40.7,0.0,73.0,44
2024-10-11,C.A. Segovia,Segovia,VIERNES,10,2024,44,13.7,18.9,7.6,8.5,54.4,0.0,61.0,59
2024-10-12,C.A. Segovia,Segovia,SÁBADO,10,2024,59,16.7,19.7,14.4,13.9,51.5,4.2,68.0,40
2024-10-13,C.A. Segovia,Segovia,DOMINGO,10,2024,40,17.1,20.7,12.3,6.7,39.2,0.0,65.0,40
2024-10-14,C.A. Segovia,Segovia,LUNES,10,2024,40,16.8,20.9,11.8,7.1,32.4,0.0,75.0,51
2024-10-15,C.A. Segovia,Segovia,MARTES,10,2024,51,17.0,19.6,15.1,17.9,54.0,1.4,72.0,52
2024-10-16,C.A. Segovia,Segovia,MIÉRCOLES,10,2024,52,16.7,20.3,13.6,16.4,62.3,1.4,75.0,48
2024-10-17,C.A. Segovia,Segovia,JUEVES,10,2024,48,10.4,13.1,8.2,16.6,45.7,11.6,86.0,56
2024-10-18,C.A. Segovia,Segovia,VIERNES,10,2024,56,9.4,13.6,4.7,6.6,23.4,1.4,82.0,33
2024-10-19,C.A. Segovia,Segovia,SÁBADO,10,2024,33,13.2,17.4,10.1,8.2,24.1,0.6,83.0,42
2024-10-20,C.A. Segovia,Segovia,DOMINGO,10,2024,42,14.3,20.2,9.7,5.0,16.2,0.0,76.0,36
2024-10-21,C.A. Segovia,Segovia,LUNES,10,2024,36,14.3,21.2,8.6,5.6,15.1,0.0,61.0,59
2024-10-22,C.A. Segovia,Segovia,MARTES,10,2024,59,13.9,20.6,8.6,4.6,13.7,0.0,71.0,57
2024-10-23,C.A. Segovia,Segovia,MIÉRCOLES,10,2024,57,14.8,20.3,10.6,9.8,33.1,0.0,67.0,37
2024-10-24,C.A. Segovia,Segovia,JUEVES,10,2024,37,15.6,19.6,11.3,11.2,37.4,0.0,62.0,49
2024-10-25,C.A. Segovia,Segovia,VIERNES,10,2024,49,10.8,16.6,7.4,9.4,41.4,2.2,78.0,51
2024-10-26,C.A. Segovia,Segovia,SÁBADO,10,2024,51,5.1,6.7,3.8,8.4,23.4,1.4,86.0,37
2024-10-27,C.A. Segovia,Segovia,DOMINGO,10,2024,37,6.3,9.6,3.4,9.2,34.9,2.6,85.0,43
2024-10-28,C.A. Segovia,Segovia,LUNES,10,2024,43,12.3,16.2,7.6,13.8,50.0,1.0,71.0,50
2024-10-29,C.A. Segovia,Segovia,MARTES,10,2024,50,13.5,15.9,8.5,16.8,73.8,3.0,70.0,42
2024-10-30,C.A. Segovia,Segovia,MIÉRCOLES,10,2024,42,13.2,17.5,8.5,17.1,63.4,6.4,67.0,49
2024-10-31,C.A. Segovia,Segovia,JUEVES,10,2024,49,14.2,17.7,12.0,11.8,46.4,0.0,63.0,43
2024-11-01,C.A. Segovia,Segovia,VIERNES,11,2024,43,13.6,17.7,10.8,8.7,28.4,9.6,73.0,27
2024-11-02,C.A. Segovia,Segovia,SÁBADO,11,2024,27,12.7,17.4,9.3,6.2,28.1,0.0,73.0,49
2024-11-03,C.A. Segovia,Segovia,DOMINGO,11,2024,49,13.0,17.2,8.5,12.7,44.6,0.0,65.0,49
2024-11-04,C.A. Segovia,Segovia,LUNES,11,2024,49,13.3,18.5,9.2,6.9,27.4,0.0,65.0,61
2024-11-05,C.A. Segovia,Segovia,MARTES,11,2024,61,13.7,17.8,10.0,4.4,14.8,0.0,69.0,62
2024-11-06,C.A. Segovia,Segovia,MIÉRCOLES,11,2024,62,13.3,19.8,8.6,5.9,15.8,0.0,69.0,43
2024-11-07,C.A. Segovia,Segovia,JUEVES,11,2024,43,13.3,19.6,8.1,5.0,17.6,0.0,66.0,59
2024-11-08,C.A. Segovia,Segovia,VIERNES,11,2024,59,12.8,17.9,9.6,7.1,31.7,0.0,67.0,50
2024-11-09,C.A. Segovia,Segovia,SÁBADO,11,2024,50,11.6,15.0,7.6,6.7,22.0,0.0,76.0,45
2024-11-10,C.A. Segovia,Segovia,DOMINGO,11,2024,45,10.3,12.1,7.2,5.0,14.4,1.4,88.0,40
2024-11-11,C.A. Segovia,Segovia,LUNES,11,2024,40,9.7,13.8,4.4,7.6,30.2,0.0,83.0,47
2024-11-12,C.A. Segovia,Segovia,MARTES,11,2024,47,4.8,10.4,2.3,9.1,41.8,0.0,81.0,48
2024-11-13,C.A. Segovia,Segovia,MIÉRCOLES,11,2024,48,4.5,9.5,-1.2,14.4,67.0,1.2,79.0,40
2024-11-14,C.A. Segovia,Segovia,JUEVES,11,2024,40,12.2,13.5,9.9,12.9,39.6,0.4,71.0,51
2024-11-15,C.A. Segovia,Segovia,VIERNES,11,2024,51,13.0,16.8,11.2,17.0,44.3,0.0,68.0,64
2024-11-16,C.A. Segovia,Segovia,SÁBADO,11,2024,64,11.2,15.6,6.8,7.7,40.0,0.0,69.0,42
2024-11-17,C.A. Segovia,Segovia,DOMINGO,11,2024,42,8.5,9.3,7.9,6.4,18.4,0.0,70.0,26
2024-11-18,C.A. Segovia,Segovia,LUNES,11,2024,26,13.7,17.1,8.5,5.3,14.4,0.0,59.0,52
2024-11-19,C.A. Segovia,Segovia,MARTES,11,2024,52,0.0,0.0,0.0,0.0,0.0,0.0,0.0,55
2024-11-20,C.A. Segovia,Segovia,MIÉRCOLES,11,2024,55,8.5,11.6,6.5,14.3,40.7,0.0,83.0,41
2024-11-21,C.A. Segovia,Segovia,JUEVES,11,2024,41,9.6,11.1,8.4,23.9,56.9,0.0,80.0,52
2024-11-22,C.A. Segovia,Segovia,VIERNES,11,2024,52,8.1,10.6,5.9,12.1,55.8,7.0,80.0,45
2024-11-23,C.A. Segovia,Segovia,SÁBADO,11,2024,45,12.5,17.7,8.1,10.9,48.6,0.0,66.0,42
2024-11-24,C.A. Segovia,Segovia,DOMINGO,11,2024,42,14.7,16.8,12.6,31.6,77.4,0.0,50.0,48
2024-11-25,C.A. Segovia,Segovia,LUNES,11,2024,48,10.3,16.3,4.7,20.1,68.8,10.0,73.0,54
2024-11-26,C.A. Segovia,Segovia,MARTES,11,2024,54,5.7,9.7,3.0,5.4,15.5,0.0,81.0,44
2024-11-27,C.A. Segovia,Segovia,MIÉRCOLES,11,2024,44,6.3,13.1,1.3,5.2,15.1,0.0,72.0,66
2024-11-28,C.A. Segovia,Segovia,JUEVES,11,2024,66,8.9,16.6,3.2,5.5,16.6,0.0,52.0,44
2024-11-29,C.A. Segovia,Segovia,VIERNES,11,2024,44,12.3,17.1,8.1,6.0,17.3,0.0,59.0,41
2024-11-30,C.A. Segovia,Segovia,SÁBADO,11,2024,41,11.2,19.0,6.4,6.5,22.3,0.0,70.0,34
2024-12-01,C.A. Segovia,Segovia,DOMINGO,12,2024,34,11.9,18.7,8.4,7.8,28.1,0.2,55.0,31
2024-12-02,C.A. Segovia,Segovia,LUNES,12,2024,31,10.4,13.4,8.0,7.4,34.9,3.0,75.0,53
2024-12-03,C.A. Segovia,Segovia,MARTES,12,2024,53,7.6,10.7,5.5,7.6,25.6,2.2,88.0,59
2024-12-04,C.A. Segovia,Segovia,MIÉRCOLES,12,2024,59,6.8,9.0,4.2,9.6,33.8,3.4,87.0,37
2024-12-05,C.A. Segovia,Segovia,JUEVES,12,2024,37,7.8,12.3,4.2,6.6,22.7,0.0,73.0,52
2024-12-06,C.A. Segovia,Segovia,VIERNES,12,2024,52,10.3,15.8,7.2,5.9,16.6,0.0,86.0,40
2024-12-07,C.A. Segovia,Segovia,SÁBADO,12,2024,40,7.5,12.1,2.2,12.4,40.0,0.6,82.0,38
2024-12-08,C.A. Segovia,Segovia,DOMINGO,12,2024,38,2.3,6.6,-0.2,9.6,46.4,0.0,74.0,40
2024-12-09,C.A. Segovia,Segovia,LUNES,12,2024,40,1.1,3.7,-1.8,8.5,26.3,0.0,84.0,37
2024-12-10,C.A. Segovia,Segovia,MARTES,12,2024,37,2.3,3.5,1.1,6.2,20.5,0.0,80.0,78
2024-12-11,C.A. Segovia,Segovia,MIÉRCOLES,12,2024,78,2.4,3.6,1.5,4.2,15.1,0.0,68.0,51
2024-12-12,C.A. Segovia,Segovia,JUEVES,12,2024,51,3.9,8.1,0.2,8.1,27.7,0.0,65.0,53
2024-12-13,C.A. Segovia,Segovia,VIERNES,12,2024,53,4.6,8.3,1.9,6.3,28.8,0.0,78.0,54
2024-12-14,C.A. Segovia,Segovia,SÁBADO,12,2024,54,2.8,7.9,-0.1,4.9,14.4,0.0,78.0,47
2024-12-15,C.A. Segovia,Segovia,DOMINGO,12,2024,47,2.3,5.9,-1.3,7.3,29.5,0.0,79.0,44
2024-12-16,C.A. Segovia,Segovia,LUNES,12,2024,44,3.6,11.4,-1.1,5.3,14.0,0.0,77.0,53
2024-12-17,C.A. Segovia,Segovia,MARTES,12,2024,53,7.4,14.3,0.7,5.5,20.9,0.0,52.0,36
2024-12-18,C.A. Segovia,Segovia,MIÉRCOLES,12,2024,36,10.2,16.5,5.5,6.9,25.2,0.0,58.0,46
2024-12-19,C.A. Segovia,Segovia,JUEVES,12,2024,46,8.5,12.1,2.3,14.8,53.6,1.8,76.0,59
2024-12-20,C.A. Segovia,Segovia,VIERNES,12,2024,59,2.3,5.5,-1.1,8.1,32.4,0.0,81.0,52
2024-12-21,C.A. Segovia,Segovia,SÁBADO,12,2024,52,1.3,6.7,-3.3,5.2,20.2,0.0,81.0,56
2024-12-22,C.A. Segovia,Segovia,DOMINGO,12,2024,56,4.9,11.8,0.5,5.9,20.2,0.0,77.0,51
2024-12-23,C.A. Segovia,Segovia,LUNES,12,2024,51,3.1,6.1,0.9,9.5,47.2,0.0,85.0,48
2024-12-24,C.A. Segovia,Segovia,MARTES,12,2024,48,3.7,8.8,-1.3,4.4,23.0,0.0,82.0,33
2024-12-25,C.A. Segovia,Segovia,MIÉRCOLES,12,2024,33,4.8,11.2,-0.1,4.0,11.5,0.0,88.0,41
2024-12-26,C.A. Segovia,Segovia,JUEVES,12,2024,41,7.3,14.6,1.3,5.1,11.5,0.0,66.0,47
2024-12-27,C.A. Segovia,Segovia,VIERNES,12,2024,47,6.0,12.1,1.9,5.3,15.5,0.0,71.0,61
2024-12-28,C.A. Segovia,Segovia,SÁBADO,12,2024,61,2.9,9.5,-2.0,4.7,15.8,0.0,77.0,50
2024-12-29,C.A. Segovia,Segovia,DOMINGO,12,2024,50,-2.1,4.0,-6.7,3.7,13.3,0.0,93.0,31
2024-12-30,C.A. Segovia,Segovia,LUNES,12,2024,31,-1.2,6.5,-5.3,4.3,18.7,0.0,90.0,63
2024-12-31,C.A. Segovia,Segovia,MARTES,12,2024,63,-2.3,2.6,-6.6,4.2,15.8,0.0,94.0,34
2025-01-01,C.A. Segovia,Segovia,MIÉRCOLES,1,2025,34,1.2,9.3,-4.7,4.4,14.4,0.0,84.0,76
2025-01-02,C.A. Segovia,Segovia,JUEVES,1,2025,76,3.3,8.0,-0.6,5.6,16.6,0.0,73.0,111
2025-01-03,C.A. Segovia,Segovia,VIERNES,1,2025,111,4.7,8.3,0.8,7.5,20.5,0.0,74.0,111
2025-01-04,C.A. Segovia,Segovia,SÁBADO,1,2025,111,5.4,10.5,1.6,5.7,23.4,0.0,78.0,86
2025-01-05,C.A. Segovia,Segovia,DOMINGO,1,2025,86,7.4,9.6,2.3,19.9,64.8,0.2,73.0,76
2025-01-06,C.A. Segovia,Segovia,LUNES,1,2025,76,5.6,8.7,2.1,15.5,43.6,2.4,82.0,83
2025-01-07,C.A. Segovia,Segovia,MARTES,1,2025,83,5.7,9.6,1.8,10.3,25.2,0.0,75.0,106
2025-01-08,C.A. Segovia,Segovia,MIÉRCOLES,1,2025,106,7.4,11.2,3.2,14.8,59.0,1.8,75.0,109
2025-01-09,C.A. Segovia,Segovia,JUEVES,1,2025,109,8.9,10.5,7.3,16.8,46.1,0.4,80.0,105
2025-01-10,C.A. Segovia,Segovia,VIERNES,1,2025,105,9.7,12.3,7.9,9.0,29.9,0.0,80.0,109
2025-01-11,C.A. Segovia,Segovia,SÁBADO,1,2025,109,10.1,13.0,7.5,12.5,33.8,1.4,88.0,86
2025-01-12,C.A. Segovia,Segovia,DOMINGO,1,2025,86,4.2,8.0,0.5,6.9,25.6,0.0,76.0,71
2025-01-13,C.A. Segovia,Segovia,LUNES,1,2025,71,-0.2,5.5,-3.9,5.1,14.4,0.0,72.0,93
2025-01-14,C.A. Segovia,Segovia,MARTES,1,2025,93,0.6,8.7,-4.5,4.7,15.8,0.0,54.0,92
2025-01-15,C.A. Segovia,Segovia,MIÉRCOLES,1,2025,92,1.6,8.6,-3.1,4.8,13.3,0.0,44.0,87
2025-01-16,C.A. Segovia,Segovia,JUEVES,1,2025,87,2.4,7.9,-2.2,5.8,38.5,0.0,53.0,87
2025-01-17,C.A. Segovia,Segovia,VIERNES,1,2025,87,3.9,9.2,-1.3,7.7,42.5,0.0,59.0,79
2025-01-18,C.A. Segovia,Segovia,SÁBADO,1,2025,79,2.9,8.3,-1.5,5.6,16.9,0.0,61.0,84
2025-01-19,C.A. Segovia,Segovia,DOMINGO,1,2025,84,3.8,9.7,-1.1,6.6,23.8,0.0,54.0,82
2025-01-20,C.A. Segovia,Segovia,LUNES,1,2025,82,7.1,11.1,3.2,4.8,25.6,10.0,88.0,85
2025-01-21,C.A. Segovia,Segovia,MARTES,1,2025,85,9.4,11.4,7.5,12.5,39.2,6.8,82.0,99
2025-01-22,C.A. Segovia,Segovia,MIÉRCOLES,1,2025,99,10.1,12.9,8.8,18.6,54.0,0.4,71.0,89
2025-01-23,C.A. Segovia,Segovia,JUEVES,1,2025,89,9.6,13.8,7.4,4.6,19.4,0.6,82.0,98
2025-01-24,C.A. Segovia,Segovia,VIERNES,1,2025,98,9.1,13.5,5.7,6.2,24.8,0.0,76.0,89
2025-01-25,C.A. Segovia,Segovia,SÁBADO,1,2025,89,8.0,11.4,3.8,14.1,48.6,4.0,74.0,75
2025-01-26,C.A. Segovia,Segovia,DOMINGO,1,2025,75,8.8,12.9,2.5,22.0,75.2,0.0,62.0,67
2025-01-27,C.A. Segovia,Segovia,LUNES,1,2025,67,8.9,13.3,3.7,35.5,97.9,16.8,80.0,89
2025-01-28,C.A. Segovia,Segovia,MARTES,1,2025,89,3.4,5.2,1.8,24.9,66.2,0.4,85.0,106
2025-01-29,C.A. Segovia,Segovia,MIÉRCOLES,1,2025,106,4.0,8.7,2.0,17.4,82.8,2.6,79.0,85
2025-01-30,C.A. Segovia,Segovia,JUEVES,1,2025,85,2.8,6.3,0.5,14.4,39.2,0.0,78.0,104
2025-01-31,C.A. Segovia,Segovia,VIERNES,1,2025,104,2.3,6.1,-0.8,6.7,28.4,0.0,69.0,105
2025-02-01,C.A. Segovia,Segovia,SÁBADO,2,2025,105,3.9,8.7,-0.9,6.4,19.8,0.0,71.0,78
2025-02-02,C.A. Segovia,Segovia,DOMINGO,2,2025,78,3.4,7.9,0.2,7.0,42.5,0.2,80.0,75
2025-02-03,C.A. Segovia,Segovia,LUNES,2,2025,75,1.6,5.9,-1.2,5.8,17.6,0.0,92.0,102
2025-02-04,C.A. Segovia,Segovia,MARTES,2,2025,102,4.0,9.8,-0.1,6.0,22.3,0.0,71.0,82
2025-02-05,C.A. Segovia,Segovia,MIÉRCOLES,2,2025,82,2.6,8.1,-2.9,5.4,17.3,0.0,75.0,90
2025-02-06,C.A. Segovia,Segovia,JUEVES,2,2025,90,3.5,11.3,-1.9,5.5,20.2,0.0,64.0,88
2025-02-07,C.A. Segovia,Segovia,VIERNES,2,2025,88,5.1,10.1,1.2,12.9,40.7,10.2,71.0,82
2025-02-08,C.A. Segovia,Segovia,SÁBADO,2,2025,82,4.0,7.9,-0.5,7.3,28.4,0.2,75.0,90
2025-02-09,C.A. Segovia,Segovia,DOMINGO,2,2025,90,8.5,13.1,5.7,6.3,19.4,0.8,83.0,89
2025-02-10,C.A. Segovia,Segovia,LUNES,2,2025,89,9.2,14.1,6.3,5.8,29.5,0.0,75.0,100
2025-02-11,C.A. Segovia,Segovia,MARTES,2,2025,100,8.1,12.2,4.2,10.6,45.7,1.0,66.0,81
2025-02-12,C.A. Segovia,Segovia,MIÉRCOLES,2,2025,81,5.8,7.9,3.0,9.0,39.2,7.2,85.0,96
2025-02-13,C.A. Segovia,Segovia,JUEVES,2,2025,96,6.8,11.3,2.9,6.7,21.6,0.0,84.0,80
2025-02-14,C.A. Segovia,Segovia,VIERNES,2,2025,80,8.6,15.2,3.5,5.5,17.3,0.0,75.0,83
2025-02-15,C.A. Segovia,Segovia,SÁBADO,2,2025,83,9.7,15.8,5.1,7.0,47.5,0.0,49.0,78
2025-02-16,C.A. Segovia,Segovia,DOMINGO,2,2025,78,10.6,16.8,5.1,9.7,36.7,0.0,52.0,72
2025-02-17,C.A. Segovia,Segovia,LUNES,2,2025,72,9.5,14.4,6.7,4.3,14.0,0.0,76.0,118
2025-02-18,C.A. Segovia,Segovia,MARTES,2,2025,118,10.4,14.9,6.3,10.7,40.7,0.0,61.0,103
2025-02-19,C.A. Segovia,Segovia,MIÉRCOLES,2,2025,103,10.5,14.4,6.9,7.6,20.9,0.0,71.0,82
2025-02-20,C.A. Segovia,Segovia,JUEVES,2,2025,82,10.6,15.7,5.9,4.9,20.2,0.0,75.0,88
2025-02-21,C.A. Segovia,Segovia,VIERNES,2,2025,88,10.4,13.5,5.6,17.7,65.9,0.0,70.0,85
2025-02-22,C.A. Segovia,Segovia,SÁBADO,2,2025,85,6.7,10.1,5.0,7.0,21.2,0.0,78.0,78
2025-02-23,C.A. Segovia,Segovia,DOMINGO,2,2025,78,7.1,12.9,2.0,4.8,20.9,0.0,72.0,96
2025-02-24,C.A. Segovia,Segovia,LUNES,2,2025,96,9.0,14.8,4.4,8.9,25.2,0.0,57.0,89
2025-02-25,C.A. Segovia,Segovia,MARTES,2,2025,89,7.5,9.9,2.6,11.4,34.6,0.0,77.0,89
2025-02-26,C.A. Segovia,Segovia,MIÉRCOLES,2,2025,89,5.1,11.3,-0.4,5.4,19.4,1.6,65.0,88
2025-02-27,C.A. Segovia,Segovia,JUEVES,2,2025,88,7.2,10.4,3.5,5.0,20.5,0.4,66.0,89
2025-02-28,C.A. Segovia,Segovia,VIERNES,2,2025,89,8.6,13.5,3.8,8.0,30.6,0.0,63.0,83
2025-03-01,C.A. Segovia,Segovia,SÁBADO,3,2025,83,5.1,7.6,3.1,8.6,29.5,3.4,86.0,72
2025-03-02,C.A. Segovia,Segovia,DOMINGO,3,2025,72,3.7,6.4,1.0,8.6,46.4,0.0,79.0,70
2025-03-03,C.A. Segovia,Segovia,LUNES,3,2025,70,7.0,9.0,5.2,15.2,36.7,3.6,77.0,92
2025-03-04,C.A. Segovia,Segovia,MARTES,3,2025,92,8.8,12.1,6.5,12.3,41.8,2.4,75.0,92
2025-03-05,C.A. Segovia,Segovia,MIÉRCOLES,3,2025,92,9.3,10.8,7.8,15.0,47.5,0.0,71.0,79
2025-03-06,C.A. Segovia,Segovia,JUEVES,3,2025,79,9.1,11.1,8.0,14.6,46.4,5.2,78.0,95
2025-03-07,C.A. Segovia,Segovia,VIERNES,3,2025,95,8.9,10.9,6.9,17.8,59.4,6.6,78.0,104
2025-03-08,C.A. Segovia,Segovia,SÁBADO,3,2025,104,7.3,9.3,5.0,22.8,91.8,7.0,76.0,75
2025-03-09,C.A. Segovia,Segovia,DOMINGO,3,2025,75,5.1,8.4,2.8,11.4,38.5,1.0,74.0,66
2025-03-10,C.A. Segovia,Segovia,LUNES,3,2025,66,6.3,11.1,2.0,10.6,47.2,0.0,72.0,91
2025-03-11,C.A. Segovia,Segovia,MARTES,3,2025,91,6.6,9.3,5.0,11.3,42.8,9.8,83.0,92
2025-03-12,C.A. Segovia,Segovia,MIÉRCOLES,3,2025,92,6.5,10.4,2.4,9.7,40.3,0.2,81.0,84
2025-03-13,C.A. Segovia,Segovia,JUEVES,3,2025,84,5.6,8.5,2.0,10.3,36.0,1.2,80.0,79
2025-03-14,C.A. Segovia,Segovia,VIERNES,3,2025,79,2.1,5.5,-0.6,8.0,37.8,0.0,73.0,104
2025-03-15,C.A. Segovia,Segovia,SÁBADO,3,2025,104,1.9,6.9,-2.8,6.7,29.2,0.2,73.0,68
2025-03-16,C.A. Segovia,Segovia,DOMINGO,3,2025,68,1.8,3.9,0.1,7.3,27.4,8.8,86.0,71
2025-03-17,C.A. Segovia,Segovia,LUNES,3,2025,71,6.4,11.9,0.7,10.1,37.8,0.0,72.0,94
2025-03-18,C.A. Segovia,Segovia,MARTES,3,2025,94,8.3,9.9,6.4,10.5,42.5,1.4,75.0,92
2025-03-19,C.A. Segovia,Segovia,MIÉRCOLES,3,2025,92,10.1,12.6,6.5,24.3,78.8,0.2,66.0,86
2025-03-20,C.A. Segovia,Segovia,JUEVES,3,2025,86,10.2,12.8,7.5,33.9,82.1,6.8,69.0,94
2025-03-21,C.A. Segovia,Segovia,VIERNES,3,2025,94,8.0,9.8,4.1,23.0,65.5,8.0,76.0,94
2025-03-22,C.A. Segovia,Segovia,SÁBADO,3,2025,94,4.4,7.9,0.1,18.3,45.4,10.0,82.0,87
2025-03-23,C.A. Segovia,Segovia,DOMINGO,3,2025,87,2.7,6.0,0.1,7.1,22.3,10.0,85.0,79
2025-03-24,C.A. Segovia,Segovia,LUNES,3,2025,79,4.2,8.6,1.8,7.5,42.5,9.4,89.0,112
2025-03-25,C.A. Segovia,Segovia,MARTES,3,2025,112,6.6,10.1,3.8,6.3,29.9,2.4,83.0,74
2025-03-26,C.A. Segovia,Segovia,MIÉRCOLES,3,2025,74,6.4,9.7,3.6,6.5,23.4,0.0,77.0,91
2025-03-27,C.A. Segovia,Segovia,JUEVES,3,2025,91,5.4,7.5,2.4,5.2,19.8,0.0,76.0,96
2025-03-28,C.A. Segovia,Segovia,VIERNES,3,2025,96,7.8,12.2,4.4,6.4,25.6,0.0,68.0,89
2025-03-29,C.A. Segovia,Segovia,SÁBADO,3,2025,89,7.0,11.5,3.0,10.8,41.0,0.0,65.0,71
2025-03-30,C.A. Segovia,Segovia,DOMINGO,3,2025,71,7.3,16.5,-0.8,6.2,29.2,0.0,62.0,70
2025-03-31,C.A. Segovia,Segovia,LUNES,3,2025,70,13.4,22.5,5.1,5.8,18.4,0.0,49.0,96
2025-04-01,C.A. Segovia,Segovia,MARTES,4,2025,96,14.5,20.8,8.8,7.1,26.6,0.0,45.0,110
2025-04-02,C.A. Segovia,Segovia,MIÉRCOLES,4,2025,110,11.9,17.9,7.2,11.4,47.2,0.0,66.0,94
2025-04-03,C.A. Segovia,Segovia,JUEVES,4,2025,94,8.8,10.5,6.9,15.9,53.6,4.2,75.0,91
2025-04-04,C.A. Segovia,Segovia,VIERNES,4,2025,91,10.2,11.8,8.5,19.4,68.0,3.0,74.0,101
2025-04-05,C.A. Segovia,Segovia,SÁBADO,4,2025,101,9.7,13.6,5.8,6.7,29.5,0.2,70.0,73
2025-04-06,C.A. Segovia,Segovia,DOMINGO,4,2025,73,11.0,15.7,6.8,5.3,25.2,0.0,71.0,81
2025-04-07,C.A. Segovia,Segovia,LUNES,4,2025,81,12.9,20.0,5.7,5.4,20.2,0.0,63.0,128
2025-04-08,C.A. Segovia,Segovia,MARTES,4,2025,128,15.4,21.9,8.6,8.3,25.6,0.0,50.0,115
2025-04-09,C.A. Segovia,Segovia,MIÉRCOLES,4,2025,115,16.8,22.4,9.8,7.3,25.6,0.0,41.0,83
2025-04-10,C.A. Segovia,Segovia,JUEVES,4,2025,83,16.2,20.5,11.2,19.8,55.1,0.0,45.0,86
2025-04-11,C.A. Segovia,Segovia,VIERNES,4,2025,86,13.3,15.2,11.3,19.3,61.6,1.4,56.0,86
2025-04-12,C.A. Segovia,Segovia,SÁBADO,4,2025,86,12.1,16.4,7.8,6.9,45.7,0.0,77.0,82
2025-04-13,C.A. Segovia,Segovia,DOMINGO,4,2025,82,12.0,15.1,10.0,7.1,27.0,5.2,81.0,80
2025-04-14,C.A. Segovia,Segovia,LUNES,4,2025,80,10.8,15.4,7.9,12.9,42.8,1.4,75.0,112
2025-04-15,C.A. Segovia,Segovia,MARTES,4,2025,112,5.2,8.5,2.4,16.2,46.1,4.6,84.0,77
2025-04-16,C.A. Segovia,Segovia,MIÉRCOLES,4,2025,77,4.0,7.5,1.0,12.4,40.0,4.0,87.0,78
2025-04-17,C.A. Segovia,Segovia,JUEVES,4,2025,78,8.7,13.1,3.3,8.3,27.7,0.0,78.0,81
2025-04-18,C.A. Segovia,Segovia,VIERNES,4,2025,81,11.5,15.5,7.0,17.4,58.7,2.8,74.0,76
2025-04-19,C.A. Segovia,Segovia,SÁBADO,4,2025,76,6.2,9.3,2.8,22.5,60.8,6.0,78.0,75
2025-04-20,C.A. Segovia,Segovia,DOMINGO,4,2025,75,6.8,11.5,3.3,10.9,46.4,4.8,82.0,76
2025-04-21,C.A. Segovia,Segovia,LUNES,4,2025,76,9.5,15.4,5.1,9.3,35.6,20.0,79.0,105
2025-04-22,C.A. Segovia,Segovia,MARTES,4,2025,105,9.9,13.3,7.4,5.5,23.0,1.2,80.0,103
2025-04-23,C.A. Segovia,Segovia,MIÉRCOLES,4,2025,103,12.1,18.5,4.8,5.4,22.7,0.0,65.0,69
2025-04-24,C.A. Segovia,Segovia,JUEVES,4,2025,69,15.6,22.7,8.3,7.2,23.0,0.0,59.0,106
2025-04-25,C.A. Segovia,Segovia,VIERNES,4,2025,106,15.3,22.4,11.2,9.3,58.7,15.0,68.0,98
2025-04-26,C.A. Segovia,Segovia,SÁBADO,4,2025,98,11.6,15.7,7.6,9.4,25.9,0.0,69.0,72
2025-04-27,C.A. Segovia,Segovia,DOMINGO,4,2025,72,10.3,16.7,3.0,7.0,24.1,0.0,70.0,72
2025-04-28,C.A. Segovia,Segovia,LUNES,4,2025,72,14.1,20.5,7.3,13.2,37.4,0.0,56.0,96
2025-04-29,C.A. Segovia,Segovia,MARTES,4,2025,96,13.1,15.7,11.9,28.4,54.7,0.0,54.0,89
2025-04-30,C.A. Segovia,Segovia,MIÉRCOLES,4,2025,89,0.0,0.0,0.0,0.0,0.0,0.0,0.0,97
2025-06-01,C.A. Segovia,Segovia,DOMINGO,6,2025,97,24.5,29.6,20.1,16.4,45.7,0.0,37.0,75
2025-06-02,C.A. Segovia,Segovia,LUNES,6,2025,75,20.8,27.3,14.1,10.4,39.2,0.0,58.0,133
2025-06-03,C.A. Segovia,Segovia,MARTES,6,2025,133,15.7,19.3,12.2,10.1,33.1,9.8,81.0,90
2025-06-04,C.A. Segovia,Segovia,MIÉRCOLES,6,2025,90,15.6,21.0,11.1,8.7,25.9,0.8,73.0,116
2025-06-05,C.A. Segovia,Segovia,JUEVES,6,2025,116,17.5,24.6,9.6,7.7,25.2,0.0,59.0,96
2025-06-06,C.A. Segovia,Segovia,VIERNES,6,2025,96,18.9,25.9,10.9,6.4,27.7,0.0,58.0,74
2025-06-07,C.A. Segovia,Segovia,SÁBADO,6,2025,74,19.5,27.3,11.7,7.2,32.0,0.0,55.0,76
2025-06-08,C.A. Segovia,Segovia,DOMINGO,6,2025,76,21.2,29.2,12.7,6.8,23.8,0.0,50.0,85
2025-06-09,C.A. Segovia,Segovia,LUNES,6,2025,85,23.5,33.6,15.0,8.0,38.9,0.6,40.0,96
2025-06-10,C.A. Segovia,Segovia,MARTES,6,2025,96,28.0,34.2,21.6,16.1,69.1,0.0,30.0,94
2025-06-11,C.A. Segovia,Segovia,MIÉRCOLES,6,2025,94,21.7,26.0,17.0,16.8,78.1,8.6,57.0,87
2025-06-12,C.A. Segovia,Segovia,JUEVES,6,2025,87,19.4,27.2,11.4,7.8,27.4,0.0,57.0,104
2025-06-13,C.A. Segovia,Segovia,VIERNES,6,2025,104,21.1,29.0,12.8,10.5,40.0,0.0,44.0,93
2025-06-14,C.A. Segovia,Segovia,SÁBADO,6,2025,93,22.3,31.1,13.4,8.7,39.6,0.0,45.0,79
2025-06-15,C.A. Segovia,Segovia,DOMINGO,6,2025,79,21.6,30.5,13.2,7.4,39.2,0.0,49.0,75
2025-06-16,C.A. Segovia,Segovia,LUNES,6,2025,75,23.6,34.0,13.4,6.0,24.8,0.0,52.0,126
2025-06-17,C.A. Segovia,Segovia,MARTES,6,2025,126,26.6,34.3,19.2,7.5,44.6,0.0,38.0,84
2025-06-18,C.A. Segovia,Segovia,MIÉRCOLES,6,2025,84,27.8,35.2,20.0,9.4,40.7,0.0,31.0,95
2025-06-19,C.A. Segovia,Segovia,JUEVES,6,2025,95,24.5,32.2,19.0,9.0,71.6,2.2,38.0,93
2025-06-20,C.A. Segovia,Segovia,VIERNES,6,2025,93,25.2,34.2,19.1,9.6,46.1,0.4,39.0,114
2025-06-21,C.A. Segovia,Segovia,SÁBADO,6,2025,114,28.7,34.3,22.5,13.3,44.3,0.0,29.0,76
2025-06-22,C.A. Segovia,Segovia,DOMINGO,6,2025,76,26.5,32.0,21.0,12.9,43.6,2.4,36.0,79
2025-06-23,C.A. Segovia,Segovia,LUNES,6,2025,79,27.9,33.1,22.1,11.3,52.9,0.0,32.0,96
2025-06-24,C.A. Segovia,Segovia,MARTES,6,2025,96,21.3,29.2,15.3,11.4,54.7,4.2,63.0,95
2025-06-25,C.A. Segovia,Segovia,MIÉRCOLES,6,2025,95,20.6,26.6,15.4,11.6,41.4,5.8,59.0,89
2025-06-26,C.A. Segovia,Segovia,JUEVES,6,2025,89,21.9,30.6,12.6,6.1,24.8,0.0,48.0,92
2025-06-27,C.A. Segovia,Segovia,VIERNES,6,2025,92,25.9,33.9,16.9,6.8,28.8,0.0,35.0,90
2025-06-28,C.A. Segovia,Segovia,SÁBADO,6,2025,90,28.0,35.3,18.2,7.0,27.0,0.0,25.0,71
2025-06-29,C.A. Segovia,Segovia,DOMINGO,6,2025,71,28.6,36.1,20.0,8.0,28.8,0.0,23.0,78
2025-06-30,C.A. Segovia,Segovia,LUNES,6,2025,78,26.6,32.2,21.4,11.8,57.2,0.0,30.0,109
2025-07-01,C.A. Segovia,Segovia,MARTES,7,2025,109,27.3,34.5,19.2,9.2,38.2,0.0,30.0,101
2025-07-02,C.A. Segovia,Segovia,MIÉRCOLES,7,2025,101,26.3,32.3,22.0,12.3,56.5,20.0,37.0,96
2025-07-03,C.A. Segovia,Segovia,JUEVES,7,2025,96,26.7,33.8,20.5,12.3,50.4,0.0,39.0,114
2025-07-04,C.A. Segovia,Segovia,VIERNES,7,2025,114,27.9,34.1,21.9,15.9,54.4,0.0,32.0,105
2025-07-05,C.A. Segovia,Segovia,SÁBADO,7,2025,105,24.0,30.8,19.3,9.8,61.9,2.2,46.0,79
2025-07-06,C.A. Segovia,Segovia,DOMINGO,7,2025,79,24.3,30.7,17.0,8.7,34.6,0.0,44.0,81
2025-07-07,C.A. Segovia,Segovia,LUNES,7,2025,81,22.0,29.6,14.7,9.3,36.7,0.0,50.0,85
2025-07-08,C.A. Segovia,Segovia,MARTES,7,2025,85,21.6,31.2,10.7,7.4,28.8,0.0,49.0,84
2025-07-09,C.A. Segovia,Segovia,MIÉRCOLES,7,2025,84,25.0,33.7,16.5,9.3,55.4,0.2,41.0,91
2025-07-10,C.A. Segovia,Segovia,JUEVES,7,2025,91,26.1,32.6,17.8,8.7,31.3,0.0,33.0,110
2025-07-11,C.A. Segovia,Segovia,VIERNES,7,2025,110,24.0,29.7,16.9,10.7,37.4,0.0,33.0,82
2025-07-12,C.A. Segovia,Segovia,SÁBADO,7,2025,82,20.6,28.3,14.3,9.0,33.1,0.2,54.0,84
2025-07-13,C.A. Segovia,Segovia,DOMINGO,7,2025,84,22.4,30.2,15.8,7.6,28.1,0.0,51.0,77
2025-07-14,C.A. Segovia,Segovia,LUNES,7,2025,77,24.8,32.6,16.4,8.0,35.6,0.0,37.0,79
2025-07-15,C.A. Segovia,Segovia,MARTES,7,2025,79,24.7,32.2,16.0,6.9,27.7,0.0,36.0,109
2025-07-16,C.A. Segovia,Segovia,MIÉRCOLES,7,2025,109,27.9,35.9,17.5,8.3,38.5,0.0,23.0,95
2025-07-17,C.A. Segovia,Segovia,JUEVES,7,2025,95,28.3,35.9,19.2,11.6,37.8,0.0,22.0,86
2025-07-18,C.A. Segovia,Segovia,VIERNES,7,2025,86,23.2,30.0,16.3,9.6,34.9,0.0,36.0,106
2025-07-19,C.A. Segovia,Segovia,SÁBADO,7,2025,106,20.0,27.2,14.5,10.5,32.8,0.0,51.0,68
2025-07-20,C.A. Segovia,Segovia,DOMINGO,7,2025,68,19.9,26.0,13.9,11.7,42.8,0.0,50.0,84
2025-07-21,C.A. Segovia,Segovia,LUNES,7,2025,84,18.9,27.3,9.9,6.9,23.0,0.0,39.0,93
2025-07-22,C.A. Segovia,Segovia,MARTES,7,2025,93,22.5,30.5,13.7,7.5,31.7,0.0,28.0,108
2025-07-23,C.A. Segovia,Segovia,MIÉRCOLES,7,2025,108,22.2,28.7,17.8,8.5,40.3,0.0,44.0,104
2025-07-24,C.A. Segovia,Segovia,JUEVES,7,2025,104,17.8,25.0,9.7,10.5,49.7,0.0,50.0,85
2025-07-25,C.A. Segovia,Segovia,VIERNES,7,2025,85,18.0,26.5,8.6,9.3,32.8,0.0,46.0,83
2025-07-26,C.A. Segovia,Segovia,SÁBADO,7,2025,83,20.2,28.7,10.8,7.9,27.4,0.0,37.0,82
2025-07-27,C.A. Segovia,Segovia,DOMINGO,7,2025,82,24.0,31.5,15.0,8.7,34.6,0.0,29.0,82
2025-07-28,C.A. Segovia,Segovia,LUNES,7,2025,82,20.9,27.3,13.9,9.8,36.7,0.0,42.0,120
2025-07-29,C.A. Segovia,Segovia,MARTES,7,2025,120,18.5,27.6,9.8,8.3,33.8,0.0,51.0,89
2025-07-30,C.A. Segovia,Segovia,MIÉRCOLES,7,2025,89,20.6,29.9,10.8,6.5,23.0,0.0,45.0,89
2025-07-31,C.A. Segovia,Segovia,JUEVES,7,2025,89,23.8,32.2,15.0,7.1,32.8,0.0,33.0,89
2025-08-01,C.A. Segovia,Segovia,VIERNES,8,2025,89,24.7,32.1,16.8,8.3,40.3,0.0,33.0,99
2025-08-02,C.A. Segovia,Segovia,SÁBADO,8,2025,99,25.3,32.2,18.5,9.0,38.5,0.0,38.0,79
2025-08-03,C.A. Segovia,Segovia,DOMINGO,8,2025,79,26.3,33.8,18.5,7.9,31.3,0.0,32.0,74
2025-08-04,C.A. Segovia,Segovia,LUNES,8,2025,74,28.3,35.6,20.4,7.2,43.9,0.0,25.0,108
2025-08-05,C.A. Segovia,Segovia,MARTES,8,2025,108,28.9,36.6,20.8,8.6,34.6,0.0,25.0,103
2025-08-06,C.A. Segovia,Segovia,MIÉRCOLES,8,2025,103,27.1,33.9,19.2,7.6,34.9,0.0,33.0,102
2025-08-07,C.A. Segovia,Segovia,JUEVES,8,2025,102,28.4,36.9,20.4,7.4,32.4,0.0,24.0,119
2025-08-08,C.A. Segovia,Segovia,VIERNES,8,2025,119,29.0,36.9,21.1,9.4,40.7,0.0,19.0,84
2025-08-09,C.A. Segovia,Segovia,SÁBADO,8,2025,84,29.2,37.1,19.4,7.9,31.7,0.0,23.0,78
2025-08-10,C.A. Segovia,Segovia,DOMINGO,8,2025,78,31.0,35.6,26.9,19.5,47.5,0.0,19.0,75
2025-08-11,C.A. Segovia,Segovia,LUNES,8,2025,75,28.7,36.4,24.0,10.6,51.5,0.4,26.0,86
2025-08-12,C.A. Segovia,Segovia,MARTES,8,2025,86,27.8,36.7,22.8,9.7,55.8,0.0,27.0,111
2025-08-13,C.A. Segovia,Segovia,MIÉRCOLES,8,2025,111,26.1,31.7,21.1,9.7,52.6,0.0,32.0,104
2025-08-14,C.A. Segovia,Segovia,JUEVES,8,2025,104,29.2,34.8,22.4,11.8,40.3,0.0,25.0,86
2025-08-15,C.A. Segovia,Segovia,VIERNES,8,2025,86,30.5,36.1,25.1,12.8,39.2,0.0,21.0,92
2025-08-16,C.A. Segovia,Segovia,SÁBADO,8,2025,92,30.0,37.1,21.9,7.1,27.4,0.0,17.0,92
2025-08-17,C.A. Segovia,Segovia,DOMINGO,8,2025,92,28.6,37.5,23.6,13.2,70.6,0.2,24.0,95
2025-08-18,C.A. Segovia,Segovia,LUNES,8,2025,95,22.9,25.9,19.7,5.5,17.3,0.0,34.0,94
2025-08-19,C.A. Segovia,Segovia,MARTES,8,2025,94,19.8,26.3,13.6,8.2,26.3,0.0,52.0,89
2025-08-20,C.A. Segovia,Segovia,MIÉRCOLES,8,2025,89,18.0,23.7,12.6,8.0,27.4,0.0,51.0,87
2025-08-21,C.A. Segovia,Segovia,JUEVES,8,2025,87,18.5,24.9,11.2,7.8,25.6,0.0,47.0,99
2025-08-22,C.A. Segovia,Segovia,VIERNES,8,2025,99,19.8,27.0,12.7,6.7,22.7,0.0,43.0,102
2025-08-23,C.A. Segovia,Segovia,SÁBADO,8,2025,102,22.7,31.1,13.9,6.4,26.6,0.0,31.0,86
2025-08-24,C.A. Segovia,Segovia,DOMINGO,8,2025,86,24.6,31.5,17.5,9.2,46.1,0.0,28.0,62
2025-08-25,C.A. Segovia,Segovia,LUNES,8,2025,62,24.8,31.6,18.7,12.2,48.6,0.0,30.0,113
2025-08-26,C.A. Segovia,Segovia,MARTES,8,2025,113,24.5,30.3,19.3,7.0,49.3,0.8,44.0,102
2025-08-27,C.A. Segovia,Segovia,MIÉRCOLES,8,2025,102,22.4,28.0,18.1,10.0,37.1,0.0,40.0,98
2025-08-28,C.A. Segovia,Segovia,JUEVES,8,2025,98,16.7,21.9,12.9,9.4,30.6,0.0,50.0,61
2025-08-29,C.A. Segovia,Segovia,VIERNES,8,2025,61,17.2,23.2,11.9,13.3,40.7,0.0,54.0,81
2025-08-30,C.A. Segovia,Segovia,SÁBADO,8,2025,81,20.4,28.4,14.0,9.4,30.6,0.0,53.0,85
2025-08-31,C.A. Segovia,Segovia,DOMINGO,8,2025,85,18.3,23.1,13.3,10.5,38.9,0.0,51.0,83
2024-01-01,C.A. Soria,Soria,LUNES,1,2024,40,4.1,9.0,1.1,8.7,16.5,0.0,68.0,40
2024-01-02,C.A. Soria,Soria,MARTES,1,2024,40,4.8,9.6,2.1,9.1,16.5,0.0,81.0,50
2024-01-03,C.A. Soria,Soria,MIÉRCOLES,1,2024,50,8.8,11.1,4.3,12.0,20.6,11.43,91.0,45
2024-01-04,C.A. Soria,Soria,JUEVES,1,2024,45,5.5,8.8,2.9,6.3,11.1,2.54,91.0,49
2024-01-05,C.A. Soria,Soria,VIERNES,1,2024,49,3.6,8.2,0.2,8.5,14.8,7.62,81.0,28
2024-01-06,C.A. Soria,Soria,SÁBADO,1,2024,28,2.4,7.2,-0.1,9.6,16.5,1.27,77.0,34
2024-01-07,C.A. Soria,Soria,DOMINGO,1,2024,34,2.0,6.0,0.3,5.7,9.4,0.25,76.0,20
2024-01-08,C.A. Soria,Soria,LUNES,1,2024,20,1.3,6.6,-1.8,5.6,13.0,0.0,70.0,35
2024-01-09,C.A. Soria,Soria,MARTES,1,2024,35,2.2,5.9,-1.5,4.4,9.4,0.0,80.0,41
2024-01-10,C.A. Soria,Soria,MIÉRCOLES,1,2024,41,2.7,4.3,0.7,7.2,13.0,0.0,94.0,39
2024-01-11,C.A. Soria,Soria,JUEVES,1,2024,39,-0.1,5.4,-3.7,5.6,14.8,1.52,77.0,35
2024-01-12,C.A. Soria,Soria,VIERNES,1,2024,35,-1.7,6.9,-6.9,2.8,7.6,0.0,82.0,45
2024-01-13,C.A. Soria,Soria,SÁBADO,1,2024,45,2.6,9.6,-3.8,4.4,11.1,0.0,78.0,30
2024-01-14,C.A. Soria,Soria,DOMINGO,1,2024,30,7.4,8.7,3.1,12.0,20.6,0.0,93.0,33
2024-01-15,C.A. Soria,Soria,LUNES,1,2024,33,9.7,12.6,7.7,7.8,14.8,5.59,96.0,49
2024-01-16,C.A. Soria,Soria,MARTES,1,2024,49,10.1,12.6,8.3,11.5,20.6,7.11,93.0,48
2024-01-17,C.A. Soria,Soria,MIÉRCOLES,1,2024,48,8.7,10.8,6.2,23.0,35.2,2.54,87.0,35
2024-01-18,C.A. Soria,Soria,JUEVES,1,2024,35,8.2,11.6,5.0,20.4,33.5,3.81,79.0,43
2024-01-19,C.A. Soria,Soria,VIERNES,1,2024,43,0.2,4.4,-2.8,10.7,16.5,4.32,95.0,37
2024-01-20,C.A. Soria,Soria,SÁBADO,1,2024,37,-2.7,3.6,-7.2,4.3,11.1,18.03,87.0,32
2024-01-21,C.A. Soria,Soria,DOMINGO,1,2024,32,-0.4,8.1,-9.0,4.4,13.0,2.54,86.0,26
2024-01-22,C.A. Soria,Soria,LUNES,1,2024,26,7.2,11.7,0.6,16.3,25.9,0.0,83.0,44
2024-01-23,C.A. Soria,Soria,MARTES,1,2024,44,9.0,16.3,4.1,5.4,13.0,0.0,87.0,41
2024-01-24,C.A. Soria,Soria,MIÉRCOLES,1,2024,41,9.1,20.6,0.1,2.6,7.6,0.0,79.0,46
2024-01-25,C.A. Soria,Soria,JUEVES,1,2024,46,9.0,20.5,0.9,3.1,11.1,0.0,73.0,43
2024-01-26,C.A. Soria,Soria,VIERNES,1,2024,43,8.4,19.1,1.0,2.4,7.6,0.0,64.0,43
2024-01-27,C.A. Soria,Soria,SÁBADO,1,2024,43,8.4,18.7,1.3,2.0,5.4,0.0,70.0,32
2024-01-28,C.A. Soria,Soria,DOMINGO,1,2024,32,8.3,18.7,1.8,2.8,7.6,0.0,70.0,37
2024-01-29,C.A. Soria,Soria,LUNES,1,2024,37,7.4,14.9,1.8,2.4,7.6,0.0,73.0,44
2024-01-30,C.A. Soria,Soria,MARTES,1,2024,44,5.7,12.0,2.4,4.1,11.1,0.0,91.0,39
2024-01-31,C.A. Soria,Soria,MIÉRCOLES,1,2024,39,7.5,15.8,2.0,4.6,9.4,0.0,70.0,36
2024-02-01,C.A. Soria,Soria,JUEVES,2,2024,36,10.3,16.6,5.7,7.6,16.5,0.0,51.0,38
2024-02-02,C.A. Soria,Soria,VIERNES,2,2024,38,9.5,16.6,3.6,8.0,20.6,0.0,64.0,35
2024-02-03,C.A. Soria,Soria,SÁBADO,2,2024,35,7.2,18.4,-0.5,2.4,5.4,0.0,66.0,35
2024-02-04,C.A. Soria,Soria,DOMINGO,2,2024,35,7.8,19.3,-0.8,2.8,7.6,0.0,56.0,30
2024-02-05,C.A. Soria,Soria,LUNES,2,2024,30,7.9,17.3,-0.3,3.9,11.1,0.0,61.0,42
2024-02-06,C.A. Soria,Soria,MARTES,2,2024,42,8.2,16.5,2.5,5.2,13.0,0.0,70.0,21
2024-02-07,C.A. Soria,Soria,MIÉRCOLES,2,2024,21,6.6,9.3,3.1,13.7,22.2,0.0,85.0,42
2024-02-08,C.A. Soria,Soria,JUEVES,2,2024,42,7.1,10.3,5.2,16.3,27.8,0.0,85.0,28
2024-02-09,C.A. Soria,Soria,VIERNES,2,2024,28,7.4,10.0,5.9,15.6,22.2,6.1,93.0,37
2024-02-10,C.A. Soria,Soria,SÁBADO,2,2024,37,3.8,6.1,1.8,16.9,25.9,9.91,86.0,37
2024-02-11,C.A. Soria,Soria,DOMINGO,2,2024,37,3.1,7.5,1.0,13.1,22.2,1.52,82.0,38
2024-02-12,C.A. Soria,Soria,LUNES,2,2024,38,8.4,14.1,3.5,14.3,27.8,1.52,75.0,41
2024-02-13,C.A. Soria,Soria,MARTES,2,2024,41,9.5,12.8,6.0,11.3,18.3,0.25,83.0,32
2024-02-14,C.A. Soria,Soria,MIÉRCOLES,2,2024,32,9.4,13.6,5.4,3.7,7.6,0.0,92.0,41
2024-02-15,C.A. Soria,Soria,JUEVES,2,2024,41,8.7,12.0,5.1,3.9,11.1,0.0,93.0,43
2024-02-16,C.A. Soria,Soria,VIERNES,2,2024,43,8.2,13.8,3.4,6.9,14.8,0.0,75.0,55
2024-02-17,C.A. Soria,Soria,SÁBADO,2,2024,55,7.0,15.5,0.5,5.7,14.8,0.0,53.0,25
2024-02-18,C.A. Soria,Soria,DOMINGO,2,2024,25,7.4,18.4,-1.0,3.9,9.4,0.0,64.0,43
2024-02-19,C.A. Soria,Soria,LUNES,2,2024,43,10.8,15.9,6.8,12.2,20.6,0.0,53.0,48
2024-02-20,C.A. Soria,Soria,MARTES,2,2024,48,9.1,19.9,0.5,4.4,13.0,0.0,36.0,30
2024-02-21,C.A. Soria,Soria,MIÉRCOLES,2,2024,30,7.6,13.7,-0.4,6.1,16.5,0.0,59.0,43
2024-02-22,C.A. Soria,Soria,JUEVES,2,2024,43,8.3,11.9,4.0,17.0,33.5,0.0,73.0,34
2024-02-23,C.A. Soria,Soria,VIERNES,2,2024,34,2.6,7.1,0.4,19.3,31.7,5.08,79.0,28
2024-02-24,C.A. Soria,Soria,SÁBADO,2,2024,28,3.0,7.8,0.3,17.6,22.2,3.3,75.0,23
2024-02-25,C.A. Soria,Soria,DOMINGO,2,2024,23,6.0,8.9,0.7,23.0,33.5,6.35,93.0,22
2024-02-26,C.A. Soria,Soria,LUNES,2,2024,22,4.6,8.1,2.2,14.6,22.2,11.68,80.0,42
2024-02-27,C.A. Soria,Soria,MARTES,2,2024,42,3.7,8.4,1.8,13.5,24.1,0.51,66.0,37
2024-02-28,C.A. Soria,Soria,MIÉRCOLES,2,2024,37,5.1,9.4,1.8,11.5,18.3,0.0,71.0,32
2024-02-29,C.A. Soria,Soria,JUEVES,2,2024,32,3.6,10.6,-1.5,10.6,27.8,0.0,81.0,35
2024-03-01,C.A. Soria,Soria,VIERNES,3,2024,35,2.6,7.2,-1.5,17.0,24.1,1.52,79.0,35
2024-03-02,C.A. Soria,Soria,SÁBADO,3,2024,35,3.4,5.2,0.7,17.4,25.9,0.51,91.0,23
2024-03-03,C.A. Soria,Soria,DOMINGO,3,2024,23,1.4,6.7,-1.6,15.2,27.8,17.53,79.0,46
2024-03-04,C.A. Soria,Soria,LUNES,3,2024,46,5.3,10.5,0.6,12.6,20.6,0.51,86.0,40
2024-03-05,C.A. Soria,Soria,MARTES,3,2024,40,5.6,10.7,1.9,11.5,22.2,0.0,62.0,47
2024-03-06,C.A. Soria,Soria,MIÉRCOLES,3,2024,47,4.9,14.2,-3.7,5.0,11.1,0.0,60.0,49
2024-03-07,C.A. Soria,Soria,JUEVES,3,2024,49,5.2,10.4,-0.5,9.3,20.6,0.0,73.0,37
2024-03-08,C.A. Soria,Soria,VIERNES,3,2024,37,3.7,9.4,1.2,17.2,31.7,1.78,83.0,42
2024-03-09,C.A. Soria,Soria,SÁBADO,3,2024,42,2.6,5.1,0.3,12.4,29.4,9.4,90.0,33
2024-03-10,C.A. Soria,Soria,DOMINGO,3,2024,33,3.7,8.6,0.2,13.3,24.1,2.29,91.0,33
2024-03-11,C.A. Soria,Soria,LUNES,3,2024,33,6.0,11.9,2.8,16.7,22.2,4.83,70.0,48
2024-03-12,C.A. Soria,Soria,MARTES,3,2024,48,0.0,0.0,0.0,0.0,0.0,0.0,0.0,42
2024-03-13,C.A. Soria,Soria,MIÉRCOLES,3,2024,42,7.9,19.6,-0.7,3.1,5.4,0.0,60.0,42
2024-03-14,C.A. Soria,Soria,JUEVES,3,2024,42,12.4,17.3,4.0,9.1,16.5,0.0,62.0,30
2024-03-15,C.A. Soria,Soria,VIERNES,3,2024,30,9.8,13.1,6.7,9.1,14.8,0.0,82.0,42
2024-03-16,C.A. Soria,Soria,SÁBADO,3,2024,42,11.0,19.6,3.4,5.2,13.0,0.0,70.0,35
2024-03-17,C.A. Soria,Soria,DOMINGO,3,2024,35,13.3,18.7,8.7,5.2,11.1,0.0,66.0,30
2024-03-18,C.A. Soria,Soria,LUNES,3,2024,30,13.5,21.3,5.9,5.0,14.8,0.0,60.0,41
2024-03-19,C.A. Soria,Soria,MARTES,3,2024,41,14.0,23.3,5.7,4.3,13.0,0.0,54.0,28
2024-03-20,C.A. Soria,Soria,MIÉRCOLES,3,2024,28,13.8,22.5,6.6,8.3,31.7,0.0,56.0,31
2024-03-21,C.A. Soria,Soria,JUEVES,3,2024,31,13.2,20.6,8.3,7.8,14.8,5.59,69.0,41
2024-03-22,C.A. Soria,Soria,VIERNES,3,2024,41,15.2,25.5,6.1,4.3,11.1,0.0,52.0,46
2024-03-23,C.A. Soria,Soria,SÁBADO,3,2024,46,13.1,20.2,7.5,11.3,20.6,0.0,60.0,36
2024-03-24,C.A. Soria,Soria,DOMINGO,3,2024,36,10.1,18.1,2.6,5.9,13.0,0.0,47.0,29
2024-03-25,C.A. Soria,Soria,LUNES,3,2024,29,8.3,12.6,4.8,7.2,16.5,0.0,79.0,39
2024-03-26,C.A. Soria,Soria,MARTES,3,2024,39,4.2,7.8,1.2,15.6,22.2,8.89,70.0,35
2024-03-27,C.A. Soria,Soria,MIÉRCOLES,3,2024,35,5.8,11.8,1.0,21.7,33.5,0.25,76.0,28
2024-03-28,C.A. Soria,Soria,JUEVES,3,2024,28,0.0,0.0,0.0,0.0,0.0,0.0,0.0,30
2024-03-29,C.A. Soria,Soria,VIERNES,3,2024,30,0.0,0.0,0.0,0.0,0.0,0.0,0.0,33
2024-03-30,C.A. Soria,Soria,SÁBADO,3,2024,33,0.0,0.0,0.0,0.0,0.0,0.0,0.0,24
2024-03-31,C.A. Soria,Soria,DOMINGO,3,2024,24,0.0,0.0,0.0,0.0,0.0,0.0,0.0,30
2024-04-01,C.A. Soria,Soria,LUNES,4,2024,30,3.9,9.8,3.0,10.6,16.5,0.0,87.0,42
2024-04-02,C.A. Soria,Soria,MARTES,4,2024,42,3.2,6.4,1.1,10.0,18.3,0.0,90.0,36
2024-04-03,C.A. Soria,Soria,MIÉRCOLES,4,2024,36,10.4,15.8,6.1,11.9,20.6,2.54,70.0,22
2024-04-04,C.A. Soria,Soria,JUEVES,4,2024,22,12.0,19.3,5.3,8.7,14.8,1.27,61.0,30
2024-04-05,C.A. Soria,Soria,VIERNES,4,2024,30,13.8,20.9,4.9,8.3,20.6,0.0,52.0,31
2024-04-06,C.A. Soria,Soria,SÁBADO,4,2024,31,12.9,14.0,11.8,8.3,9.4,0.0,49.0,39
2024-04-07,C.A. Soria,Soria,DOMINGO,4,2024,39,14.7,20.2,9.6,7.2,24.1,0.0,62.0,39
2024-04-08,C.A. Soria,Soria,LUNES,4,2024,39,10.4,18.3,3.0,11.7,27.8,0.0,69.0,34
2024-04-09,C.A. Soria,Soria,MARTES,4,2024,34,6.5,13.1,1.2,8.0,13.0,4.06,60.0,32
2024-04-10,C.A. Soria,Soria,MIÉRCOLES,4,2024,32,9.1,17.2,0.8,6.9,16.5,0.0,57.0,34
2024-04-11,C.A. Soria,Soria,JUEVES,4,2024,34,15.0,21.2,8.7,13.1,20.6,0.0,46.0,29
2024-04-12,C.A. Soria,Soria,VIERNES,4,2024,29,15.9,25.0,5.4,4.3,11.1,0.0,44.0,44
2024-04-13,C.A. Soria,Soria,SÁBADO,4,2024,44,17.1,26.8,6.1,3.7,9.4,0.0,45.0,31
2024-04-14,C.A. Soria,Soria,DOMINGO,4,2024,31,17.7,27.0,7.6,4.6,9.4,0.0,44.0,36
2024-04-15,C.A. Soria,Soria,LUNES,4,2024,36,15.3,22.2,8.1,7.0,16.5,0.0,56.0,39
2024-04-16,C.A. Soria,Soria,MARTES,4,2024,39,10.4,17.0,4.9,9.6,18.3,0.0,55.0,41
2024-04-17,C.A. Soria,Soria,MIÉRCOLES,4,2024,41,8.4,14.9,3.9,13.1,22.2,0.0,58.0,41
2024-04-18,C.A. Soria,Soria,JUEVES,4,2024,41,7.2,12.8,1.3,11.9,22.2,0.0,59.0,43
2024-04-19,C.A. Soria,Soria,VIERNES,4,2024,43,9.9,21.1,-0.5,5.4,9.4,0.0,43.0,39
2024-04-20,C.A. Soria,Soria,SÁBADO,4,2024,39,11.8,18.8,2.7,12.6,22.2,0.0,36.0,26
2024-04-21,C.A. Soria,Soria,DOMINGO,4,2024,26,10.3,19.3,3.2,12.8,25.9,0.0,35.0,35
2024-04-22,C.A. Soria,Soria,LUNES,4,2024,35,5.8,11.5,1.3,15.7,24.1,0.0,42.0,44
2024-04-23,C.A. Soria,Soria,MARTES,4,2024,44,5.1,11.6,0.8,7.8,13.0,0.0,60.0,42
2024-04-24,C.A. Soria,Soria,MIÉRCOLES,4,2024,42,6.7,15.3,-0.3,7.6,14.8,0.0,53.0,43
2024-04-25,C.A. Soria,Soria,JUEVES,4,2024,43,7.2,12.2,2.8,5.4,11.1,0.0,67.0,52
2024-04-26,C.A. Soria,Soria,VIERNES,4,2024,52,8.7,14.3,3.2,7.6,16.5,0.0,65.0,39
2024-04-27,C.A. Soria,Soria,SÁBADO,4,2024,39,7.3,11.7,5.2,12.2,27.8,1.52,83.0,25
2024-04-28,C.A. Soria,Soria,DOMINGO,4,2024,25,8.6,15.8,3.2,5.7,11.1,5.08,62.0,30
2024-04-29,C.A. Soria,Soria,LUNES,4,2024,30,9.1,15.7,2.8,5.6,14.8,0.0,65.0,35
2024-04-30,C.A. Soria,Soria,MARTES,4,2024,35,9.8,16.4,0.9,8.7,16.5,0.25,58.0,38
2024-05-01,C.A. Soria,Soria,MIÉRCOLES,5,2024,38,0.0,0.0,0.0,0.0,0.0,0.0,0.0,34
2024-05-02,C.A. Soria,Soria,JUEVES,5,2024,34,6.1,11.8,1.3,10.6,18.3,0.51,66.0,31
2024-05-03,C.A. Soria,Soria,VIERNES,5,2024,31,9.6,15.4,3.9,13.1,18.3,0.0,57.0,54
2024-05-04,C.A. Soria,Soria,SÁBADO,5,2024,54,14.1,21.8,8.9,15.0,25.9,0.0,55.0,35
2024-05-05,C.A. Soria,Soria,DOMINGO,5,2024,35,12.7,18.3,9.8,10.7,22.2,0.0,77.0,34
2024-05-06,C.A. Soria,Soria,LUNES,5,2024,34,11.1,15.5,6.9,9.6,16.5,9.4,72.0,45
2024-05-07,C.A. Soria,Soria,MARTES,5,2024,45,9.5,15.1,3.9,10.2,20.6,0.25,62.0,37
2024-05-08,C.A. Soria,Soria,MIÉRCOLES,5,2024,37,12.2,21.7,5.6,6.5,13.0,0.0,52.0,39
2024-05-09,C.A. Soria,Soria,JUEVES,5,2024,39,15.6,25.1,3.3,4.8,11.1,0.0,43.0,41
2024-05-10,C.A. Soria,Soria,VIERNES,5,2024,41,17.9,26.7,8.0,4.6,9.4,0.0,41.0,45
2024-05-11,C.A. Soria,Soria,SÁBADO,5,2024,45,17.6,25.4,8.9,7.0,18.3,0.0,48.0,29
2024-05-12,C.A. Soria,Soria,DOMINGO,5,2024,29,18.0,24.5,11.0,5.9,13.0,0.25,51.0,36
2024-05-13,C.A. Soria,Soria,LUNES,5,2024,36,16.3,23.2,8.4,7.6,14.8,0.0,60.0,55
2024-05-14,C.A. Soria,Soria,MARTES,5,2024,55,10.4,15.2,6.5,12.6,18.3,13.72,70.0,41
2024-05-15,C.A. Soria,Soria,MIÉRCOLES,5,2024,41,8.9,14.5,4.3,10.7,18.3,0.51,59.0,55
2024-05-16,C.A. Soria,Soria,JUEVES,5,2024,55,9.7,13.0,4.7,10.7,20.6,0.0,59.0,32
2024-05-17,C.A. Soria,Soria,VIERNES,5,2024,32,11.0,16.8,6.4,8.0,16.5,1.78,67.0,45
2024-05-18,C.A. Soria,Soria,SÁBADO,5,2024,45,10.6,17.2,3.8,6.1,18.3,0.76,66.0,31
2024-05-19,C.A. Soria,Soria,DOMINGO,5,2024,31,10.2,14.5,7.1,5.7,13.0,0.51,73.0,29
2024-05-20,C.A. Soria,Soria,LUNES,5,2024,29,10.8,17.0,4.1,6.3,14.8,0.51,62.0,37
2024-05-21,C.A. Soria,Soria,MARTES,5,2024,37,10.8,16.5,6.0,7.4,16.5,0.0,69.0,43
2024-05-22,C.A. Soria,Soria,MIÉRCOLES,5,2024,43,11.4,17.8,6.4,9.3,18.3,0.0,61.0,40
2024-05-23,C.A. Soria,Soria,JUEVES,5,2024,40,11.6,20.6,4.4,7.8,14.8,0.0,59.0,38
2024-05-24,C.A. Soria,Soria,VIERNES,5,2024,38,14.1,22.9,7.0,7.6,13.0,0.0,50.0,42
2024-05-25,C.A. Soria,Soria,SÁBADO,5,2024,42,16.7,25.6,6.2,8.0,16.5,0.0,39.0,35
2024-05-26,C.A. Soria,Soria,DOMINGO,5,2024,35,17.2,25.6,7.7,6.7,13.0,0.0,48.0,30
2024-05-27,C.A. Soria,Soria,LUNES,5,2024,30,15.2,22.8,9.4,7.4,16.5,0.0,68.0,41
2024-05-28,C.A. Soria,Soria,MARTES,5,2024,41,17.2,27.6,5.8,5.9,18.3,0.0,47.0,43
2024-05-29,C.A. Soria,Soria,MIÉRCOLES,5,2024,43,19.6,29.6,9.7,6.3,14.8,0.0,46.0,45
2024-05-30,C.A. Soria,Soria,JUEVES,5,2024,45,17.1,25.5,9.6,9.8,22.2,0.0,58.0,47
2024-05-31,C.A. Soria,Soria,VIERNES,5,2024,47,12.1,18.5,6.6,16.1,22.2,0.0,52.0,37
2024-06-01,C.A. Soria,Soria,SÁBADO,6,2024,37,12.1,17.1,7.4,16.7,20.6,0.0,56.0,25
2024-06-02,C.A. Soria,Soria,DOMINGO,6,2024,25,13.8,20.3,7.8,12.6,18.3,0.0,56.0,27
2024-06-03,C.A. Soria,Soria,LUNES,6,2024,27,16.1,26.2,7.1,6.9,13.0,0.0,56.0,51
2024-06-04,C.A. Soria,Soria,MARTES,6,2024,51,18.6,27.9,8.5,5.4,11.1,0.0,43.0,49
2024-06-05,C.A. Soria,Soria,MIÉRCOLES,6,2024,49,19.7,29.4,9.5,5.6,14.8,0.0,40.0,63
2024-06-06,C.A. Soria,Soria,JUEVES,6,2024,63,23.3,30.6,12.5,7.6,18.3,0.0,37.0,54
2024-06-07,C.A. Soria,Soria,VIERNES,6,2024,54,24.2,30.7,17.7,8.9,16.5,0.0,36.0,35
2024-06-08,C.A. Soria,Soria,SÁBADO,6,2024,35,18.7,29.1,13.8,6.3,18.3,0.0,58.0,40
2024-06-09,C.A. Soria,Soria,DOMINGO,6,2024,40,14.1,17.4,11.2,10.7,18.3,17.27,76.0,34
2024-06-10,C.A. Soria,Soria,LUNES,6,2024,34,12.4,16.9,9.0,14.3,24.1,0.0,60.0,45
2024-06-11,C.A. Soria,Soria,MARTES,6,2024,45,12.3,17.9,7.3,14.3,24.1,0.0,61.0,49
2024-06-12,C.A. Soria,Soria,MIÉRCOLES,6,2024,49,11.4,17.3,8.0,9.6,18.3,1.52,67.0,36
2024-06-13,C.A. Soria,Soria,JUEVES,6,2024,36,15.4,24.4,3.1,7.6,18.3,1.78,42.0,35
2024-06-14,C.A. Soria,Soria,VIERNES,6,2024,35,20.1,27.2,11.8,11.3,22.2,0.0,41.0,54
2024-06-15,C.A. Soria,Soria,SÁBADO,6,2024,54,17.8,24.3,11.0,9.8,14.8,0.0,40.0,28
2024-06-16,C.A. Soria,Soria,DOMINGO,6,2024,28,18.0,27.2,6.9,8.0,18.3,0.0,44.0,41
2024-06-17,C.A. Soria,Soria,LUNES,6,2024,41,20.1,27.7,10.1,9.3,18.3,0.0,36.0,43
2024-06-18,C.A. Soria,Soria,MARTES,6,2024,43,18.6,25.6,11.8,8.7,22.2,0.0,49.0,44
2024-06-19,C.A. Soria,Soria,MIÉRCOLES,6,2024,44,15.8,22.9,10.0,6.3,14.8,0.0,57.0,35
2024-06-20,C.A. Soria,Soria,JUEVES,6,2024,35,12.4,18.4,9.9,6.9,16.5,0.0,77.0,32
2024-06-21,C.A. Soria,Soria,VIERNES,6,2024,32,14.6,23.1,8.3,6.7,13.0,21.08,68.0,44
2024-06-22,C.A. Soria,Soria,SÁBADO,6,2024,44,0.0,0.0,0.0,0.0,0.0,0.0,0.0,28
2024-06-23,C.A. Soria,Soria,DOMINGO,6,2024,28,0.0,0.0,0.0,0.0,0.0,0.0,0.0,32
2024-06-24,C.A. Soria,Soria,LUNES,6,2024,32,23.3,28.0,15.9,5.6,11.1,0.0,39.0,32
2024-06-25,C.A. Soria,Soria,MARTES,6,2024,32,21.3,30.4,11.3,5.0,16.5,0.0,53.0,48
2024-06-26,C.A. Soria,Soria,MIÉRCOLES,6,2024,48,23.4,31.0,17.8,7.6,16.5,0.0,54.0,36
2024-06-27,C.A. Soria,Soria,JUEVES,6,2024,36,23.7,31.4,16.5,7.6,14.8,0.0,50.0,33
2024-06-28,C.A. Soria,Soria,VIERNES,6,2024,33,22.7,29.2,15.4,10.7,20.6,0.0,48.0,41
2024-06-29,C.A. Soria,Soria,SÁBADO,6,2024,41,16.6,20.2,13.5,9.3,14.8,19.3,85.0,38
2024-06-30,C.A. Soria,Soria,DOMINGO,6,2024,38,17.9,24.2,14.3,7.2,13.0,0.0,72.0,47
2024-07-01,C.A. Soria,Soria,LUNES,7,2024,47,16.4,22.5,11.2,12.0,20.6,0.0,62.0,44
2024-07-02,C.A. Soria,Soria,MARTES,7,2024,44,18.1,25.3,11.1,9.4,20.6,0.0,51.0,44
2024-07-03,C.A. Soria,Soria,MIÉRCOLES,7,2024,44,19.9,30.2,9.2,5.9,14.8,0.0,35.0,38
2024-07-04,C.A. Soria,Soria,JUEVES,7,2024,38,21.9,31.2,12.5,5.6,13.0,0.0,42.0,31
2024-07-05,C.A. Soria,Soria,VIERNES,7,2024,31,22.7,34.7,14.9,7.6,25.9,0.0,50.0,29
2024-07-06,C.A. Soria,Soria,SÁBADO,7,2024,29,17.3,22.8,11.1,10.7,24.1,3.05,73.0,35
2024-07-07,C.A. Soria,Soria,DOMINGO,7,2024,35,17.1,26.6,9.1,6.7,13.0,1.52,63.0,36
2024-07-08,C.A. Soria,Soria,LUNES,7,2024,36,21.3,29.2,11.4,7.8,16.5,0.0,41.0,37
2024-07-09,C.A. Soria,Soria,MARTES,7,2024,37,22.2,28.7,12.8,8.1,18.3,0.0,35.0,44
2024-07-10,C.A. Soria,Soria,MIÉRCOLES,7,2024,44,23.3,30.7,14.0,7.0,16.5,0.0,45.0,37
2024-07-11,C.A. Soria,Soria,JUEVES,7,2024,37,24.5,32.1,15.7,9.4,20.6,0.0,43.0,44
2024-07-12,C.A. Soria,Soria,VIERNES,7,2024,44,18.7,25.0,13.5,10.0,20.6,0.0,61.0,34
2024-07-13,C.A. Soria,Soria,SÁBADO,7,2024,34,21.3,29.0,10.1,8.0,14.8,0.0,49.0,36
2024-07-14,C.A. Soria,Soria,DOMINGO,7,2024,36,23.6,30.9,14.6,7.4,14.8,0.0,35.0,31
2024-07-15,C.A. Soria,Soria,LUNES,7,2024,31,22.2,28.4,15.7,10.9,20.6,0.0,43.0,37
2024-07-16,C.A. Soria,Soria,MARTES,7,2024,37,20.8,29.6,12.0,7.8,14.8,0.0,42.0,39
2024-07-17,C.A. Soria,Soria,MIÉRCOLES,7,2024,39,14.3,15.6,13.0,4.4,9.4,0.0,79.0,35
2024-07-18,C.A. Soria,Soria,JUEVES,7,2024,35,30.0,34.3,23.6,9.6,14.8,0.0,23.0,46
2024-07-19,C.A. Soria,Soria,VIERNES,7,2024,46,27.5,34.8,17.8,6.7,16.5,0.0,25.0,34
2024-07-20,C.A. Soria,Soria,SÁBADO,7,2024,34,26.4,31.5,15.6,12.4,20.6,0.0,33.0,37
2024-07-21,C.A. Soria,Soria,DOMINGO,7,2024,37,18.8,24.6,12.8,10.9,18.3,0.0,46.0,41
2024-07-22,C.A. Soria,Soria,LUNES,7,2024,41,20.9,31.4,7.8,6.5,18.3,0.0,36.0,39
2024-07-23,C.A. Soria,Soria,MARTES,7,2024,39,25.5,36.2,14.7,5.9,14.8,0.0,35.0,32
2024-07-24,C.A. Soria,Soria,MIÉRCOLES,7,2024,32,26.5,36.4,16.1,6.1,16.5,0.0,36.0,42
2024-07-25,C.A. Soria,Soria,JUEVES,7,2024,42,26.1,34.9,16.9,8.1,18.3,0.0,36.0,44
2024-07-26,C.A. Soria,Soria,VIERNES,7,2024,44,26.1,34.0,17.7,6.5,16.5,0.25,39.0,41
2024-07-27,C.A. Soria,Soria,SÁBADO,7,2024,41,25.4,34.9,17.4,6.3,13.0,0.0,47.0,44
2024-07-28,C.A. Soria,Soria,DOMINGO,7,2024,44,26.6,34.4,19.0,8.0,14.8,0.0,36.0,30
2024-07-29,C.A. Soria,Soria,LUNES,7,2024,30,26.4,35.8,16.6,7.0,16.5,0.0,37.0,51
2024-07-30,C.A. Soria,Soria,MARTES,7,2024,51,28.1,36.2,19.6,9.3,18.3,0.0,29.0,46
2024-07-31,C.A. Soria,Soria,MIÉRCOLES,7,2024,46,27.1,35.3,16.6,7.2,14.8,0.0,28.0,39
2024-08-01,C.A. Soria,Soria,JUEVES,8,2024,39,25.7,36.2,16.9,6.9,18.3,0.0,39.0,22
2024-08-02,C.A. Soria,Soria,VIERNES,8,2024,22,20.8,29.0,15.8,8.1,20.6,0.0,59.0,33
2024-08-03,C.A. Soria,Soria,SÁBADO,8,2024,33,22.3,33.2,13.1,6.3,18.3,2.29,43.0,31
2024-08-04,C.A. Soria,Soria,DOMINGO,8,2024,31,24.0,34.8,12.2,5.7,13.0,0.0,30.0,34
2024-08-05,C.A. Soria,Soria,LUNES,8,2024,34,26.4,36.1,15.2,5.6,14.8,0.0,32.0,44
2024-08-06,C.A. Soria,Soria,MARTES,8,2024,44,25.7,35.0,16.9,7.4,18.3,0.0,41.0,39
2024-08-07,C.A. Soria,Soria,MIÉRCOLES,8,2024,39,24.6,35.0,16.5,7.2,16.5,0.0,47.0,43
2024-08-08,C.A. Soria,Soria,JUEVES,8,2024,43,25.9,36.4,16.5,7.2,18.3,0.0,44.0,48
2024-08-09,C.A. Soria,Soria,VIERNES,8,2024,48,27.3,37.3,17.6,6.5,18.3,0.0,39.0,43
2024-08-10,C.A. Soria,Soria,SÁBADO,8,2024,43,28.1,36.2,18.4,6.1,11.1,0.0,30.0,22
2024-08-11,C.A. Soria,Soria,DOMINGO,8,2024,22,27.8,35.7,16.9,7.0,14.8,0.0,24.0,40
2024-08-12,C.A. Soria,Soria,LUNES,8,2024,40,0.0,0.0,0.0,0.0,0.0,0.0,0.0,47
2024-08-13,C.A. Soria,Soria,MARTES,8,2024,47,20.6,28.8,16.3,6.9,18.3,12.45,62.0,44
2024-08-14,C.A. Soria,Soria,MIÉRCOLES,8,2024,44,17.6,23.1,12.4,13.1,24.1,2.54,68.0,46
2024-08-15,C.A. Soria,Soria,JUEVES,8,2024,46,18.1,26.9,11.5,10.2,16.5,0.25,52.0,27
2024-08-16,C.A. Soria,Soria,VIERNES,8,2024,27,20.7,29.9,10.0,7.0,16.5,0.0,31.0,31
2024-08-17,C.A. Soria,Soria,SÁBADO,8,2024,31,22.6,33.0,14.2,7.2,14.8,0.0,40.0,37
2024-08-18,C.A. Soria,Soria,DOMINGO,8,2024,37,20.8,27.0,15.3,8.9,20.6,0.0,58.0,29
2024-08-19,C.A. Soria,Soria,LUNES,8,2024,29,20.8,32.5,10.6,6.1,13.0,0.0,31.0,41
2024-08-20,C.A. Soria,Soria,MARTES,8,2024,41,24.7,32.7,14.5,12.0,20.6,0.0,30.0,41
2024-08-21,C.A. Soria,Soria,MIÉRCOLES,8,2024,41,22.3,31.8,15.3,9.1,20.6,0.0,51.0,35
2024-08-22,C.A. Soria,Soria,JUEVES,8,2024,35,24.6,34.5,14.4,5.7,16.5,0.0,37.0,36
2024-08-23,C.A. Soria,Soria,VIERNES,8,2024,36,24.9,34.2,15.7,6.9,18.3,0.0,37.0,32
2024-08-24,C.A. Soria,Soria,SÁBADO,8,2024,32,23.5,33.3,15.8,9.4,18.3,0.0,49.0,38
2024-08-25,C.A. Soria,Soria,DOMINGO,8,2024,38,18.8,26.4,13.9,12.0,16.5,0.25,62.0,35
2024-08-26,C.A. Soria,Soria,LUNES,8,2024,35,19.5,29.1,11.9,5.9,13.0,0.0,64.0,43
2024-08-27,C.A. Soria,Soria,MARTES,8,2024,43,22.4,32.2,13.2,5.6,13.0,0.0,44.0,31
2024-08-28,C.A. Soria,Soria,MIÉRCOLES,8,2024,31,24.9,33.6,15.5,7.8,14.8,0.0,41.0,27
2024-08-29,C.A. Soria,Soria,JUEVES,8,2024,27,19.9,25.1,16.8,6.3,11.1,4.57,77.0,46
2024-08-30,C.A. Soria,Soria,VIERNES,8,2024,46,18.9,24.3,15.6,6.3,11.1,37.34,84.0,32
2024-08-31,C.A. Soria,Soria,SÁBADO,8,2024,32,17.9,23.5,14.1,4.8,11.1,8.13,82.0,36
2024-09-01,C.A. Soria,Soria,DOMINGO,9,2024,36,19.4,27.0,15.7,5.6,18.3,10.92,79.0,25
2024-09-02,C.A. Soria,Soria,LUNES,9,2024,25,18.8,27.9,13.7,6.3,14.8,0.0,77.0,46
2024-09-03,C.A. Soria,Soria,MARTES,9,2024,46,16.3,20.0,14.7,10.9,16.5,9.65,87.0,37
2024-09-04,C.A. Soria,Soria,MIÉRCOLES,9,2024,37,14.9,18.4,11.3,12.2,20.6,4.32,75.0,44
2024-09-05,C.A. Soria,Soria,JUEVES,9,2024,44,14.0,18.7,9.5,5.6,9.4,0.25,72.0,42
2024-09-06,C.A. Soria,Soria,VIERNES,9,2024,42,17.1,21.1,12.3,7.8,13.0,0.0,61.0,25
2024-09-07,C.A. Soria,Soria,SÁBADO,9,2024,25,15.6,22.1,9.0,7.4,16.5,0.51,55.0,23
2024-09-08,C.A. Soria,Soria,DOMINGO,9,2024,23,15.5,23.4,8.6,6.1,14.8,0.0,60.0,32
2024-09-09,C.A. Soria,Soria,LUNES,9,2024,32,15.6,24.1,8.7,6.5,14.8,0.0,63.0,42
2024-09-10,C.A. Soria,Soria,MARTES,9,2024,42,16.8,25.7,9.4,6.3,13.0,0.0,56.0,51
2024-09-11,C.A. Soria,Soria,MIÉRCOLES,9,2024,51,15.2,23.3,5.8,4.4,13.0,0.0,57.0,39
2024-09-12,C.A. Soria,Soria,JUEVES,9,2024,39,14.3,20.6,9.3,8.9,16.5,0.0,71.0,34
2024-09-13,C.A. Soria,Soria,VIERNES,9,2024,34,9.2,13.3,5.9,11.7,20.6,0.0,68.0,29
2024-09-14,C.A. Soria,Soria,SÁBADO,9,2024,29,13.0,23.9,1.7,5.0,9.4,0.0,44.0,30
2024-09-15,C.A. Soria,Soria,DOMINGO,9,2024,30,16.6,23.9,8.4,9.8,18.3,0.0,21.0,33
2024-09-16,C.A. Soria,Soria,LUNES,9,2024,33,17.3,22.7,12.9,15.4,29.4,0.0,23.0,37
2024-09-17,C.A. Soria,Soria,MARTES,9,2024,37,14.6,21.4,9.7,11.3,14.8,0.0,53.0,45
2024-09-18,C.A. Soria,Soria,MIÉRCOLES,9,2024,45,14.4,23.1,7.0,6.1,13.0,0.0,68.0,31
2024-09-19,C.A. Soria,Soria,JUEVES,9,2024,31,13.7,22.5,10.1,5.0,16.5,0.0,83.0,38
2024-09-20,C.A. Soria,Soria,VIERNES,9,2024,38,13.8,18.5,10.5,4.8,9.4,6.86,87.0,42
2024-09-21,C.A. Soria,Soria,SÁBADO,9,2024,42,14.4,18.2,13.0,5.7,11.1,9.4,94.0,29
2024-09-22,C.A. Soria,Soria,DOMINGO,9,2024,29,14.9,21.1,10.8,5.7,16.5,38.1,74.0,33
2024-09-23,C.A. Soria,Soria,LUNES,9,2024,33,13.9,19.7,9.6,5.7,16.5,0.0,67.0,35
2024-09-24,C.A. Soria,Soria,MARTES,9,2024,35,14.6,19.5,9.6,10.7,16.5,0.0,59.0,40
2024-09-25,C.A. Soria,Soria,MIÉRCOLES,9,2024,40,14.9,18.1,11.7,13.1,20.6,0.0,85.0,43
2024-09-26,C.A. Soria,Soria,JUEVES,9,2024,43,16.3,19.1,13.0,16.9,31.7,0.0,81.0,43
2024-09-27,C.A. Soria,Soria,VIERNES,9,2024,43,10.9,15.6,6.4,11.3,24.1,2.03,72.0,38
2024-09-28,C.A. Soria,Soria,SÁBADO,9,2024,38,9.2,15.4,3.5,6.3,11.1,0.25,65.0,29
2024-09-29,C.A. Soria,Soria,DOMINGO,9,2024,29,13.1,22.7,3.9,5.9,14.8,0.0,50.0,15
2024-09-30,C.A. Soria,Soria,LUNES,9,2024,15,15.9,25.4,6.7,4.4,11.1,0.0,52.0,41
2024-10-01,C.A. Soria,Soria,MARTES,10,2024,41,15.9,23.3,9.5,6.9,20.6,0.0,65.0,41
2024-10-02,C.A. Soria,Soria,MIÉRCOLES,10,2024,41,15.8,17.2,12.6,13.0,24.1,0.0,88.0,34
2024-10-03,C.A. Soria,Soria,JUEVES,10,2024,34,12.3,19.3,7.4,6.1,11.1,12.45,64.0,41
2024-10-04,C.A. Soria,Soria,VIERNES,10,2024,41,11.1,20.1,3.1,3.7,9.4,0.0,54.0,32
2024-10-05,C.A. Soria,Soria,SÁBADO,10,2024,32,13.6,21.0,4.2,7.4,18.3,0.0,72.0,19
2024-10-06,C.A. Soria,Soria,DOMINGO,10,2024,19,16.4,20.6,14.2,11.5,22.2,0.0,79.0,29
2024-10-07,C.A. Soria,Soria,LUNES,10,2024,29,13.6,16.6,10.1,11.1,18.3,5.59,87.0,46
2024-10-08,C.A. Soria,Soria,MARTES,10,2024,46,11.9,15.5,9.6,14.6,20.6,16.0,87.0,45
2024-10-09,C.A. Soria,Soria,MIÉRCOLES,10,2024,45,13.8,17.2,11.0,19.4,33.5,1.02,86.0,36
2024-10-10,C.A. Soria,Soria,JUEVES,10,2024,36,10.9,15.8,7.4,11.7,18.3,6.86,72.0,44
2024-10-11,C.A. Soria,Soria,VIERNES,10,2024,44,10.3,16.7,2.8,6.5,16.5,0.0,73.0,34
2024-10-12,C.A. Soria,Soria,SÁBADO,10,2024,34,13.7,16.1,11.6,5.7,11.1,0.51,89.0,27
2024-10-13,C.A. Soria,Soria,DOMINGO,10,2024,27,16.2,21.9,11.2,3.9,13.0,3.3,77.0,35
2024-10-14,C.A. Soria,Soria,LUNES,10,2024,35,15.9,20.3,11.8,3.9,11.1,0.0,84.0,43
2024-10-15,C.A. Soria,Soria,MARTES,10,2024,43,15.7,19.4,13.0,8.7,16.5,0.51,83.0,46
2024-10-16,C.A. Soria,Soria,MIÉRCOLES,10,2024,46,14.6,20.4,12.0,10.7,18.3,4.57,89.0,30
2024-10-17,C.A. Soria,Soria,JUEVES,10,2024,30,10.2,12.9,6.3,6.9,13.0,34.04,87.0,41
2024-10-18,C.A. Soria,Soria,VIERNES,10,2024,41,9.3,14.8,4.5,10.2,16.5,7.87,74.0,35
2024-10-19,C.A. Soria,Soria,SÁBADO,10,2024,35,12.8,16.6,9.3,10.2,18.3,0.0,81.0,33
2024-10-20,C.A. Soria,Soria,DOMINGO,10,2024,33,14.8,20.9,10.5,7.4,14.8,0.0,78.0,25
2024-10-21,C.A. Soria,Soria,LUNES,10,2024,25,13.7,22.7,6.1,5.6,11.1,0.0,72.0,47
2024-10-22,C.A. Soria,Soria,MARTES,10,2024,47,12.4,16.2,9.0,7.6,13.0,0.0,83.0,41
2024-10-23,C.A. Soria,Soria,MIÉRCOLES,10,2024,41,12.4,19.1,8.5,3.7,7.6,0.0,82.0,31
2024-10-24,C.A. Soria,Soria,JUEVES,10,2024,31,12.5,18.8,8.6,6.3,16.5,0.0,82.0,32
2024-10-25,C.A. Soria,Soria,VIERNES,10,2024,32,10.3,12.7,7.4,7.2,13.0,3.05,90.0,38
2024-10-26,C.A. Soria,Soria,SÁBADO,10,2024,38,6.5,9.0,4.1,7.6,14.8,9.65,88.0,34
2024-10-27,C.A. Soria,Soria,DOMINGO,10,2024,34,6.4,8.6,4.1,8.3,14.8,4.57,89.0,30
2024-10-28,C.A. Soria,Soria,LUNES,10,2024,30,10.2,13.3,7.1,11.7,14.8,1.52,92.0,42
2024-10-29,C.A. Soria,Soria,MARTES,10,2024,42,12.1,14.1,9.8,10.4,20.6,0.25,91.0,40
2024-10-30,C.A. Soria,Soria,MIÉRCOLES,10,2024,40,11.1,12.8,9.0,9.6,16.5,15.49,92.0,42
2024-10-31,C.A. Soria,Soria,JUEVES,10,2024,42,12.4,16.4,9.8,7.2,11.1,3.3,86.0,32
2024-11-01,C.A. Soria,Soria,VIERNES,11,2024,32,12.2,18.0,8.4,4.1,9.4,3.3,86.0,38
2024-11-02,C.A. Soria,Soria,SÁBADO,11,2024,38,11.5,15.2,8.4,5.2,13.0,0.0,83.0,33
2024-11-03,C.A. Soria,Soria,DOMINGO,11,2024,33,11.9,17.4,10.1,7.0,11.1,0.51,86.0,37
2024-11-04,C.A. Soria,Soria,LUNES,11,2024,37,11.7,15.4,8.4,6.5,13.0,0.0,86.0,50
2024-11-05,C.A. Soria,Soria,MARTES,11,2024,50,10.5,18.8,5.2,3.1,7.6,0.0,86.0,44
2024-11-06,C.A. Soria,Soria,MIÉRCOLES,11,2024,44,11.7,19.7,5.4,2.6,5.4,0.0,79.0,31
2024-11-07,C.A. Soria,Soria,JUEVES,11,2024,31,10.2,16.4,7.7,2.6,5.4,0.0,91.0,46
2024-11-08,C.A. Soria,Soria,VIERNES,11,2024,46,10.8,15.4,7.3,3.5,7.6,0.0,90.0,41
2024-11-09,C.A. Soria,Soria,SÁBADO,11,2024,41,10.0,15.9,5.9,4.1,7.6,0.51,84.0,39
2024-11-10,C.A. Soria,Soria,DOMINGO,11,2024,39,9.7,17.4,3.3,5.0,11.1,0.0,78.0,23
2024-11-11,C.A. Soria,Soria,LUNES,11,2024,23,10.2,13.5,7.2,13.7,22.2,0.0,72.0,41
2024-11-12,C.A. Soria,Soria,MARTES,11,2024,41,7.5,9.6,2.9,12.2,18.3,0.0,67.0,28
2024-11-13,C.A. Soria,Soria,MIÉRCOLES,11,2024,28,4.9,6.4,2.5,12.6,16.5,0.0,89.0,36
2024-11-14,C.A. Soria,Soria,JUEVES,11,2024,36,9.0,14.0,5.6,5.7,9.4,1.27,88.0,35
2024-11-15,C.A. Soria,Soria,VIERNES,11,2024,35,9.1,13.3,5.0,2.8,3.5,0.0,88.0,29
2024-11-16,C.A. Soria,Soria,SÁBADO,11,2024,29,10.1,14.8,8.4,4.4,7.6,0.0,83.0,29
2024-11-17,C.A. Soria,Soria,DOMINGO,11,2024,29,11.4,19.1,4.7,4.3,11.1,0.0,66.0,37
2024-11-18,C.A. Soria,Soria,LUNES,11,2024,37,0.0,0.0,0.0,0.0,0.0,0.0,0.0,42
2024-11-19,C.A. Soria,Soria,MARTES,11,2024,42,0.0,0.0,0.0,0.0,0.0,0.0,0.0,32
2024-11-20,C.A. Soria,Soria,MIÉRCOLES,11,2024,32,0.0,0.0,0.0,0.0,0.0,0.0,0.0,39
2024-11-21,C.A. Soria,Soria,JUEVES,11,2024,39,0.0,0.0,0.0,0.0,0.0,0.0,0.0,27
2024-11-22,C.A. Soria,Soria,VIERNES,11,2024,27,7.2,11.4,2.6,5.9,11.1,0.0,63.0,37
2024-11-23,C.A. Soria,Soria,SÁBADO,11,2024,37,8.4,13.5,0.9,5.6,13.0,0.0,84.0,30
2024-11-24,C.A. Soria,Soria,DOMINGO,11,2024,30,10.2,14.5,6.6,10.0,18.3,0.0,80.0,34
2024-11-25,C.A. Soria,Soria,LUNES,11,2024,34,9.6,13.7,3.2,12.8,22.2,0.51,77.0,43
2024-11-26,C.A. Soria,Soria,MARTES,11,2024,43,5.6,10.1,2.4,6.1,11.1,6.1,81.0,28
2024-11-27,C.A. Soria,Soria,MIÉRCOLES,11,2024,28,5.2,14.3,-1.3,2.6,7.6,0.0,80.0,39
2024-11-28,C.A. Soria,Soria,JUEVES,11,2024,39,6.1,16.6,-0.8,2.4,5.4,0.0,76.0,38
2024-11-29,C.A. Soria,Soria,VIERNES,11,2024,38,7.2,17.6,-0.2,3.9,13.0,0.0,78.0,42
2024-11-30,C.A. Soria,Soria,SÁBADO,11,2024,42,8.7,17.3,1.4,4.8,11.1,0.0,81.0,30
2024-12-01,C.A. Soria,Soria,DOMINGO,12,2024,30,0.0,0.0,0.0,0.0,0.0,0.0,0.0,36
2024-12-02,C.A. Soria,Soria,LUNES,12,2024,36,9.3,14.7,5.5,6.3,13.0,0.25,81.0,46
2024-12-03,C.A. Soria,Soria,MARTES,12,2024,46,7.2,11.7,4.2,5.9,13.0,0.76,89.0,31
2024-12-04,C.A. Soria,Soria,MIÉRCOLES,12,2024,31,6.7,11.9,3.8,8.9,14.8,1.52,71.0,31
2024-12-05,C.A. Soria,Soria,JUEVES,12,2024,31,7.4,14.3,1.6,7.0,16.5,0.0,80.0,41
2024-12-06,C.A. Soria,Soria,VIERNES,12,2024,41,9.9,14.5,7.4,10.7,18.3,0.0,88.0,35
2024-12-07,C.A. Soria,Soria,SÁBADO,12,2024,35,8.1,8.6,7.3,13.9,20.6,0.0,91.0,26
2024-12-08,C.A. Soria,Soria,DOMINGO,12,2024,26,0.0,0.0,0.0,0.0,0.0,0.0,0.0,24
2024-12-09,C.A. Soria,Soria,LUNES,12,2024,24,2.9,3.7,2.0,7.4,9.4,0.0,77.0,27
2024-12-10,C.A. Soria,Soria,MARTES,12,2024,27,2.4,5.9,-0.8,6.3,13.0,0.0,69.0,51
2024-12-11,C.A. Soria,Soria,MIÉRCOLES,12,2024,51,1.1,2.2,0.3,5.0,9.4,0.0,79.0,47
2024-12-12,C.A. Soria,Soria,JUEVES,12,2024,47,2.2,5.0,0.0,5.2,9.4,0.0,86.0,39
2024-12-13,C.A. Soria,Soria,VIERNES,12,2024,39,3.2,6.4,1.2,4.6,11.1,0.25,91.0,35
2024-12-14,C.A. Soria,Soria,SÁBADO,12,2024,35,2.4,8.8,-3.4,5.2,11.1,0.25,81.0,30
2024-12-15,C.A. Soria,Soria,DOMINGO,12,2024,30,2.3,7.6,-2.0,4.4,9.4,0.0,81.0,31
2024-12-16,C.A. Soria,Soria,LUNES,12,2024,31,2.2,11.7,-3.9,3.7,13.0,0.0,69.0,34
2024-12-17,C.A. Soria,Soria,MARTES,12,2024,34,2.7,12.9,-3.8,2.4,7.6,0.0,70.0,41
2024-12-18,C.A. Soria,Soria,MIÉRCOLES,12,2024,41,5.1,14.1,-0.7,6.5,16.5,0.0,74.0,34
2024-12-19,C.A. Soria,Soria,JUEVES,12,2024,34,6.7,10.2,2.7,11.5,22.2,1.78,83.0,23
2024-12-20,C.A. Soria,Soria,VIERNES,12,2024,23,3.2,7.6,-0.2,7.0,14.8,1.52,74.0,37
2024-12-21,C.A. Soria,Soria,SÁBADO,12,2024,37,2.3,10.0,-2.9,4.6,11.1,0.0,80.0,35
2024-12-22,C.A. Soria,Soria,DOMINGO,12,2024,35,4.7,11.0,-0.1,9.3,22.2,0.0,78.0,31
2024-12-23,C.A. Soria,Soria,LUNES,12,2024,31,4.5,8.3,2.0,9.4,13.0,0.0,70.0,37
2024-12-24,C.A. Soria,Soria,MARTES,12,2024,37,6.9,11.8,1.8,8.5,16.5,0.0,78.0,28
2024-12-25,C.A. Soria,Soria,MIÉRCOLES,12,2024,28,7.4,17.7,0.3,2.6,7.6,0.0,73.0,27
2024-12-26,C.A. Soria,Soria,JUEVES,12,2024,27,4.1,7.7,-1.0,3.5,7.6,0.0,91.0,38
2024-12-27,C.A. Soria,Soria,VIERNES,12,2024,38,5.7,12.0,-1.0,3.9,7.6,0.0,78.0,41
2024-12-28,C.A. Soria,Soria,SÁBADO,12,2024,41,2.9,13.8,-3.9,1.5,3.5,0.0,72.0,36
2024-12-29,C.A. Soria,Soria,DOMINGO,12,2024,36,2.3,12.6,-4.0,2.4,5.4,0.0,69.0,32
2024-12-30,C.A. Soria,Soria,LUNES,12,2024,32,2.1,11.9,-5.3,2.4,5.4,0.0,68.0,49
2024-12-31,C.A. Soria,Soria,MARTES,12,2024,49,2.1,12.3,-4.0,2.2,7.6,0.0,67.0,29
2025-01-01,C.A. Soria,Soria,MIÉRCOLES,1,2025,29,1.9,10.8,-5.7,4.8,11.1,0.0,71.0,45
2025-01-02,C.A. Soria,Soria,JUEVES,1,2025,45,2.5,6.9,-2.9,10.2,18.3,0.0,82.0,70
2025-01-03,C.A. Soria,Soria,VIERNES,1,2025,70,5.1,6.4,2.8,16.1,29.4,0.0,83.0,84
2025-01-04,C.A. Soria,Soria,SÁBADO,1,2025,84,6.8,9.5,3.8,12.2,18.3,0.0,82.0,59
2025-01-05,C.A. Soria,Soria,DOMINGO,1,2025,59,0.0,0.0,0.0,0.0,0.0,0.0,0.0,61
2025-01-06,C.A. Soria,Soria,LUNES,1,2025,61,0.0,0.0,0.0,0.0,0.0,0.0,0.0,51
2025-01-07,C.A. Soria,Soria,MARTES,1,2025,51,3.2,5.9,0.3,14.6,18.3,0.25,90.0,82
2025-01-08,C.A. Soria,Soria,MIÉRCOLES,1,2025,82,6.5,8.9,4.3,14.6,24.1,1.52,89.0,81
2025-01-09,C.A. Soria,Soria,JUEVES,1,2025,81,8.3,11.5,6.4,16.9,27.8,0.25,86.0,78
2025-01-10,C.A. Soria,Soria,VIERNES,1,2025,78,8.9,9.9,7.4,15.9,22.2,1.02,87.0,59
2025-01-11,C.A. Soria,Soria,SÁBADO,1,2025,59,9.6,14.5,4.4,8.3,14.8,6.86,75.0,60
2025-01-12,C.A. Soria,Soria,DOMINGO,1,2025,60,4.9,8.8,2.0,9.6,22.2,0.51,53.0,45
2025-01-13,C.A. Soria,Soria,LUNES,1,2025,45,4.6,9.8,-0.5,12.8,24.1,0.0,14.0,73
2025-01-14,C.A. Soria,Soria,MARTES,1,2025,73,1.7,13.7,-6.4,3.7,9.4,0.0,33.0,69
2025-01-15,C.A. Soria,Soria,MIÉRCOLES,1,2025,69,4.9,14.1,-3.6,10.4,24.1,0.0,23.0,52
2025-01-16,C.A. Soria,Soria,JUEVES,1,2025,52,4.9,9.7,-1.9,11.1,20.6,0.0,57.0,75
2025-01-17,C.A. Soria,Soria,VIERNES,1,2025,75,1.9,9.0,-3.3,4.3,9.4,0.0,70.0,71
2025-01-18,C.A. Soria,Soria,SÁBADO,1,2025,71,1.3,11.3,-6.1,3.9,11.1,0.0,67.0,46
2025-01-19,C.A. Soria,Soria,DOMINGO,1,2025,46,1.4,9.9,-6.3,5.0,14.8,0.0,65.0,48
2025-01-20,C.A. Soria,Soria,LUNES,1,2025,48,3.2,5.5,1.0,4.4,9.4,0.51,94.0,67
2025-01-21,C.A. Soria,Soria,MARTES,1,2025,67,6.6,8.2,4.1,6.1,11.1,1.52,97.0,73
2025-01-22,C.A. Soria,Soria,MIÉRCOLES,1,2025,73,8.2,10.7,6.6,12.2,22.2,1.78,90.0,70
2025-01-23,C.A. Soria,Soria,JUEVES,1,2025,70,8.7,12.7,7.1,7.4,11.1,0.0,88.0,69
2025-01-24,C.A. Soria,Soria,VIERNES,1,2025,69,8.5,12.1,7.1,11.1,20.6,0.0,88.0,63
2025-01-25,C.A. Soria,Soria,SÁBADO,1,2025,63,6.4,9.7,3.0,14.3,20.6,0.0,87.0,60
2025-01-26,C.A. Soria,Soria,DOMINGO,1,2025,60,5.8,9.2,1.4,17.0,29.4,6.1,88.0,46
2025-01-27,C.A. Soria,Soria,LUNES,1,2025,46,8.2,11.9,2.2,21.9,31.7,7.11,84.0,64
2025-01-28,C.A. Soria,Soria,MARTES,1,2025,64,2.8,5.5,0.9,21.5,25.9,10.92,87.0,63
2025-01-29,C.A. Soria,Soria,MIÉRCOLES,1,2025,63,2.8,4.7,1.9,16.1,25.9,1.52,91.0,58
2025-01-30,C.A. Soria,Soria,JUEVES,1,2025,58,3.4,7.9,1.5,14.4,18.3,5.33,78.0,65
2025-01-31,C.A. Soria,Soria,VIERNES,1,2025,65,4.3,8.1,-0.2,7.0,18.3,0.0,49.0,46
2025-02-01,C.A. Soria,Soria,SÁBADO,2,2025,46,4.1,11.1,-0.9,7.8,16.5,0.0,66.0,51
2025-02-02,C.A. Soria,Soria,DOMINGO,2,2025,51,1.7,10.1,-4.6,4.8,13.0,0.0,72.0,54
2025-02-03,C.A. Soria,Soria,LUNES,2,2025,54,3.3,12.5,-3.0,3.5,7.6,0.0,70.0,56
2025-02-04,C.A. Soria,Soria,MARTES,2,2025,56,3.8,14.1,-3.9,4.3,14.8,0.0,67.0,49
2025-02-05,C.A. Soria,Soria,MIÉRCOLES,2,2025,49,4.9,15.7,-3.7,3.7,7.6,0.0,51.0,59
2025-02-06,C.A. Soria,Soria,JUEVES,2,2025,59,3.7,14.2,-4.7,5.0,9.4,0.0,55.0,61
2025-02-07,C.A. Soria,Soria,VIERNES,2,2025,61,1.6,4.1,0.0,8.3,13.0,0.0,80.0,58
2025-02-08,C.A. Soria,Soria,SÁBADO,2,2025,58,1.9,6.4,-3.4,6.3,18.3,7.62,75.0,50
2025-02-09,C.A. Soria,Soria,DOMINGO,2,2025,50,6.6,10.6,1.5,10.4,18.3,0.0,79.0,53
2025-02-10,C.A. Soria,Soria,LUNES,2,2025,53,7.2,10.7,4.4,3.9,9.4,0.0,90.0,64
2025-02-11,C.A. Soria,Soria,MARTES,2,2025,64,6.6,12.2,4.3,6.9,13.0,0.51,81.0,71
2025-02-12,C.A. Soria,Soria,MIÉRCOLES,2,2025,71,5.4,8.3,1.9,4.3,9.4,8.38,89.0,53
2025-02-13,C.A. Soria,Soria,JUEVES,2,2025,53,4.9,12.3,-0.9,5.4,16.5,0.0,87.0,67
2025-02-14,C.A. Soria,Soria,VIERNES,2,2025,67,8.2,16.6,3.7,4.8,13.0,0.0,74.0,51
2025-02-15,C.A. Soria,Soria,SÁBADO,2,2025,51,7.0,16.5,-0.5,5.6,16.5,0.0,65.0,47
2025-02-16,C.A. Soria,Soria,DOMINGO,2,2025,47,9.2,17.2,1.6,5.0,14.8,0.0,52.0,53
2025-02-17,C.A. Soria,Soria,LUNES,2,2025,53,8.6,13.9,3.8,4.3,9.4,0.0,69.0,73
2025-02-18,C.A. Soria,Soria,MARTES,2,2025,73,7.6,16.3,1.7,4.3,14.8,0.0,71.0,79
2025-02-19,C.A. Soria,Soria,MIÉRCOLES,2,2025,79,8.7,16.2,2.9,4.1,13.0,0.0,73.0,64
2025-02-20,C.A. Soria,Soria,JUEVES,2,2025,64,9.0,15.5,3.2,6.3,16.5,0.0,75.0,59
2025-02-21,C.A. Soria,Soria,VIERNES,2,2025,59,8.3,13.4,2.9,10.2,22.2,0.0,81.0,64
2025-02-22,C.A. Soria,Soria,SÁBADO,2,2025,64,7.2,12.1,3.5,9.3,18.3,3.56,73.0,51
2025-02-23,C.A. Soria,Soria,DOMINGO,2,2025,51,6.7,15.5,-0.5,4.3,11.1,0.0,60.0,59
2025-02-24,C.A. Soria,Soria,LUNES,2,2025,59,7.6,13.9,1.1,9.1,18.3,0.0,64.0,67
2025-02-25,C.A. Soria,Soria,MARTES,2,2025,67,6.4,9.4,1.8,7.8,18.3,0.0,66.0,63
2025-02-26,C.A. Soria,Soria,MIÉRCOLES,2,2025,63,4.9,12.2,-1.4,6.7,14.8,0.0,59.0,59
2025-02-27,C.A. Soria,Soria,JUEVES,2,2025,59,4.5,11.2,-0.5,4.1,11.1,0.0,71.0,58
2025-02-28,C.A. Soria,Soria,VIERNES,2,2025,58,5.8,11.4,4.1,6.7,11.1,0.0,73.0,52
2025-03-01,C.A. Soria,Soria,SÁBADO,3,2025,52,2.6,5.1,0.3,10.6,20.6,8.89,79.0,55
2025-03-02,C.A. Soria,Soria,DOMINGO,3,2025,55,1.1,2.8,-0.8,11.1,20.6,17.78,84.0,37
2025-03-03,C.A. Soria,Soria,LUNES,3,2025,37,4.1,6.0,0.6,9.6,14.8,36.83,97.0,60
2025-03-04,C.A. Soria,Soria,MARTES,3,2025,60,6.8,8.7,5.0,9.6,13.0,14.48,91.0,66
2025-03-05,C.A. Soria,Soria,MIÉRCOLES,3,2025,66,6.6,8.9,4.0,9.4,14.8,0.51,89.0,53
2025-03-06,C.A. Soria,Soria,JUEVES,3,2025,53,6.4,7.4,5.3,10.6,14.8,4.06,97.0,58
2025-03-07,C.A. Soria,Soria,VIERNES,3,2025,58,7.4,9.1,6.1,12.8,18.3,11.68,95.0,65
2025-03-08,C.A. Soria,Soria,SÁBADO,3,2025,65,6.6,9.1,3.3,16.1,27.8,3.81,91.0,44
2025-03-09,C.A. Soria,Soria,DOMINGO,3,2025,44,4.2,9.1,1.6,9.4,18.3,22.86,86.0,49
2025-03-10,C.A. Soria,Soria,LUNES,3,2025,49,5.7,9.7,2.4,8.7,16.5,1.52,83.0,79
2025-03-11,C.A. Soria,Soria,MARTES,3,2025,79,6.4,10.6,4.3,8.5,14.8,4.32,88.0,63
2025-03-12,C.A. Soria,Soria,MIÉRCOLES,3,2025,63,5.7,10.0,1.6,8.3,22.2,1.52,76.0,56
2025-03-13,C.A. Soria,Soria,JUEVES,3,2025,56,3.8,4.9,1.5,10.6,16.5,0.51,86.0,58
2025-03-14,C.A. Soria,Soria,VIERNES,3,2025,58,2.2,6.2,-0.6,13.7,22.2,0.51,63.0,46
2025-03-15,C.A. Soria,Soria,SÁBADO,3,2025,46,1.7,7.4,-3.3,4.3,7.6,0.0,62.0,54
2025-03-16,C.A. Soria,Soria,DOMINGO,3,2025,54,0.6,3.4,-1.5,5.7,9.4,0.0,88.0,36
2025-03-17,C.A. Soria,Soria,LUNES,3,2025,36,0.5,3.7,-5.6,6.1,11.1,3.3,94.0,62
2025-03-18,C.A. Soria,Soria,MARTES,3,2025,62,4.7,6.2,3.2,11.3,16.5,1.52,98.0,65
2025-03-19,C.A. Soria,Soria,MIÉRCOLES,3,2025,65,8.3,13.8,5.2,11.7,18.3,16.76,89.0,55
2025-03-20,C.A. Soria,Soria,JUEVES,3,2025,55,9.3,12.9,6.5,13.7,20.6,0.0,90.0,58
2025-03-21,C.A. Soria,Soria,VIERNES,3,2025,58,8.1,10.5,6.2,17.2,25.9,5.08,85.0,54
2025-03-22,C.A. Soria,Soria,SÁBADO,3,2025,54,0.0,0.0,0.0,0.0,0.0,0.0,0.0,44
2025-03-23,C.A. Soria,Soria,DOMINGO,3,2025,44,5.3,6.9,3.7,7.2,9.4,0.0,79.0,50
2025-03-24,C.A. Soria,Soria,LUNES,3,2025,50,5.3,10.4,2.3,8.9,14.8,0.76,83.0,68
2025-03-25,C.A. Soria,Soria,MARTES,3,2025,68,7.1,10.8,4.4,10.6,18.3,1.52,74.0,55
2025-03-26,C.A. Soria,Soria,MIÉRCOLES,3,2025,55,5.5,10.0,0.8,8.5,16.5,0.0,72.0,46
2025-03-27,C.A. Soria,Soria,JUEVES,3,2025,46,6.7,10.7,3.2,9.6,18.3,0.0,71.0,66
2025-03-28,C.A. Soria,Soria,VIERNES,3,2025,66,7.3,14.0,-0.2,5.6,9.4,0.0,58.0,69
2025-03-29,C.A. Soria,Soria,SÁBADO,3,2025,69,6.8,12.0,2.4,10.2,20.6,0.0,58.0,52
2025-03-30,C.A. Soria,Soria,DOMINGO,3,2025,52,9.6,16.5,1.8,13.0,24.1,0.0,35.0,46
2025-03-31,C.A. Soria,Soria,LUNES,3,2025,46,14.5,24.7,3.6,5.7,14.8,0.0,34.0,62
2025-04-01,C.A. Soria,Soria,MARTES,4,2025,62,14.7,24.6,4.2,4.6,14.8,0.0,44.0,70
2025-04-02,C.A. Soria,Soria,MIÉRCOLES,4,2025,70,9.2,14.4,5.9,8.7,16.5,0.0,83.0,51
2025-04-03,C.A. Soria,Soria,JUEVES,4,2025,51,7.7,9.4,6.7,9.8,14.8,2.54,96.0,53
2025-04-04,C.A. Soria,Soria,VIERNES,4,2025,53,9.3,14.4,7.4,11.3,20.6,19.56,88.0,68
2025-04-05,C.A. Soria,Soria,SÁBADO,4,2025,68,9.4,14.2,5.9,11.1,18.3,1.27,80.0,38
2025-04-06,C.A. Soria,Soria,DOMINGO,4,2025,38,11.1,19.5,4.0,5.7,13.0,0.0,66.0,61
2025-04-07,C.A. Soria,Soria,LUNES,4,2025,61,13.2,21.1,5.8,4.8,9.4,0.0,57.0,74
2025-04-08,C.A. Soria,Soria,MARTES,4,2025,74,14.3,22.9,4.8,4.3,11.1,0.0,55.0,84
2025-04-09,C.A. Soria,Soria,MIÉRCOLES,4,2025,84,14.7,23.4,6.5,5.4,11.1,0.0,59.0,56
2025-04-10,C.A. Soria,Soria,JUEVES,4,2025,56,13.9,20.3,8.1,6.9,14.8,0.0,72.0,56
2025-04-11,C.A. Soria,Soria,VIERNES,4,2025,56,10.1,13.5,7.3,8.0,14.8,0.51,82.0,51
2025-04-12,C.A. Soria,Soria,SÁBADO,4,2025,51,11.3,15.5,8.6,7.2,13.0,5.33,85.0,61
2025-04-13,C.A. Soria,Soria,DOMINGO,4,2025,61,11.3,16.2,7.4,4.6,11.1,1.27,84.0,43
2025-04-14,C.A. Soria,Soria,LUNES,4,2025,43,10.6,15.4,7.5,9.8,18.3,5.33,83.0,56
2025-04-15,C.A. Soria,Soria,MARTES,4,2025,56,6.4,10.2,2.5,10.9,16.5,5.33,78.0,67
2025-04-16,C.A. Soria,Soria,MIÉRCOLES,4,2025,67,4.3,9.1,-0.2,11.1,22.2,2.29,75.0,48
2025-04-17,C.A. Soria,Soria,JUEVES,4,2025,48,1.9,2.5,1.1,6.7,9.4,0.0,95.0,53
2025-04-18,C.A. Soria,Soria,VIERNES,4,2025,53,0.0,0.0,0.0,0.0,0.0,0.0,0.0,32
2025-04-19,C.A. Soria,Soria,SÁBADO,4,2025,32,0.0,0.0,0.0,0.0,0.0,0.0,0.0,47
2025-04-20,C.A. Soria,Soria,DOMINGO,4,2025,47,8.9,12.7,8.1,7.4,13.0,0.0,72.0,45
2025-04-21,C.A. Soria,Soria,LUNES,4,2025,45,10.8,15.5,6.2,8.7,14.8,0.76,72.0,67
2025-04-22,C.A. Soria,Soria,MARTES,4,2025,67,9.5,13.2,6.2,7.8,14.8,3.3,72.0,76
2025-04-23,C.A. Soria,Soria,MIÉRCOLES,4,2025,76,11.5,20.8,3.8,5.2,11.1,0.25,67.0,53
2025-04-24,C.A. Soria,Soria,JUEVES,4,2025,53,13.9,23.2,5.0,4.3,9.4,0.0,65.0,55
2025-04-25,C.A. Soria,Soria,VIERNES,4,2025,55,14.4,23.7,6.8,7.0,24.1,0.0,61.0,69
2025-04-26,C.A. Soria,Soria,SÁBADO,4,2025,69,11.4,16.8,7.5,7.6,13.0,0.25,61.0,46
2025-04-27,C.A. Soria,Soria,DOMINGO,4,2025,46,10.4,15.5,7.1,10.4,20.6,0.0,63.0,41
2025-04-28,C.A. Soria,Soria,LUNES,4,2025,41,11.2,20.7,2.0,6.3,11.1,0.0,65.0,64
2025-04-29,C.A. Soria,Soria,MARTES,4,2025,64,13.4,19.4,6.5,10.2,18.3,0.0,62.0,65
2025-04-30,C.A. Soria,Soria,MIÉRCOLES,4,2025,65,12.6,18.8,6.9,11.5,18.3,0.0,71.0,70
2025-05-01,C.A. Soria,Soria,JUEVES,5,2025,70,14.2,19.8,9.9,8.7,13.0,0.0,69.0,45
2025-05-02,C.A. Soria,Soria,VIERNES,5,2025,45,11.3,16.4,9.1,8.9,14.8,0.0,85.0,60
2025-05-03,C.A. Soria,Soria,SÁBADO,5,2025,60,13.4,19.0,8.6,10.2,16.5,12.45,66.0,52
2025-05-04,C.A. Soria,Soria,DOMINGO,5,2025,52,11.3,15.8,7.8,6.9,20.6,0.0,75.0,47
2025-05-05,C.A. Soria,Soria,LUNES,5,2025,47,9.7,15.5,5.9,9.6,18.3,0.51,72.0,80
2025-05-06,C.A. Soria,Soria,MARTES,5,2025,80,6.5,10.4,1.7,10.6,18.3,1.02,62.0,59
2025-05-07,C.A. Soria,Soria,MIÉRCOLES,5,2025,59,9.4,16.4,2.0,7.4,11.1,0.0,59.0,60
2025-05-08,C.A. Soria,Soria,JUEVES,5,2025,60,9.1,15.9,5.6,5.6,16.5,0.25,80.0,66
2025-05-09,C.A. Soria,Soria,VIERNES,5,2025,66,9.7,15.7,4.7,7.2,18.3,4.32,78.0,60
2025-05-10,C.A. Soria,Soria,SÁBADO,5,2025,60,9.9,14.5,7.4,7.6,18.3,7.87,88.0,60
2025-05-11,C.A. Soria,Soria,DOMINGO,5,2025,60,9.3,13.9,6.1,11.5,18.3,11.68,71.0,44
2025-05-12,C.A. Soria,Soria,LUNES,5,2025,44,10.4,16.0,5.2,8.9,16.5,0.0,65.0,79
2025-05-13,C.A. Soria,Soria,MARTES,5,2025,79,12.1,17.9,7.5,6.3,11.1,0.0,68.0,70
2025-05-14,C.A. Soria,Soria,MIÉRCOLES,5,2025,70,10.7,16.9,6.8,5.2,9.4,0.51,80.0,50
2025-05-15,C.A. Soria,Soria,JUEVES,5,2025,50,11.2,13.0,9.4,9.8,14.8,0.0,79.0,60
2025-05-16,C.A. Soria,Soria,VIERNES,5,2025,60,13.0,18.6,8.4,11.5,22.2,0.0,56.0,66
2025-05-17,C.A. Soria,Soria,SÁBADO,5,2025,66,13.8,23.0,2.9,5.4,11.1,0.0,48.0,41
2025-05-18,C.A. Soria,Soria,DOMINGO,5,2025,41,16.7,24.9,6.9,7.6,16.5,0.0,51.0,54
2025-05-19,C.A. Soria,Soria,LUNES,5,2025,54,12.7,15.8,9.5,10.0,16.5,0.0,65.0,53
2025-05-20,C.A. Soria,Soria,MARTES,5,2025,53,12.9,18.1,7.0,8.0,14.8,0.0,60.0,68
2025-05-21,C.A. Soria,Soria,MIÉRCOLES,5,2025,68,14.3,23.8,5.6,6.7,18.3,0.0,61.0,53
2025-05-22,C.A. Soria,Soria,JUEVES,5,2025,53,11.4,15.3,8.3,14.6,22.2,1.78,63.0,71
2025-05-23,C.A. Soria,Soria,VIERNES,5,2025,71,11.7,17.8,6.2,15.4,25.9,0.0,54.0,66
2025-05-24,C.A. Soria,Soria,SÁBADO,5,2025,66,14.1,22.6,3.3,5.0,11.1,0.0,37.0,51
2025-05-25,C.A. Soria,Soria,DOMINGO,5,2025,51,8.3,11.2,7.1,1.5,3.5,0.0,71.0,40
2025-05-26,C.A. Soria,Soria,LUNES,5,2025,40,16.4,25.5,8.9,7.0,14.8,0.0,59.0,73
2025-05-27,C.A. Soria,Soria,MARTES,5,2025,73,17.3,27.6,6.4,5.4,13.0,0.0,46.0,67
2025-05-28,C.A. Soria,Soria,MIÉRCOLES,5,2025,67,16.2,27.2,8.3,4.3,13.0,0.0,57.0,45
2025-05-29,C.A. Soria,Soria,JUEVES,5,2025,45,20.2,30.6,8.9,3.7,9.4,0.0,40.0,67
2025-05-30,C.A. Soria,Soria,VIERNES,5,2025,67,21.4,30.0,13.7,7.2,20.6,0.0,43.0,59
2025-05-31,C.A. Soria,Soria,SÁBADO,5,2025,59,22.3,30.5,13.2,5.2,11.1,0.0,44.0,50
2025-06-01,C.A. Soria,Soria,DOMINGO,6,2025,50,21.3,28.6,14.8,5.7,9.4,0.0,48.0,57
2025-06-02,C.A. Soria,Soria,LUNES,6,2025,57,16.5,21.0,13.0,9.8,14.8,20.07,81.0,65
2025-06-03,C.A. Soria,Soria,MARTES,6,2025,65,15.4,22.3,10.6,5.9,14.8,0.25,77.0,77
2025-06-04,C.A. Soria,Soria,MIÉRCOLES,6,2025,77,16.0,20.8,11.6,9.6,14.8,0.0,67.0,68
2025-06-05,C.A. Soria,Soria,JUEVES,6,2025,68,17.3,24.2,9.7,7.8,14.8,0.0,54.0,64
2025-06-06,C.A. Soria,Soria,VIERNES,6,2025,64,19.1,26.7,10.2,6.7,16.5,0.0,51.0,58
2025-06-07,C.A. Soria,Soria,SÁBADO,6,2025,58,19.9,26.5,12.7,9.6,16.5,0.0,48.0,46
2025-06-08,C.A. Soria,Soria,DOMINGO,6,2025,46,17.1,28.6,10.7,6.1,13.0,0.0,66.0,53
2025-06-09,C.A. Soria,Soria,LUNES,6,2025,53,24.7,33.1,12.3,5.7,11.1,0.0,40.0,63
2025-06-10,C.A. Soria,Soria,MARTES,6,2025,63,21.8,32.0,15.7,4.8,11.1,1.78,54.0,63
2025-06-11,C.A. Soria,Soria,MIÉRCOLES,6,2025,63,19.6,26.2,14.0,6.7,24.1,9.14,63.0,73
2025-06-12,C.A. Soria,Soria,JUEVES,6,2025,73,20.3,26.6,12.0,7.4,14.8,23.62,53.0,59
2025-06-13,C.A. Soria,Soria,VIERNES,6,2025,59,20.8,29.6,10.6,6.7,16.5,0.0,53.0,58
2025-06-14,C.A. Soria,Soria,SÁBADO,6,2025,58,21.3,30.1,13.0,6.5,14.8,0.0,56.0,44
2025-06-15,C.A. Soria,Soria,DOMINGO,6,2025,44,19.2,25.5,14.5,9.8,14.8,0.0,71.0,49
2025-06-16,C.A. Soria,Soria,LUNES,6,2025,49,21.8,31.8,12.1,6.1,11.1,0.0,55.0,67
2025-06-17,C.A. Soria,Soria,MARTES,6,2025,67,24.5,33.4,15.1,6.7,16.5,0.0,44.0,58
2025-06-18,C.A. Soria,Soria,MIÉRCOLES,6,2025,58,24.5,33.1,13.1,4.8,13.0,0.0,46.0,59
2025-06-19,C.A. Soria,Soria,JUEVES,6,2025,59,22.9,33.3,17.3,6.1,18.3,0.0,52.0,67
2025-06-20,C.A. Soria,Soria,VIERNES,6,2025,67,23.2,31.6,12.2,5.4,16.5,0.0,45.0,47
2025-06-21,C.A. Soria,Soria,SÁBADO,6,2025,47,25.1,33.7,18.5,6.5,13.0,0.0,41.0,63
2025-06-22,C.A. Soria,Soria,DOMINGO,6,2025,63,24.3,32.4,17.6,8.3,18.3,0.76,46.0,38
2025-06-23,C.A. Soria,Soria,LUNES,6,2025,38,24.0,33.0,15.1,4.6,9.4,1.27,51.0,57
2025-06-24,C.A. Soria,Soria,MARTES,6,2025,57,23.4,33.2,16.9,7.8,18.3,0.0,53.0,55
2025-06-25,C.A. Soria,Soria,MIÉRCOLES,6,2025,55,21.7,28.1,14.4,10.0,20.6,0.0,47.0,61
2025-06-26,C.A. Soria,Soria,JUEVES,6,2025,61,21.0,29.1,12.7,6.3,11.1,0.0,51.0,55
2025-06-27,C.A. Soria,Soria,VIERNES,6,2025,55,23.8,32.9,12.6,5.6,11.1,0.0,44.0,58
2025-06-28,C.A. Soria,Soria,SÁBADO,6,2025,58,25.6,34.5,14.9,5.6,13.0,0.0,40.0,59
2025-06-29,C.A. Soria,Soria,DOMINGO,6,2025,59,26.6,35.5,16.1,6.1,16.5,0.0,30.0,62
2025-06-30,C.A. Soria,Soria,LUNES,6,2025,62,25.3,34.6,17.7,6.3,18.3,0.0,36.0,82
2025-07-01,C.A. Soria,Soria,MARTES,7,2025,82,24.9,33.0,15.7,6.3,16.5,2.03,39.0,70
2025-07-02,C.A. Soria,Soria,MIÉRCOLES,7,2025,70,22.2,32.0,17.0,5.6,13.0,0.0,58.0,61
2025-07-03,C.A. Soria,Soria,JUEVES,7,2025,61,23.2,31.9,15.8,7.8,13.0,11.68,60.0,52
2025-07-04,C.A. Soria,Soria,VIERNES,7,2025,52,25.1,31.3,19.2,8.7,24.1,0.0,53.0,74
2025-07-05,C.A. Soria,Soria,SÁBADO,7,2025,74,21.7,30.1,14.5,6.9,14.8,11.68,61.0,54
2025-07-06,C.A. Soria,Soria,DOMINGO,7,2025,54,22.1,29.6,13.6,6.5,16.5,0.0,58.0,47
2025-07-07,C.A. Soria,Soria,LUNES,7,2025,47,18.6,25.2,12.9,11.3,22.2,0.0,62.0,59
2025-07-08,C.A. Soria,Soria,MARTES,7,2025,59,18.5,26.5,10.0,11.1,20.6,0.0,46.0,53
2025-07-09,C.A. Soria,Soria,MIÉRCOLES,7,2025,53,21.5,31.1,10.9,6.3,14.8,0.0,51.0,80
2025-07-10,C.A. Soria,Soria,JUEVES,7,2025,80,24.2,32.6,15.2,5.2,13.0,0.0,48.0,71
2025-07-11,C.A. Soria,Soria,VIERNES,7,2025,71,23.8,31.2,16.1,7.4,14.8,0.0,47.0,56
2025-07-12,C.A. Soria,Soria,SÁBADO,7,2025,56,19.1,24.2,15.3,5.4,11.1,0.0,65.0,65
2025-07-13,C.A. Soria,Soria,DOMINGO,7,2025,65,20.8,28.9,11.9,5.4,11.1,0.0,57.0,43
2025-07-14,C.A. Soria,Soria,LUNES,7,2025,43,23.5,32.3,14.2,7.0,16.5,0.0,52.0,69
2025-07-15,C.A. Soria,Soria,MARTES,7,2025,69,23.1,32.1,15.7,7.4,14.8,0.0,55.0,62
2025-07-16,C.A. Soria,Soria,MIÉRCOLES,7,2025,62,24.9,35.3,12.9,5.4,11.1,0.0,36.0,53
2025-07-17,C.A. Soria,Soria,JUEVES,7,2025,53,26.8,36.5,15.4,5.7,14.8,0.0,31.0,71
2025-07-18,C.A. Soria,Soria,VIERNES,7,2025,71,24.6,32.8,15.1,8.3,18.3,0.0,33.0,63
2025-07-19,C.A. Soria,Soria,SÁBADO,7,2025,63,21.2,27.7,14.6,8.3,16.5,0.0,48.0,52
2025-07-20,C.A. Soria,Soria,DOMINGO,7,2025,52,20.4,26.3,15.3,13.7,24.1,0.0,45.0,59
2025-07-21,C.A. Soria,Soria,LUNES,7,2025,59,19.3,27.1,11.6,8.1,11.1,0.0,38.0,78
2025-07-22,C.A. Soria,Soria,MARTES,7,2025,78,21.2,31.4,10.2,5.9,9.4,0.0,41.0,59
2025-07-23,C.A. Soria,Soria,MIÉRCOLES,7,2025,59,19.7,28.7,13.3,11.1,24.1,0.0,56.0,58
2025-07-24,C.A. Soria,Soria,JUEVES,7,2025,58,15.7,21.3,11.0,14.6,18.3,0.0,55.0,59
2025-07-25,C.A. Soria,Soria,VIERNES,7,2025,59,17.0,23.0,11.5,13.3,20.6,0.0,52.0,59
2025-07-26,C.A. Soria,Soria,SÁBADO,7,2025,59,18.9,27.8,10.8,8.9,18.3,0.0,47.0,51
2025-07-27,C.A. Soria,Soria,DOMINGO,7,2025,51,21.3,31.1,11.1,7.0,16.5,0.0,40.0,33
2025-07-28,C.A. Soria,Soria,LUNES,7,2025,33,17.5,22.1,13.8,16.9,24.1,0.0,57.0,63
2025-07-29,C.A. Soria,Soria,MARTES,7,2025,63,17.6,22.0,12.4,15.7,20.6,0.0,54.0,62
2025-07-30,C.A. Soria,Soria,MIÉRCOLES,7,2025,62,19.1,26.7,10.6,9.4,14.8,0.0,54.0,67
2025-07-31,C.A. Soria,Soria,JUEVES,7,2025,67,20.2,31.4,9.9,7.2,18.3,0.0,50.0,47
2025-08-01,C.A. Soria,Soria,VIERNES,8,2025,47,20.2,30.4,11.4,6.3,11.1,0.0,51.0,72
2025-08-02,C.A. Soria,Soria,SÁBADO,8,2025,72,20.6,31.1,11.7,7.2,18.3,0.0,47.0,45
2025-08-03,C.A. Soria,Soria,DOMINGO,8,2025,45,22.1,30.9,12.5,6.7,14.8,0.0,28.0,50
2025-08-04,C.A. Soria,Soria,LUNES,8,2025,50,24.0,35.8,10.7,4.6,13.0,0.0,34.0,64
2025-08-05,C.A. Soria,Soria,MARTES,8,2025,64,23.4,33.4,14.6,7.8,20.6,0.0,42.0,63
2025-08-06,C.A. Soria,Soria,MIÉRCOLES,8,2025,63,24.9,34.7,15.3,5.2,13.0,0.0,36.0,64
2025-08-07,C.A. Soria,Soria,JUEVES,8,2025,64,26.4,36.8,15.5,5.0,13.0,0.0,35.0,69
2025-08-08,C.A. Soria,Soria,VIERNES,8,2025,69,27.4,37.5,16.4,5.2,11.1,0.0,31.0,58
2025-08-09,C.A. Soria,Soria,SÁBADO,8,2025,58,26.8,37.2,17.3,5.9,14.8,0.0,34.0,49
2025-08-10,C.A. Soria,Soria,DOMINGO,8,2025,49,27.6,36.2,16.0,6.3,13.0,0.0,32.0,43
2025-08-11,C.A. Soria,Soria,LUNES,8,2025,43,27.6,37.2,18.1,5.4,13.0,0.0,32.0,84
2025-08-12,C.A. Soria,Soria,MARTES,8,2025,84,25.8,36.0,19.1,6.9,16.5,1.02,38.0,68
2025-08-13,C.A. Soria,Soria,MIÉRCOLES,8,2025,68,23.9,30.7,18.9,6.1,16.5,1.27,45.0,83
2025-08-14,C.A. Soria,Soria,JUEVES,8,2025,83,24.1,34.4,14.7,5.2,14.8,0.0,42.0,75
2025-08-15,C.A. Soria,Soria,VIERNES,8,2025,75,26.6,36.1,16.2,4.4,13.0,0.0,34.0,47
2025-08-16,C.A. Soria,Soria,SÁBADO,8,2025,47,26.9,35.3,18.0,4.4,13.0,0.0,31.0,53
2025-08-17,C.A. Soria,Soria,DOMINGO,8,2025,53,26.4,37.0,16.1,5.9,14.8,0.0,29.0,59
2025-08-18,C.A. Soria,Soria,LUNES,8,2025,59,25.4,34.3,17.9,7.0,20.6,0.25,36.0,85
2025-08-19,C.A. Soria,Soria,MARTES,8,2025,85,20.8,27.9,14.7,10.7,18.3,0.0,58.0,66
2025-08-20,C.A. Soria,Soria,MIÉRCOLES,8,2025,66,17.1,23.0,11.4,6.9,16.5,0.0,57.0,55
2025-08-21,C.A. Soria,Soria,JUEVES,8,2025,55,16.1,22.3,10.7,8.7,16.5,0.0,64.0,68
2025-08-22,C.A. Soria,Soria,VIERNES,8,2025,68,17.6,26.2,10.3,6.3,13.0,0.0,55.0,58
2025-08-23,C.A. Soria,Soria,SÁBADO,8,2025,58,19.9,31.4,8.6,5.4,14.8,0.0,41.0,43
2025-08-24,C.A. Soria,Soria,DOMINGO,8,2025,43,22.4,30.1,12.7,4.8,13.0,0.0,44.0,49
2025-08-25,C.A. Soria,Soria,LUNES,8,2025,49,0.0,0.0,0.0,0.0,0.0,0.0,0.0,69
2025-08-26,C.A. Soria,Soria,MARTES,8,2025,69,0.0,0.0,0.0,0.0,0.0,0.0,0.0,55
2025-08-27,C.A. Soria,Soria,MIÉRCOLES,8,2025,55,0.0,0.0,0.0,0.0,0.0,0.0,0.0,61
2025-08-28,C.A. Soria,Soria,JUEVES,8,2025,61,0.0,0.0,0.0,0.0,0.0,0.0,0.0,43
2025-08-29,C.A. Soria,Soria,VIERNES,8,2025,43,0.0,0.0,0.0,0.0,0.0,0.0,0.0,59
2025-08-30,C.A. Soria,Soria,SÁBADO,8,2025,59,0.0,0.0,0.0,0.0,0.0,0.0,0.0,33
2025-08-31,C.A. Soria,Soria,DOMINGO,8,2025,33,0.0,0.0,0.0,0.0,0.0,0.0,0.0,46
2024-01-01,H. Medina del Campo,Valladolid,LUNES,1,2024,32,4.6,9.7,0.9,5.7,9.4,0.51,86.0,32
2024-01-02,H. Medina del Campo,Valladolid,MARTES,1,2024,32,7.2,11.0,3.1,7.0,9.4,0.0,93.0,40
2024-01-03,H. Medina del Campo,Valladolid,MIÉRCOLES,1,2024,40,9.8,11.7,6.4,8.3,13.0,9.4,95.0,45
2024-01-04,H. Medina del Campo,Valladolid,JUEVES,1,2024,45,7.1,9.3,5.7,4.6,7.6,2.03,100.0,30
2024-01-05,H. Medina del Campo,Valladolid,VIERNES,1,2024,30,4.7,7.9,1.5,8.5,16.5,3.81,86.0,21
2024-01-06,H. Medina del Campo,Valladolid,SÁBADO,1,2024,21,3.3,8.2,0.6,6.9,13.0,0.0,81.0,26
2024-01-07,H. Medina del Campo,Valladolid,DOMINGO,1,2024,26,1.6,8.2,-2.1,3.7,7.6,0.0,85.0,37
2024-01-08,H. Medina del Campo,Valladolid,LUNES,1,2024,37,0.9,4.9,-3.1,2.6,5.4,0.0,90.0,20
2024-01-09,H. Medina del Campo,Valladolid,MARTES,1,2024,20,3.1,4.3,2.1,2.4,3.5,0.0,91.0,32
2024-01-10,H. Medina del Campo,Valladolid,MIÉRCOLES,1,2024,32,4.6,6.8,3.2,5.4,13.0,0.0,98.0,23
2024-01-11,H. Medina del Campo,Valladolid,JUEVES,1,2024,23,2.1,4.9,-0.7,3.0,5.4,2.54,88.0,24
2024-01-12,H. Medina del Campo,Valladolid,VIERNES,1,2024,24,0.4,5.2,-3.1,2.8,5.4,0.0,88.0,28
2024-01-13,H. Medina del Campo,Valladolid,SÁBADO,1,2024,28,3.4,7.3,-0.5,2.4,3.5,0.0,89.0,32
2024-01-14,H. Medina del Campo,Valladolid,DOMINGO,1,2024,32,7.9,10.4,5.4,3.7,7.6,5.08,99.0,25
2024-01-15,H. Medina del Campo,Valladolid,LUNES,1,2024,25,11.3,14.2,8.8,6.7,13.0,7.87,99.0,20
2024-01-16,H. Medina del Campo,Valladolid,MARTES,1,2024,20,11.7,14.7,10.2,6.9,13.0,9.4,89.0,31
2024-01-17,H. Medina del Campo,Valladolid,MIÉRCOLES,1,2024,31,10.3,12.5,9.0,11.9,20.6,21.34,88.0,39
2024-01-18,H. Medina del Campo,Valladolid,JUEVES,1,2024,39,9.8,12.4,8.0,11.1,24.1,3.05,83.0,29
2024-01-19,H. Medina del Campo,Valladolid,VIERNES,1,2024,29,3.1,6.8,-1.0,7.0,11.1,4.06,71.0,28
2024-01-20,H. Medina del Campo,Valladolid,SÁBADO,1,2024,28,0.0,6.3,-4.2,4.1,7.6,0.0,0.0,22
2024-01-21,H. Medina del Campo,Valladolid,DOMINGO,1,2024,22,2.5,9.8,-1.9,3.7,9.4,0.0,88.0,27
2024-01-22,H. Medina del Campo,Valladolid,LUNES,1,2024,27,7.9,12.5,3.5,7.0,13.0,0.0,91.0,17
2024-01-23,H. Medina del Campo,Valladolid,MARTES,1,2024,17,10.2,11.7,9.1,3.7,9.4,0.0,97.0,24
2024-01-24,H. Medina del Campo,Valladolid,MIÉRCOLES,1,2024,24,8.4,9.8,7.2,2.8,7.6,0.0,100.0,33
2024-01-25,H. Medina del Campo,Valladolid,JUEVES,1,2024,33,5.8,8.1,3.8,2.4,5.4,0.0,100.0,27
2024-01-26,H. Medina del Campo,Valladolid,VIERNES,1,2024,27,5.9,12.0,1.7,3.0,5.4,0.0,97.0,35
2024-01-27,H. Medina del Campo,Valladolid,SÁBADO,1,2024,35,7.2,13.8,2.8,2.2,3.5,0.0,93.0,22
2024-01-28,H. Medina del Campo,Valladolid,DOMINGO,1,2024,22,7.8,16.9,1.7,2.6,5.4,0.0,87.0,21
2024-01-29,H. Medina del Campo,Valladolid,LUNES,1,2024,21,8.9,15.5,4.8,2.0,3.5,0.0,85.0,30
2024-01-30,H. Medina del Campo,Valladolid,MARTES,1,2024,30,7.0,14.6,2.1,3.1,5.4,0.0,93.0,24
2024-01-31,H. Medina del Campo,Valladolid,MIÉRCOLES,1,2024,24,5.1,11.1,1.7,2.2,3.5,0.0,96.0,20
2024-02-01,H. Medina del Campo,Valladolid,JUEVES,2,2024,20,5.4,13.5,0.8,2.2,5.4,0.0,91.0,27
2024-02-02,H. Medina del Campo,Valladolid,VIERNES,2,2024,27,7.8,13.3,3.3,4.3,7.6,0.0,85.0,17
2024-02-03,H. Medina del Campo,Valladolid,SÁBADO,2,2024,17,7.4,16.0,1.9,2.8,5.4,0.0,81.0,28
2024-02-04,H. Medina del Campo,Valladolid,DOMINGO,2,2024,28,7.4,17.0,1.2,2.4,5.4,0.0,83.0,14
2024-02-05,H. Medina del Campo,Valladolid,LUNES,2,2024,14,6.8,14.4,1.1,2.8,5.4,0.0,86.0,26
2024-02-06,H. Medina del Campo,Valladolid,MARTES,2,2024,26,7.9,14.8,3.5,4.3,9.4,0.0,82.0,23
2024-02-07,H. Medina del Campo,Valladolid,MIÉRCOLES,2,2024,23,7.9,12.5,3.3,7.0,9.4,0.0,89.0,26
2024-02-08,H. Medina del Campo,Valladolid,JUEVES,2,2024,26,9.6,12.0,8.0,9.3,18.3,0.0,74.0,26
2024-02-09,H. Medina del Campo,Valladolid,VIERNES,2,2024,26,8.7,10.8,6.6,6.9,14.8,11.43,97.0,19
2024-02-10,H. Medina del Campo,Valladolid,SÁBADO,2,2024,19,5.5,9.0,2.7,14.6,20.6,17.27,82.0,26
2024-02-11,H. Medina del Campo,Valladolid,DOMINGO,2,2024,26,5.1,9.3,1.1,7.6,11.1,0.51,88.0,22
2024-02-12,H. Medina del Campo,Valladolid,LUNES,2,2024,22,10.9,16.0,6.0,10.6,20.6,0.51,78.0,22
2024-02-13,H. Medina del Campo,Valladolid,MARTES,2,2024,22,10.6,17.2,7.4,5.2,9.4,0.25,93.0,15
2024-02-14,H. Medina del Campo,Valladolid,MIÉRCOLES,2,2024,15,13.1,17.5,8.0,4.4,9.4,0.51,86.0,19
2024-02-15,H. Medina del Campo,Valladolid,JUEVES,2,2024,19,11.3,17.0,8.8,5.2,13.0,0.0,89.0,25
2024-02-16,H. Medina del Campo,Valladolid,VIERNES,2,2024,25,8.6,14.9,4.9,4.3,7.6,9.91,83.0,26
2024-02-17,H. Medina del Campo,Valladolid,SÁBADO,2,2024,26,7.8,14.6,2.5,2.8,5.4,0.0,78.0,25
2024-02-18,H. Medina del Campo,Valladolid,DOMINGO,2,2024,25,8.6,17.0,2.2,3.0,5.4,0.0,79.0,17
2024-02-19,H. Medina del Campo,Valladolid,LUNES,2,2024,17,10.8,16.7,7.0,4.1,7.6,0.0,75.0,26
2024-02-20,H. Medina del Campo,Valladolid,MARTES,2,2024,26,8.1,16.9,1.1,2.8,5.4,0.0,66.0,28
2024-02-21,H. Medina del Campo,Valladolid,MIÉRCOLES,2,2024,28,8.4,14.5,1.9,5.2,11.1,0.0,76.0,24
2024-02-22,H. Medina del Campo,Valladolid,JUEVES,2,2024,24,8.9,13.2,3.6,11.9,20.6,0.0,84.0,16
2024-02-23,H. Medina del Campo,Valladolid,VIERNES,2,2024,16,4.7,9.4,2.1,17.0,25.9,1.02,77.0,22
2024-02-24,H. Medina del Campo,Valladolid,SÁBADO,2,2024,22,5.5,9.7,1.4,15.4,22.2,0.0,76.0,16
2024-02-25,H. Medina del Campo,Valladolid,DOMINGO,2,2024,16,9.0,11.8,5.5,14.8,22.2,2.29,90.0,25
2024-02-26,H. Medina del Campo,Valladolid,LUNES,2,2024,25,5.6,7.9,2.7,14.4,22.2,2.29,78.0,23
2024-02-27,H. Medina del Campo,Valladolid,MARTES,2,2024,23,4.6,10.0,0.5,8.3,16.5,0.0,65.0,18
2024-02-28,H. Medina del Campo,Valladolid,MIÉRCOLES,2,2024,18,5.1,12.1,-1.7,3.0,5.4,0.0,72.0,18
2024-02-29,H. Medina del Campo,Valladolid,JUEVES,2,2024,18,4.6,11.2,0.5,10.2,24.1,0.0,79.0,30
2024-03-01,H. Medina del Campo,Valladolid,VIERNES,3,2024,30,4.8,9.4,0.1,11.3,16.5,0.51,80.0,23
2024-03-02,H. Medina del Campo,Valladolid,SÁBADO,3,2024,23,4.8,7.3,0.8,11.5,22.2,0.0,92.0,21
2024-03-03,H. Medina del Campo,Valladolid,DOMINGO,3,2024,21,4.0,9.3,-0.2,10.9,22.2,9.65,83.0,23
2024-03-04,H. Medina del Campo,Valladolid,LUNES,3,2024,23,7.8,12.6,5.6,10.9,18.3,0.51,81.0,24
2024-03-05,H. Medina del Campo,Valladolid,MARTES,3,2024,24,6.6,11.6,2.2,5.9,9.4,1.27,73.0,28
2024-03-06,H. Medina del Campo,Valladolid,MIÉRCOLES,3,2024,28,6.5,14.3,-0.6,3.7,7.6,0.0,66.0,23
2024-03-07,H. Medina del Campo,Valladolid,JUEVES,3,2024,23,6.4,11.5,2.6,7.0,16.5,0.0,78.0,23
2024-03-08,H. Medina del Campo,Valladolid,VIERNES,3,2024,23,5.2,10.4,0.6,10.2,20.6,6.35,84.0,25
2024-03-09,H. Medina del Campo,Valladolid,SÁBADO,3,2024,25,5.2,8.3,3.0,10.4,18.3,15.75,80.0,23
2024-03-10,H. Medina del Campo,Valladolid,DOMINGO,3,2024,23,7.1,12.2,3.5,14.4,24.1,0.51,80.0,31
2024-03-11,H. Medina del Campo,Valladolid,LUNES,3,2024,31,7.0,12.7,3.1,11.7,14.8,0.76,77.0,30
2024-03-12,H. Medina del Campo,Valladolid,MARTES,3,2024,30,9.3,15.7,3.0,3.1,5.4,0.0,68.0,29
2024-03-13,H. Medina del Campo,Valladolid,MIÉRCOLES,3,2024,29,9.3,20.1,2.6,2.8,5.4,0.0,64.0,14
2024-03-14,H. Medina del Campo,Valladolid,JUEVES,3,2024,14,12.9,16.3,6.6,8.9,14.8,0.0,69.0,28
2024-03-15,H. Medina del Campo,Valladolid,VIERNES,3,2024,28,11.7,16.7,8.7,5.2,9.4,0.76,84.0,27
2024-03-16,H. Medina del Campo,Valladolid,SÁBADO,3,2024,27,11.4,16.8,5.8,3.7,7.6,0.51,85.0,25
2024-03-17,H. Medina del Campo,Valladolid,DOMINGO,3,2024,25,13.1,19.3,7.2,2.8,5.4,0.0,80.0,27
2024-03-18,H. Medina del Campo,Valladolid,LUNES,3,2024,27,14.2,22.0,7.1,3.1,7.6,0.0,72.0,26
2024-03-19,H. Medina del Campo,Valladolid,MARTES,3,2024,26,14.8,22.2,7.3,3.7,7.6,0.0,65.0,31
2024-03-20,H. Medina del Campo,Valladolid,MIÉRCOLES,3,2024,31,15.3,23.2,8.6,4.4,9.4,0.0,65.0,18
2024-03-21,H. Medina del Campo,Valladolid,JUEVES,3,2024,18,16.4,23.8,10.6,6.5,14.8,0.0,61.0,29
2024-03-22,H. Medina del Campo,Valladolid,VIERNES,3,2024,29,17.0,26.6,9.4,3.1,5.4,0.0,54.0,23
2024-03-23,H. Medina del Campo,Valladolid,SÁBADO,3,2024,23,13.6,19.0,8.5,5.4,7.6,0.0,67.0,21
2024-03-24,H. Medina del Campo,Valladolid,DOMINGO,3,2024,21,10.2,18.0,3.7,5.4,7.6,0.0,60.0,31
2024-03-25,H. Medina del Campo,Valladolid,LUNES,3,2024,31,9.6,17.5,5.6,10.0,20.6,0.0,67.0,23
2024-03-26,H. Medina del Campo,Valladolid,MARTES,3,2024,23,4.6,8.4,1.7,12.4,18.3,0.76,69.0,23
2024-03-27,H. Medina del Campo,Valladolid,MIÉRCOLES,3,2024,23,8.7,14.0,1.5,15.7,31.3,3.56,75.0,29
2024-03-28,H. Medina del Campo,Valladolid,JUEVES,3,2024,29,0.0,0.0,0.0,0.0,0.0,0.0,0.0,20
2024-03-29,H. Medina del Campo,Valladolid,VIERNES,3,2024,20,0.0,0.0,0.0,0.0,0.0,0.0,0.0,24
2024-03-30,H. Medina del Campo,Valladolid,SÁBADO,3,2024,24,0.0,0.0,0.0,0.0,0.0,0.0,0.0,18
2024-03-31,H. Medina del Campo,Valladolid,DOMINGO,3,2024,18,0.0,0.0,0.0,0.0,0.0,0.0,0.0,25
2024-04-01,H. Medina del Campo,Valladolid,LUNES,4,2024,25,6.8,11.6,4.6,7.8,9.4,0.0,75.0,24
2024-04-02,H. Medina del Campo,Valladolid,MARTES,4,2024,24,5.1,9.2,3.1,5.2,9.4,0.0,93.0,17
2024-04-03,H. Medina del Campo,Valladolid,MIÉRCOLES,4,2024,17,11.9,17.2,7.9,8.0,16.5,1.78,74.0,31
2024-04-04,H. Medina del Campo,Valladolid,JUEVES,4,2024,31,13.3,20.2,6.7,5.2,9.4,0.0,62.0,15
2024-04-05,H. Medina del Campo,Valladolid,VIERNES,4,2024,15,16.3,23.1,9.0,7.6,13.0,0.0,48.0,25
2024-04-06,H. Medina del Campo,Valladolid,SÁBADO,4,2024,25,18.3,21.5,14.9,8.7,14.8,0.0,46.0,23
2024-04-07,H. Medina del Campo,Valladolid,DOMINGO,4,2024,23,13.7,18.9,10.8,4.8,9.4,0.0,78.0,22
2024-04-08,H. Medina del Campo,Valladolid,LUNES,4,2024,22,9.6,13.6,3.6,9.6,20.6,6.6,83.0,21
2024-04-09,H. Medina del Campo,Valladolid,MARTES,4,2024,21,7.6,13.8,1.6,5.9,11.1,4.32,66.0,19
2024-04-10,H. Medina del Campo,Valladolid,MIÉRCOLES,4,2024,19,10.7,18.0,2.9,3.3,7.6,0.0,69.0,34
2024-04-11,H. Medina del Campo,Valladolid,JUEVES,4,2024,34,15.0,23.2,6.5,4.4,7.6,0.0,64.0,22
2024-04-12,H. Medina del Campo,Valladolid,VIERNES,4,2024,22,17.8,26.4,8.8,3.3,7.6,0.0,57.0,18
2024-04-13,H. Medina del Campo,Valladolid,SÁBADO,4,2024,18,18.5,26.8,9.5,3.7,5.4,0.0,56.0,18
2024-04-14,H. Medina del Campo,Valladolid,DOMINGO,4,2024,18,19.1,27.1,10.8,3.9,7.6,0.0,58.0,29
2024-04-15,H. Medina del Campo,Valladolid,LUNES,4,2024,29,17.1,23.2,11.1,4.1,7.6,0.0,64.0,48
2024-04-16,H. Medina del Campo,Valladolid,MARTES,4,2024,48,12.2,19.2,5.9,5.7,13.0,0.0,65.0,26
2024-04-17,H. Medina del Campo,Valladolid,MIÉRCOLES,4,2024,26,10.6,17.4,4.5,6.1,11.1,0.0,63.0,24
2024-04-18,H. Medina del Campo,Valladolid,JUEVES,4,2024,24,10.1,17.5,3.0,5.9,9.4,0.0,61.0,20
2024-04-19,H. Medina del Campo,Valladolid,VIERNES,4,2024,20,11.9,21.9,2.4,4.4,5.4,0.0,51.0,32
2024-04-20,H. Medina del Campo,Valladolid,SÁBADO,4,2024,32,13.6,22.0,5.7,6.1,11.1,0.0,47.0,29
2024-04-21,H. Medina del Campo,Valladolid,DOMINGO,4,2024,29,11.8,20.4,4.5,6.7,11.1,0.0,47.0,22
2024-04-22,H. Medina del Campo,Valladolid,LUNES,4,2024,22,8.6,14.5,4.1,8.1,11.1,0.0,48.0,28
2024-04-23,H. Medina del Campo,Valladolid,MARTES,4,2024,28,8.1,15.2,0.3,7.2,16.5,0.0,56.0,22
2024-04-24,H. Medina del Campo,Valladolid,MIÉRCOLES,4,2024,22,9.4,17.1,1.4,4.1,9.4,0.0,54.0,26
2024-04-25,H. Medina del Campo,Valladolid,JUEVES,4,2024,26,10.7,17.0,5.5,6.1,14.8,0.0,60.0,22
2024-04-26,H. Medina del Campo,Valladolid,VIERNES,4,2024,22,10.4,16.5,6.9,6.9,14.8,0.51,70.0,22
2024-04-27,H. Medina del Campo,Valladolid,SÁBADO,4,2024,22,8.4,12.9,5.2,7.8,14.8,0.76,80.0,27
2024-04-28,H. Medina del Campo,Valladolid,DOMINGO,4,2024,27,8.6,13.2,2.6,3.7,7.6,5.08,72.0,22
2024-04-29,H. Medina del Campo,Valladolid,LUNES,4,2024,22,10.4,17.7,3.2,4.3,9.4,0.51,64.0,20
2024-04-30,H. Medina del Campo,Valladolid,MARTES,4,2024,20,10.1,15.6,4.5,8.3,14.8,0.0,71.0,24
2024-05-01,H. Medina del Campo,Valladolid,MIÉRCOLES,5,2024,24,0.0,0.0,0.0,0.0,0.0,0.0,0.0,20
2024-05-02,H. Medina del Campo,Valladolid,JUEVES,5,2024,20,7.7,13.7,2.4,9.3,16.5,4.32,75.0,23
2024-05-03,H. Medina del Campo,Valladolid,VIERNES,5,2024,23,10.5,15.8,4.2,8.3,14.8,0.25,69.0,23
2024-05-04,H. Medina del Campo,Valladolid,SÁBADO,5,2024,23,14.6,21.7,9.2,9.1,18.3,0.0,65.0,12
2024-05-05,H. Medina del Campo,Valladolid,DOMINGO,5,2024,12,14.0,19.6,11.6,8.1,16.5,0.0,82.0,25
2024-05-06,H. Medina del Campo,Valladolid,LUNES,5,2024,25,12.8,18.0,7.7,7.2,9.4,4.83,61.0,23
2024-05-07,H. Medina del Campo,Valladolid,MARTES,5,2024,23,12.1,18.8,5.3,5.2,9.4,0.0,65.0,22
2024-05-08,H. Medina del Campo,Valladolid,MIÉRCOLES,5,2024,22,12.6,21.7,5.9,4.1,5.4,0.0,63.0,35
2024-05-09,H. Medina del Campo,Valladolid,JUEVES,5,2024,35,16.4,26.2,6.7,4.1,7.6,0.0,53.0,21
2024-05-10,H. Medina del Campo,Valladolid,VIERNES,5,2024,21,19.4,27.5,9.9,3.7,11.1,0.0,44.0,37
2024-05-11,H. Medina del Campo,Valladolid,SÁBADO,5,2024,37,18.6,26.0,11.6,5.0,11.1,0.0,53.0,28
2024-05-12,H. Medina del Campo,Valladolid,DOMINGO,5,2024,28,17.9,25.3,10.2,4.4,9.4,0.0,57.0,24
2024-05-13,H. Medina del Campo,Valladolid,LUNES,5,2024,24,16.1,25.0,10.6,9.6,16.5,0.0,66.0,24
2024-05-14,H. Medina del Campo,Valladolid,MARTES,5,2024,24,11.0,17.4,7.1,11.3,20.6,4.06,73.0,24
2024-05-15,H. Medina del Campo,Valladolid,MIÉRCOLES,5,2024,24,10.6,16.8,5.0,10.0,16.5,0.51,63.0,27
2024-05-16,H. Medina del Campo,Valladolid,JUEVES,5,2024,27,10.3,14.8,5.8,8.9,14.8,0.0,68.0,27
2024-05-17,H. Medina del Campo,Valladolid,VIERNES,5,2024,27,11.8,17.8,8.0,5.9,14.8,7.37,76.0,23
2024-05-18,H. Medina del Campo,Valladolid,SÁBADO,5,2024,23,11.3,17.7,5.7,6.1,14.8,0.25,72.0,18
2024-05-19,H. Medina del Campo,Valladolid,DOMINGO,5,2024,18,11.0,16.4,7.8,3.7,9.4,0.0,83.0,17
2024-05-20,H. Medina del Campo,Valladolid,LUNES,5,2024,17,11.6,19.2,5.8,4.4,14.8,6.86,76.0,29
2024-05-21,H. Medina del Campo,Valladolid,MARTES,5,2024,29,12.1,20.3,7.3,5.9,16.5,1.02,75.0,16
2024-05-22,H. Medina del Campo,Valladolid,MIÉRCOLES,5,2024,16,12.7,19.0,7.1,7.2,13.0,6.6,70.0,27
2024-05-23,H. Medina del Campo,Valladolid,JUEVES,5,2024,27,13.2,19.9,6.0,4.4,7.6,0.0,61.0,23
2024-05-24,H. Medina del Campo,Valladolid,VIERNES,5,2024,23,15.6,23.9,6.8,4.3,9.4,0.0,54.0,19
2024-05-25,H. Medina del Campo,Valladolid,SÁBADO,5,2024,19,17.9,26.0,9.5,7.2,16.5,0.0,44.0,23
2024-05-26,H. Medina del Campo,Valladolid,DOMINGO,5,2024,23,17.9,24.3,11.0,6.7,11.1,0.0,59.0,26
2024-05-27,H. Medina del Campo,Valladolid,LUNES,5,2024,26,16.1,23.5,8.7,5.0,9.4,0.0,62.0,28
2024-05-28,H. Medina del Campo,Valladolid,MARTES,5,2024,28,18.6,28.0,8.6,4.6,7.6,0.0,49.0,26
2024-05-29,H. Medina del Campo,Valladolid,MIÉRCOLES,5,2024,26,21.8,30.4,12.1,4.4,9.4,0.0,46.0,17
2024-05-30,H. Medina del Campo,Valladolid,JUEVES,5,2024,17,20.6,28.5,13.9,6.5,18.3,0.0,56.0,26
2024-05-31,H. Medina del Campo,Valladolid,VIERNES,5,2024,26,15.3,22.4,8.7,7.6,14.8,0.0,51.0,29
2024-06-01,H. Medina del Campo,Valladolid,SÁBADO,6,2024,29,14.7,22.0,8.0,7.8,13.0,0.0,55.0,19
2024-06-02,H. Medina del Campo,Valladolid,DOMINGO,6,2024,19,16.0,23.8,8.1,6.9,16.5,0.0,57.0,26
2024-06-03,H. Medina del Campo,Valladolid,LUNES,6,2024,26,18.4,27.7,10.0,4.8,7.6,0.0,53.0,24
2024-06-04,H. Medina del Campo,Valladolid,MARTES,6,2024,24,20.2,29.5,9.6,4.6,7.6,0.0,48.0,32
2024-06-05,H. Medina del Campo,Valladolid,MIÉRCOLES,6,2024,32,22.6,32.2,14.3,4.4,9.4,0.0,46.0,28
2024-06-06,H. Medina del Campo,Valladolid,JUEVES,6,2024,28,24.8,31.3,15.2,4.3,9.4,0.0,42.0,27
2024-06-07,H. Medina del Campo,Valladolid,VIERNES,6,2024,27,25.7,33.2,19.6,6.3,13.0,0.51,47.0,21
2024-06-08,H. Medina del Campo,Valladolid,SÁBADO,6,2024,21,19.7,25.4,15.7,6.7,14.8,0.0,68.0,24
2024-06-09,H. Medina del Campo,Valladolid,DOMINGO,6,2024,24,16.7,21.5,13.0,6.3,13.0,0.76,72.0,28
2024-06-10,H. Medina del Campo,Valladolid,LUNES,6,2024,28,15.7,21.7,10.6,6.9,11.1,0.25,55.0,32
2024-06-11,H. Medina del Campo,Valladolid,MARTES,6,2024,32,15.6,23.0,7.4,6.3,13.0,0.0,54.0,17
2024-06-12,H. Medina del Campo,Valladolid,MIÉRCOLES,6,2024,17,15.8,21.5,10.8,7.8,11.1,0.0,50.0,23
2024-06-13,H. Medina del Campo,Valladolid,JUEVES,6,2024,23,18.2,27.5,7.5,5.6,11.1,0.0,44.0,19
2024-06-14,H. Medina del Campo,Valladolid,VIERNES,6,2024,19,20.7,27.2,14.3,10.7,18.3,0.0,51.0,31
2024-06-15,H. Medina del Campo,Valladolid,SÁBADO,6,2024,31,17.5,25.2,9.5,5.6,9.4,0.0,44.0,20
2024-06-16,H. Medina del Campo,Valladolid,DOMINGO,6,2024,20,19.2,27.3,11.1,7.8,14.8,0.0,49.0,23
2024-06-17,H. Medina del Campo,Valladolid,LUNES,6,2024,23,20.2,28.5,12.4,8.0,16.5,0.0,50.0,28
2024-06-18,H. Medina del Campo,Valladolid,MARTES,6,2024,28,17.1,22.3,14.3,6.3,11.1,2.03,69.0,19
2024-06-19,H. Medina del Campo,Valladolid,MIÉRCOLES,6,2024,19,16.3,24.1,10.5,4.4,9.4,0.0,62.0,27
2024-06-20,H. Medina del Campo,Valladolid,JUEVES,6,2024,27,14.2,20.4,11.6,4.3,7.6,9.91,86.0,23
2024-06-21,H. Medina del Campo,Valladolid,VIERNES,6,2024,23,17.9,26.0,10.0,4.3,7.6,27.43,61.0,29
2024-06-22,H. Medina del Campo,Valladolid,SÁBADO,6,2024,29,19.6,26.4,12.8,4.8,9.4,0.0,53.0,27
2024-06-23,H. Medina del Campo,Valladolid,DOMINGO,6,2024,27,20.7,28.2,13.0,5.6,13.0,0.0,59.0,22
2024-06-24,H. Medina del Campo,Valladolid,LUNES,6,2024,22,21.9,30.8,14.0,4.3,7.6,0.0,51.0,35
2024-06-25,H. Medina del Campo,Valladolid,MARTES,6,2024,35,23.1,32.9,15.2,4.8,13.0,0.0,54.0,27
2024-06-26,H. Medina del Campo,Valladolid,MIÉRCOLES,6,2024,27,24.5,33.1,17.1,5.9,13.0,5.33,55.0,23
2024-06-27,H. Medina del Campo,Valladolid,JUEVES,6,2024,23,24.9,33.1,17.4,5.2,11.1,0.0,57.0,20
2024-06-28,H. Medina del Campo,Valladolid,VIERNES,6,2024,20,22.1,31.4,15.6,7.0,18.3,0.0,65.0,31
2024-06-29,H. Medina del Campo,Valladolid,SÁBADO,6,2024,31,17.1,19.1,15.4,5.9,13.0,30.48,93.0,28
2024-06-30,H. Medina del Campo,Valladolid,DOMINGO,6,2024,28,19.9,26.0,15.2,5.7,9.4,2.54,64.0,26
2024-07-01,H. Medina del Campo,Valladolid,LUNES,7,2024,26,19.7,26.4,13.3,7.0,13.0,0.0,53.0,20
2024-07-02,H. Medina del Campo,Valladolid,MARTES,7,2024,20,21.0,29.0,12.4,5.9,11.1,0.0,52.0,15
2024-07-03,H. Medina del Campo,Valladolid,MIÉRCOLES,7,2024,15,23.3,32.8,13.4,4.6,9.4,0.0,37.0,29
2024-07-04,H. Medina del Campo,Valladolid,JUEVES,7,2024,29,25.0,33.4,15.6,4.4,7.6,0.0,36.0,25
2024-07-05,H. Medina del Campo,Valladolid,VIERNES,7,2024,25,26.8,36.8,17.3,6.7,14.8,0.0,44.0,19
2024-07-06,H. Medina del Campo,Valladolid,SÁBADO,7,2024,19,20.8,27.1,13.6,7.2,16.5,0.51,59.0,27
2024-07-07,H. Medina del Campo,Valladolid,DOMINGO,7,2024,27,19.7,28.2,11.5,5.6,9.4,0.0,49.0,22
2024-07-08,H. Medina del Campo,Valladolid,LUNES,7,2024,22,23.6,31.4,14.3,7.2,13.0,0.0,32.0,39
2024-07-09,H. Medina del Campo,Valladolid,MARTES,7,2024,39,23.0,29.9,18.1,6.9,16.5,0.0,45.0,31
2024-07-10,H. Medina del Campo,Valladolid,MIÉRCOLES,7,2024,31,24.6,32.1,18.4,7.0,11.1,0.0,54.0,28
2024-07-11,H. Medina del Campo,Valladolid,JUEVES,7,2024,28,24.7,31.4,19.3,8.5,16.5,0.0,47.0,25
2024-07-12,H. Medina del Campo,Valladolid,VIERNES,7,2024,25,21.4,28.2,15.2,5.4,7.6,0.0,52.0,31
2024-07-13,H. Medina del Campo,Valladolid,SÁBADO,7,2024,31,23.3,30.3,13.4,6.5,11.1,0.0,41.0,24
2024-07-14,H. Medina del Campo,Valladolid,DOMINGO,7,2024,24,24.6,31.2,17.0,8.5,13.0,0.0,28.0,20
2024-07-15,H. Medina del Campo,Valladolid,LUNES,7,2024,20,21.3,27.3,16.9,10.0,16.5,2.29,56.0,30
2024-07-16,H. Medina del Campo,Valladolid,MARTES,7,2024,30,21.1,29.3,12.7,4.3,5.4,0.0,45.0,32
2024-07-17,H. Medina del Campo,Valladolid,MIÉRCOLES,7,2024,32,23.6,33.8,13.7,4.8,9.4,0.0,41.0,25
2024-07-18,H. Medina del Campo,Valladolid,JUEVES,7,2024,25,26.3,35.4,17.2,6.1,13.0,0.0,31.0,30
2024-07-19,H. Medina del Campo,Valladolid,VIERNES,7,2024,30,27.6,36.6,18.2,6.3,13.0,0.0,30.0,15
2024-07-20,H. Medina del Campo,Valladolid,SÁBADO,7,2024,15,25.6,31.0,19.2,10.6,18.3,0.0,45.0,35
2024-07-21,H. Medina del Campo,Valladolid,DOMINGO,7,2024,35,21.4,28.7,13.8,6.7,13.0,0.0,42.0,33
2024-07-22,H. Medina del Campo,Valladolid,LUNES,7,2024,33,23.4,33.8,12.3,5.0,7.6,0.0,36.0,25
2024-07-23,H. Medina del Campo,Valladolid,MARTES,7,2024,25,27.7,37.5,17.5,4.6,7.6,0.0,35.0,32
2024-07-24,H. Medina del Campo,Valladolid,MIÉRCOLES,7,2024,32,28.3,38.4,18.8,5.0,9.4,0.0,36.0,25
2024-07-25,H. Medina del Campo,Valladolid,JUEVES,7,2024,25,27.2,37.8,17.6,6.1,14.8,0.0,40.0,26
2024-07-26,H. Medina del Campo,Valladolid,VIERNES,7,2024,26,26.8,37.2,16.7,5.7,11.1,0.0,37.0,28
2024-07-27,H. Medina del Campo,Valladolid,SÁBADO,7,2024,28,27.6,36.5,18.4,5.7,11.1,0.0,42.0,25
2024-07-28,H. Medina del Campo,Valladolid,DOMINGO,7,2024,25,29.1,39.0,18.5,6.3,11.1,0.0,36.0,21
2024-07-29,H. Medina del Campo,Valladolid,LUNES,7,2024,21,28.1,33.9,21.0,5.6,18.3,0.0,38.0,34
2024-07-30,H. Medina del Campo,Valladolid,MARTES,7,2024,34,28.4,36.5,20.3,6.1,16.5,4.32,39.0,27
2024-07-31,H. Medina del Campo,Valladolid,MIÉRCOLES,7,2024,27,27.5,35.7,19.0,6.5,11.1,0.0,32.0,18
2024-08-01,H. Medina del Campo,Valladolid,JUEVES,8,2024,18,27.1,35.8,18.9,4.8,9.4,0.0,43.0,28
2024-08-02,H. Medina del Campo,Valladolid,VIERNES,8,2024,28,23.2,30.0,17.8,6.5,13.0,0.0,56.0,22
2024-08-03,H. Medina del Campo,Valladolid,SÁBADO,8,2024,22,24.1,33.1,15.4,5.0,7.6,0.0,45.0,24
2024-08-04,H. Medina del Campo,Valladolid,DOMINGO,8,2024,24,26.5,36.1,16.5,4.3,7.6,0.0,31.0,29
2024-08-05,H. Medina del Campo,Valladolid,LUNES,8,2024,29,27.6,36.8,18.0,5.9,11.1,0.0,34.0,29
2024-08-06,H. Medina del Campo,Valladolid,MARTES,8,2024,29,25.6,35.1,16.9,5.2,9.4,0.0,45.0,23
2024-08-07,H. Medina del Campo,Valladolid,MIÉRCOLES,8,2024,23,25.8,35.3,17.2,5.2,7.6,0.0,44.0,25
2024-08-08,H. Medina del Campo,Valladolid,JUEVES,8,2024,25,27.0,37.2,17.2,5.6,9.4,0.0,42.0,28
2024-08-09,H. Medina del Campo,Valladolid,VIERNES,8,2024,28,28.4,38.6,18.4,4.3,5.4,0.0,40.0,17
2024-08-10,H. Medina del Campo,Valladolid,SÁBADO,8,2024,17,30.1,38.5,20.5,5.0,9.4,0.0,30.0,29
2024-08-11,H. Medina del Campo,Valladolid,DOMINGO,8,2024,29,30.4,38.3,21.9,4.8,9.4,0.0,25.0,23
2024-08-12,H. Medina del Campo,Valladolid,LUNES,8,2024,23,0.0,0.0,0.0,0.0,0.0,0.0,0.0,25
2024-08-13,H. Medina del Campo,Valladolid,MARTES,8,2024,25,21.8,26.8,16.9,5.2,11.1,0.0,63.0,28
2024-08-14,H. Medina del Campo,Valladolid,MIÉRCOLES,8,2024,28,21.6,29.0,15.7,5.6,13.0,0.51,54.0,23
2024-08-15,H. Medina del Campo,Valladolid,JUEVES,8,2024,23,20.6,29.4,11.7,6.3,11.1,0.0,41.0,22
2024-08-16,H. Medina del Campo,Valladolid,VIERNES,8,2024,22,23.6,32.7,13.2,4.1,7.6,0.0,32.0,23
2024-08-17,H. Medina del Campo,Valladolid,SÁBADO,8,2024,23,25.2,34.3,16.8,5.0,13.0,0.0,37.0,20
2024-08-18,H. Medina del Campo,Valladolid,DOMINGO,8,2024,20,24.1,31.5,17.3,5.6,16.5,0.0,52.0,21
2024-08-19,H. Medina del Campo,Valladolid,LUNES,8,2024,21,22.9,33.0,13.6,5.0,11.1,0.0,42.0,26
2024-08-20,H. Medina del Campo,Valladolid,MARTES,8,2024,26,27.2,33.7,18.0,6.1,11.1,0.0,28.0,25
2024-08-21,H. Medina del Campo,Valladolid,MIÉRCOLES,8,2024,25,24.8,34.8,16.5,5.0,9.4,0.0,45.0,32
2024-08-22,H. Medina del Campo,Valladolid,JUEVES,8,2024,32,26.1,35.6,17.2,6.3,14.8,0.0,34.0,30
2024-08-23,H. Medina del Campo,Valladolid,VIERNES,8,2024,30,25.6,35.4,16.1,4.4,9.4,0.0,31.0,24
2024-08-24,H. Medina del Campo,Valladolid,SÁBADO,8,2024,24,24.8,33.7,17.2,7.8,14.8,0.0,38.0,17
2024-08-25,H. Medina del Campo,Valladolid,DOMINGO,8,2024,17,19.9,28.6,14.8,6.9,9.4,0.0,59.0,35
2024-08-26,H. Medina del Campo,Valladolid,LUNES,8,2024,35,20.6,30.4,11.3,4.4,7.6,0.0,46.0,27
2024-08-27,H. Medina del Campo,Valladolid,MARTES,8,2024,27,24.2,34.7,14.1,4.1,9.4,0.0,34.0,26
2024-08-28,H. Medina del Campo,Valladolid,MIÉRCOLES,8,2024,26,25.7,34.8,16.4,5.2,13.0,0.0,33.0,28
2024-08-29,H. Medina del Campo,Valladolid,JUEVES,8,2024,28,21.9,29.1,17.5,5.9,11.1,4.06,70.0,25
2024-08-30,H. Medina del Campo,Valladolid,VIERNES,8,2024,25,23.2,32.3,16.3,4.6,9.4,4.32,62.0,24
2024-08-31,H. Medina del Campo,Valladolid,SÁBADO,8,2024,24,21.1,27.1,17.7,4.6,9.4,0.0,74.0,34
2024-09-01,H. Medina del Campo,Valladolid,DOMINGO,9,2024,34,22.2,28.7,15.7,3.3,5.4,5.08,65.0,29
2024-09-02,H. Medina del Campo,Valladolid,LUNES,9,2024,29,22.1,30.0,16.6,5.2,9.4,0.0,62.0,32
2024-09-03,H. Medina del Campo,Valladolid,MARTES,9,2024,32,19.3,26.5,15.5,5.9,11.1,0.0,71.0,26
2024-09-04,H. Medina del Campo,Valladolid,MIÉRCOLES,9,2024,26,18.7,24.6,14.5,7.0,11.1,0.0,59.0,24
2024-09-05,H. Medina del Campo,Valladolid,JUEVES,9,2024,24,16.6,21.4,12.0,4.6,9.4,0.0,60.0,23
2024-09-06,H. Medina del Campo,Valladolid,VIERNES,9,2024,23,15.4,21.7,9.3,6.1,11.1,0.76,54.0,17
2024-09-07,H. Medina del Campo,Valladolid,SÁBADO,9,2024,17,16.7,23.6,10.2,6.9,13.0,0.0,54.0,22
2024-09-08,H. Medina del Campo,Valladolid,DOMINGO,9,2024,22,18.6,24.9,13.1,4.4,7.6,0.0,45.0,27
2024-09-09,H. Medina del Campo,Valladolid,LUNES,9,2024,27,18.7,27.5,10.6,4.1,7.6,0.0,51.0,28
2024-09-10,H. Medina del Campo,Valladolid,MARTES,9,2024,28,19.3,27.2,12.4,4.4,7.6,0.0,56.0,26
2024-09-11,H. Medina del Campo,Valladolid,MIÉRCOLES,9,2024,26,17.8,25.7,10.1,5.0,11.1,0.0,51.0,33
2024-09-12,H. Medina del Campo,Valladolid,JUEVES,9,2024,33,18.8,25.4,13.3,8.5,14.8,0.0,56.0,21
2024-09-13,H. Medina del Campo,Valladolid,VIERNES,9,2024,21,12.0,17.1,8.5,6.5,16.5,0.0,68.0,29
2024-09-14,H. Medina del Campo,Valladolid,SÁBADO,9,2024,29,15.5,26.7,6.1,3.7,5.4,0.0,40.0,21
2024-09-15,H. Medina del Campo,Valladolid,DOMINGO,9,2024,21,17.7,27.7,8.6,4.8,9.4,0.0,31.0,19
2024-09-16,H. Medina del Campo,Valladolid,LUNES,9,2024,19,17.5,26.2,10.0,7.0,11.1,0.0,31.0,33
2024-09-17,H. Medina del Campo,Valladolid,MARTES,9,2024,33,16.0,23.3,10.7,8.0,13.0,0.0,55.0,30
2024-09-18,H. Medina del Campo,Valladolid,MIÉRCOLES,9,2024,30,17.8,26.6,10.5,4.1,7.6,0.0,51.0,31
2024-09-19,H. Medina del Campo,Valladolid,JUEVES,9,2024,31,17.7,24.0,12.6,5.0,11.1,0.0,64.0,19
2024-09-20,H. Medina del Campo,Valladolid,VIERNES,9,2024,19,17.1,21.9,14.2,3.9,7.6,1.27,75.0,27
2024-09-21,H. Medina del Campo,Valladolid,SÁBADO,9,2024,27,15.9,21.5,12.7,4.3,7.6,5.08,83.0,20
2024-09-22,H. Medina del Campo,Valladolid,DOMINGO,9,2024,20,16.2,22.5,11.5,5.0,9.4,1.27,70.0,18
2024-09-23,H. Medina del Campo,Valladolid,LUNES,9,2024,18,16.1,21.7,10.2,6.3,11.1,0.0,52.0,29
2024-09-24,H. Medina del Campo,Valladolid,MARTES,9,2024,29,15.7,20.5,11.4,8.0,14.8,0.0,64.0,39
2024-09-25,H. Medina del Campo,Valladolid,MIÉRCOLES,9,2024,39,18.6,24.6,13.5,10.6,20.6,0.51,76.0,25
2024-09-26,H. Medina del Campo,Valladolid,JUEVES,9,2024,25,18.2,21.7,13.6,14.8,24.1,0.0,71.0,17
2024-09-27,H. Medina del Campo,Valladolid,VIERNES,9,2024,17,13.4,18.6,8.5,9.3,16.5,2.79,60.0,29
2024-09-28,H. Medina del Campo,Valladolid,SÁBADO,9,2024,29,11.3,19.0,4.6,3.9,7.6,0.0,56.0,21
2024-09-29,H. Medina del Campo,Valladolid,DOMINGO,9,2024,21,15.8,25.4,6.5,5.2,9.4,0.0,41.0,27
2024-09-30,H. Medina del Campo,Valladolid,LUNES,9,2024,27,18.0,27.4,9.1,4.8,9.4,0.0,39.0,25
2024-10-01,H. Medina del Campo,Valladolid,MARTES,10,2024,25,18.8,26.1,13.0,8.0,14.8,0.0,59.0,25
2024-10-02,H. Medina del Campo,Valladolid,MIÉRCOLES,10,2024,25,17.6,18.5,16.2,9.6,18.3,0.0,91.0,24
2024-10-03,H. Medina del Campo,Valladolid,JUEVES,10,2024,24,16.2,21.6,12.9,4.1,7.6,9.14,68.0,24
2024-10-04,H. Medina del Campo,Valladolid,VIERNES,10,2024,24,14.9,21.9,9.8,3.1,5.4,1.27,69.0,31
2024-10-05,H. Medina del Campo,Valladolid,SÁBADO,10,2024,31,16.3,22.7,10.4,7.0,14.8,0.0,78.0,25
2024-10-06,H. Medina del Campo,Valladolid,DOMINGO,10,2024,25,17.2,19.6,15.9,6.5,9.4,8.89,85.0,25
2024-10-07,H. Medina del Campo,Valladolid,LUNES,10,2024,25,15.1,17.4,11.9,8.3,16.5,18.29,88.0,31
2024-10-08,H. Medina del Campo,Valladolid,MARTES,10,2024,31,13.8,17.1,10.8,9.1,13.0,11.68,85.0,22
2024-10-09,H. Medina del Campo,Valladolid,MIÉRCOLES,10,2024,22,16.7,22.2,11.7,15.9,31.3,0.76,77.0,33
2024-10-10,H. Medina del Campo,Valladolid,JUEVES,10,2024,33,12.6,19.1,8.1,6.1,11.1,0.51,69.0,25
2024-10-11,H. Medina del Campo,Valladolid,VIERNES,10,2024,25,13.2,19.3,6.0,4.8,13.0,0.0,70.0,39
2024-10-12,H. Medina del Campo,Valladolid,SÁBADO,10,2024,39,16.8,21.1,14.0,4.6,9.4,0.25,80.0,19
2024-10-13,H. Medina del Campo,Valladolid,DOMINGO,10,2024,19,17.4,24.0,12.2,3.1,5.4,1.52,74.0,24
2024-10-14,H. Medina del Campo,Valladolid,LUNES,10,2024,24,17.6,22.5,12.2,3.3,7.6,0.0,78.0,34
2024-10-15,H. Medina del Campo,Valladolid,MARTES,10,2024,34,16.3,20.3,14.9,5.2,13.0,0.0,89.0,32
2024-10-16,H. Medina del Campo,Valladolid,MIÉRCOLES,10,2024,32,16.3,20.9,13.1,8.5,14.8,23.11,86.0,35
2024-10-17,H. Medina del Campo,Valladolid,JUEVES,10,2024,35,12.7,17.2,8.3,9.8,16.5,4.06,74.0,29
2024-10-18,H. Medina del Campo,Valladolid,VIERNES,10,2024,29,10.8,15.3,5.5,6.3,11.1,0.25,83.0,29
2024-10-19,H. Medina del Campo,Valladolid,SÁBADO,10,2024,29,14.5,17.8,11.6,6.7,11.1,0.0,84.0,19
2024-10-20,H. Medina del Campo,Valladolid,DOMINGO,10,2024,19,14.7,20.5,11.8,4.1,7.6,0.0,83.0,27
2024-10-21,H. Medina del Campo,Valladolid,LUNES,10,2024,27,13.9,21.5,8.3,3.1,5.4,0.0,80.0,25
2024-10-22,H. Medina del Campo,Valladolid,MARTES,10,2024,25,14.7,20.2,11.1,4.6,5.4,0.0,78.0,26
2024-10-23,H. Medina del Campo,Valladolid,MIÉRCOLES,10,2024,26,14.3,21.8,8.3,3.5,5.4,0.0,76.0,29
2024-10-24,H. Medina del Campo,Valladolid,JUEVES,10,2024,29,15.2,21.5,8.7,4.4,9.4,0.0,73.0,31
2024-10-25,H. Medina del Campo,Valladolid,VIERNES,10,2024,31,11.5,15.1,7.1,6.3,14.8,4.83,75.0,19
2024-10-26,H. Medina del Campo,Valladolid,SÁBADO,10,2024,19,7.3,12.0,3.9,5.2,9.4,0.0,79.0,20
2024-10-27,H. Medina del Campo,Valladolid,DOMINGO,10,2024,20,8.7,12.4,6.6,3.9,7.6,0.25,87.0,16
2024-10-28,H. Medina del Campo,Valladolid,LUNES,10,2024,16,12.5,17.9,8.7,8.3,20.6,1.78,80.0,26
2024-10-29,H. Medina del Campo,Valladolid,MARTES,10,2024,26,12.9,18.1,8.7,8.5,18.3,0.51,84.0,21
2024-10-30,H. Medina del Campo,Valladolid,MIÉRCOLES,10,2024,21,13.3,18.9,9.3,10.0,18.3,13.72,84.0,21
2024-10-31,H. Medina del Campo,Valladolid,JUEVES,10,2024,21,14.7,20.1,10.6,5.4,13.0,1.02,73.0,21
2024-11-01,H. Medina del Campo,Valladolid,VIERNES,11,2024,21,14.7,19.7,11.6,4.4,9.4,1.02,80.0,35
2024-11-02,H. Medina del Campo,Valladolid,SÁBADO,11,2024,35,14.1,19.6,10.1,5.0,11.1,0.0,78.0,15
2024-11-03,H. Medina del Campo,Valladolid,DOMINGO,11,2024,15,13.3,20.0,8.7,3.5,5.4,0.0,78.0,18
2024-11-04,H. Medina del Campo,Valladolid,LUNES,11,2024,18,12.7,19.2,8.1,3.9,7.6,0.0,79.0,32
2024-11-05,H. Medina del Campo,Valladolid,MARTES,11,2024,32,14.8,19.0,11.4,3.3,7.6,0.0,75.0,29
2024-11-06,H. Medina del Campo,Valladolid,MIÉRCOLES,11,2024,29,13.8,21.1,9.0,3.0,7.6,0.0,77.0,33
2024-11-07,H. Medina del Campo,Valladolid,JUEVES,11,2024,33,12.6,19.7,7.6,2.8,5.4,0.0,81.0,25
2024-11-08,H. Medina del Campo,Valladolid,VIERNES,11,2024,25,11.9,17.6,8.1,2.6,9.4,0.0,84.0,30
2024-11-09,H. Medina del Campo,Valladolid,SÁBADO,11,2024,30,12.8,17.4,10.1,5.4,9.4,0.0,77.0,23
2024-11-10,H. Medina del Campo,Valladolid,DOMINGO,11,2024,23,11.4,14.9,7.8,3.9,9.4,0.0,92.0,25
2024-11-11,H. Medina del Campo,Valladolid,LUNES,11,2024,25,11.0,15.7,7.5,5.2,11.1,1.27,78.0,32
2024-11-12,H. Medina del Campo,Valladolid,MARTES,11,2024,32,9.1,14.1,5.8,5.6,11.1,0.0,74.0,20
2024-11-13,H. Medina del Campo,Valladolid,MIÉRCOLES,11,2024,20,7.3,9.2,4.2,11.9,16.5,0.0,81.0,24
2024-11-14,H. Medina del Campo,Valladolid,JUEVES,11,2024,24,11.3,15.0,7.6,8.7,16.5,2.29,81.0,36
2024-11-15,H. Medina del Campo,Valladolid,VIERNES,11,2024,36,12.2,17.7,8.7,2.8,5.4,0.0,79.0,25
2024-11-16,H. Medina del Campo,Valladolid,SÁBADO,11,2024,25,11.0,16.5,6.7,3.0,3.5,0.0,81.0,16
2024-11-17,H. Medina del Campo,Valladolid,DOMINGO,11,2024,16,11.6,17.8,6.6,2.8,3.5,0.0,73.0,19
2024-11-18,H. Medina del Campo,Valladolid,LUNES,11,2024,19,0.0,0.0,0.0,0.0,0.0,0.0,0.0,28
2024-11-19,H. Medina del Campo,Valladolid,MARTES,11,2024,28,0.0,0.0,0.0,0.0,0.0,0.0,0.0,21
2024-11-20,H. Medina del Campo,Valladolid,MIÉRCOLES,11,2024,21,0.0,0.0,0.0,0.0,0.0,0.0,0.0,28
2024-11-21,H. Medina del Campo,Valladolid,JUEVES,11,2024,28,0.0,0.0,0.0,0.0,0.0,0.0,0.0,24
2024-11-22,H. Medina del Campo,Valladolid,VIERNES,11,2024,24,7.3,10.2,4.3,4.1,5.4,0.0,74.0,27
2024-11-23,H. Medina del Campo,Valladolid,SÁBADO,11,2024,27,12.2,16.5,3.8,6.5,11.1,0.25,78.0,28
2024-11-24,H. Medina del Campo,Valladolid,DOMINGO,11,2024,28,14.8,18.0,10.7,11.5,22.2,0.0,59.0,21
2024-11-25,H. Medina del Campo,Valladolid,LUNES,11,2024,21,11.4,16.8,6.3,11.1,20.6,7.87,73.0,32
2024-11-26,H. Medina del Campo,Valladolid,MARTES,11,2024,32,6.2,9.6,4.0,3.3,5.4,9.4,91.0,31
2024-11-27,H. Medina del Campo,Valladolid,MIÉRCOLES,11,2024,31,4.5,8.9,1.7,2.4,3.5,0.0,96.0,31
2024-11-28,H. Medina del Campo,Valladolid,JUEVES,11,2024,31,5.1,12.7,1.4,2.8,5.4,0.51,91.0,26
2024-11-29,H. Medina del Campo,Valladolid,VIERNES,11,2024,26,8.4,15.6,4.0,2.2,3.5,0.0,86.0,24
2024-11-30,H. Medina del Campo,Valladolid,SÁBADO,11,2024,24,9.2,15.3,4.2,2.2,3.5,0.0,91.0,25
2024-12-01,H. Medina del Campo,Valladolid,DOMINGO,12,2024,25,0.0,0.0,0.0,0.0,0.0,0.0,0.0,25
2024-12-02,H. Medina del Campo,Valladolid,LUNES,12,2024,25,10.7,14.7,8.5,4.4,11.1,1.78,92.0,45
2024-12-03,H. Medina del Campo,Valladolid,MARTES,12,2024,45,7.8,8.7,7.1,3.3,14.8,0.25,99.0,14
2024-12-04,H. Medina del Campo,Valladolid,MIÉRCOLES,12,2024,14,8.8,12.2,6.4,5.7,16.5,0.0,83.0,26
2024-12-05,H. Medina del Campo,Valladolid,JUEVES,12,2024,26,8.8,13.0,5.8,5.4,11.1,0.25,87.0,17
2024-12-06,H. Medina del Campo,Valladolid,VIERNES,12,2024,17,10.0,10.5,8.9,5.0,9.4,0.0,98.0,20
2024-12-07,H. Medina del Campo,Valladolid,SÁBADO,12,2024,20,9.1,13.2,4.4,9.8,18.3,0.0,77.0,31
2024-12-08,H. Medina del Campo,Valladolid,DOMINGO,12,2024,31,4.6,9.4,0.9,10.7,14.8,0.0,70.0,18
2024-12-09,H. Medina del Campo,Valladolid,LUNES,12,2024,18,3.8,8.3,0.6,6.3,13.0,0.0,77.0,21
2024-12-10,H. Medina del Campo,Valladolid,MARTES,12,2024,21,2.7,7.8,-0.9,3.1,5.4,0.0,82.0,31
2024-12-11,H. Medina del Campo,Valladolid,MIÉRCOLES,12,2024,31,3.4,5.2,1.2,2.8,5.4,0.0,82.0,24
2024-12-12,H. Medina del Campo,Valladolid,JUEVES,12,2024,24,4.8,9.8,1.3,4.1,9.4,0.0,75.0,32
2024-12-13,H. Medina del Campo,Valladolid,VIERNES,12,2024,32,3.7,7.8,0.9,2.4,3.5,0.51,88.0,23
2024-12-14,H. Medina del Campo,Valladolid,SÁBADO,12,2024,23,2.3,9.3,-1.8,3.1,7.6,0.0,90.0,16
2024-12-15,H. Medina del Campo,Valladolid,DOMINGO,12,2024,16,0.7,6.7,-2.7,2.8,5.4,0.0,92.0,28
2024-12-16,H. Medina del Campo,Valladolid,LUNES,12,2024,28,1.2,6.5,-1.4,3.1,7.6,0.0,94.0,26
2024-12-17,H. Medina del Campo,Valladolid,MARTES,12,2024,26,3.3,9.5,-1.9,2.2,5.4,0.0,87.0,28
2024-12-18,H. Medina del Campo,Valladolid,MIÉRCOLES,12,2024,28,7.0,11.5,1.4,4.6,9.4,0.25,86.0,27
2024-12-19,H. Medina del Campo,Valladolid,JUEVES,12,2024,27,9.2,12.8,2.5,8.3,14.8,2.79,85.0,27
2024-12-20,H. Medina del Campo,Valladolid,VIERNES,12,2024,27,1.8,7.4,-1.3,2.6,5.4,0.0,90.0,20
2024-12-21,H. Medina del Campo,Valladolid,SÁBADO,12,2024,20,0.1,3.6,-2.4,2.8,5.4,0.0,96.0,17
2024-12-22,H. Medina del Campo,Valladolid,DOMINGO,12,2024,17,3.6,10.8,-1.4,5.2,9.4,0.0,87.0,25
2024-12-23,H. Medina del Campo,Valladolid,LUNES,12,2024,25,4.6,9.8,0.5,5.0,9.4,0.0,79.0,21
2024-12-24,H. Medina del Campo,Valladolid,MARTES,12,2024,21,4.3,9.6,-0.1,2.8,3.5,0.0,93.0,17
2024-12-25,H. Medina del Campo,Valladolid,MIÉRCOLES,12,2024,17,4.9,9.0,2.2,3.1,9.4,0.0,96.0,22
2024-12-26,H. Medina del Campo,Valladolid,JUEVES,12,2024,22,3.0,4.4,1.9,2.0,3.5,0.0,100.0,32
2024-12-27,H. Medina del Campo,Valladolid,VIERNES,12,2024,32,4.0,7.1,2.3,3.0,7.6,0.0,99.0,38
2024-12-28,H. Medina del Campo,Valladolid,SÁBADO,12,2024,38,2.9,5.0,1.2,2.6,3.5,0.0,99.0,17
2024-12-29,H. Medina del Campo,Valladolid,DOMINGO,12,2024,17,1.6,2.8,0.8,3.0,5.4,0.0,100.0,22
2024-12-30,H. Medina del Campo,Valladolid,LUNES,12,2024,22,0.9,1.9,-0.1,2.4,3.5,0.0,99.0,38
2024-12-31,H. Medina del Campo,Valladolid,MARTES,12,2024,38,0.3,1.4,-0.6,3.0,7.6,0.0,99.0,28
2025-01-01,H. Medina del Campo,Valladolid,MIÉRCOLES,1,2025,28,-0.4,1.4,-1.9,3.1,5.4,0.0,99.0,50
2025-01-02,H. Medina del Campo,Valladolid,JUEVES,1,2025,50,1.8,7.0,-1.5,4.3,7.6,0.0,95.0,83
2025-01-03,H. Medina del Campo,Valladolid,VIERNES,1,2025,83,5.2,8.2,1.5,6.9,11.1,0.0,95.0,86
2025-01-04,H. Medina del Campo,Valladolid,SÁBADO,1,2025,86,6.9,11.5,4.6,6.3,9.4,0.76,86.0,78
2025-01-05,H. Medina del Campo,Valladolid,DOMINGO,1,2025,78,7.7,11.3,4.7,7.2,13.0,0.0,88.0,74
2025-01-06,H. Medina del Campo,Valladolid,LUNES,1,2025,74,7.2,10.2,4.0,8.5,16.5,7.11,85.0,66
2025-01-07,H. Medina del Campo,Valladolid,MARTES,1,2025,66,5.2,9.4,1.1,8.5,13.0,0.0,91.0,90
2025-01-08,H. Medina del Campo,Valladolid,MIÉRCOLES,1,2025,90,9.0,11.3,6.9,9.8,16.5,0.0,85.0,84
2025-01-09,H. Medina del Campo,Valladolid,JUEVES,1,2025,84,9.8,12.4,7.5,9.3,14.8,0.0,92.0,75
2025-01-10,H. Medina del Campo,Valladolid,VIERNES,1,2025,75,11.1,14.5,9.2,7.8,13.0,0.76,89.0,89
2025-01-11,H. Medina del Campo,Valladolid,SÁBADO,1,2025,89,11.9,15.7,7.2,8.9,13.0,0.0,85.0,67
2025-01-12,H. Medina del Campo,Valladolid,DOMINGO,1,2025,67,5.9,11.5,2.5,3.1,7.6,0.0,80.0,71
2025-01-13,H. Medina del Campo,Valladolid,LUNES,1,2025,71,2.6,9.6,-2.6,4.8,7.6,0.0,47.0,73
2025-01-14,H. Medina del Campo,Valladolid,MARTES,1,2025,73,1.1,9.2,-4.0,3.1,5.4,0.0,47.0,68
2025-01-15,H. Medina del Campo,Valladolid,MIÉRCOLES,1,2025,68,1.3,10.1,-6.1,3.0,5.4,0.0,48.0,64
2025-01-16,H. Medina del Campo,Valladolid,JUEVES,1,2025,64,5.1,11.2,1.1,4.6,13.0,0.0,60.0,54
2025-01-17,H. Medina del Campo,Valladolid,VIERNES,1,2025,54,3.3,10.2,-1.5,4.3,9.4,0.0,73.0,72
2025-01-18,H. Medina del Campo,Valladolid,SÁBADO,1,2025,72,1.4,9.7,-3.5,2.6,5.4,0.0,77.0,57
2025-01-19,H. Medina del Campo,Valladolid,DOMINGO,1,2025,57,2.1,9.2,-4.5,2.8,7.6,0.0,78.0,60
2025-01-20,H. Medina del Campo,Valladolid,LUNES,1,2025,60,5.9,7.8,3.7,3.9,7.6,7.37,99.0,76
2025-01-21,H. Medina del Campo,Valladolid,MARTES,1,2025,76,8.2,10.3,5.7,3.5,5.4,4.32,0.0,76
2025-01-22,H. Medina del Campo,Valladolid,MIÉRCOLES,1,2025,76,9.0,11.5,7.5,4.3,11.1,15.24,98.0,78
2025-01-23,H. Medina del Campo,Valladolid,JUEVES,1,2025,78,9.1,10.6,7.7,3.3,7.6,20.83,97.0,72
2025-01-24,H. Medina del Campo,Valladolid,VIERNES,1,2025,72,9.8,12.6,7.8,6.5,9.4,0.0,90.0,60
2025-01-25,H. Medina del Campo,Valladolid,SÁBADO,1,2025,60,8.3,11.4,4.9,10.0,16.5,2.54,84.0,51
2025-01-26,H. Medina del Campo,Valladolid,DOMINGO,1,2025,51,8.6,13.1,3.2,10.9,18.3,2.29,84.0,49
2025-01-27,H. Medina del Campo,Valladolid,LUNES,1,2025,49,8.8,13.0,3.1,16.9,29.4,6.1,86.0,84
2025-01-28,H. Medina del Campo,Valladolid,MARTES,1,2025,84,5.1,9.5,2.1,14.1,22.2,9.91,84.0,58
2025-01-29,H. Medina del Campo,Valladolid,MIÉRCOLES,1,2025,58,6.1,8.5,4.3,10.9,20.6,0.0,82.0,72
2025-01-30,H. Medina del Campo,Valladolid,JUEVES,1,2025,72,4.8,8.9,2.3,11.9,18.3,1.52,75.0,80
2025-01-31,H. Medina del Campo,Valladolid,VIERNES,1,2025,80,3.6,9.5,-0.9,3.5,5.4,0.0,77.0,65
2025-02-01,H. Medina del Campo,Valladolid,SÁBADO,2,2025,65,4.2,11.7,-0.7,4.1,9.4,0.0,80.0,52
2025-02-02,H. Medina del Campo,Valladolid,DOMINGO,2,2025,52,1.6,5.1,-1.4,3.7,9.4,0.0,96.0,47
2025-02-03,H. Medina del Campo,Valladolid,LUNES,2,2025,47,3.5,9.1,-0.1,3.9,7.6,6.6,91.0,78
2025-02-04,H. Medina del Campo,Valladolid,MARTES,2,2025,78,1.5,3.7,-0.7,2.6,5.4,0.0,99.0,66
2025-02-05,H. Medina del Campo,Valladolid,MIÉRCOLES,2,2025,66,2.3,8.3,-1.0,3.3,7.6,0.0,95.0,64
2025-02-06,H. Medina del Campo,Valladolid,JUEVES,2,2025,64,-0.1,1.4,-1.3,3.1,5.4,0.0,99.0,58
2025-02-07,H. Medina del Campo,Valladolid,VIERNES,2,2025,58,4.1,10.2,-0.5,6.5,13.0,7.11,95.0,58
2025-02-08,H. Medina del Campo,Valladolid,SÁBADO,2,2025,58,4.4,9.5,-0.9,3.7,5.4,0.25,79.0,54
2025-02-09,H. Medina del Campo,Valladolid,DOMINGO,2,2025,54,9.0,13.5,5.6,5.2,7.6,0.0,87.0,67
2025-02-10,H. Medina del Campo,Valladolid,LUNES,2,2025,67,9.3,12.6,7.1,2.6,5.4,1.52,95.0,90
2025-02-11,H. Medina del Campo,Valladolid,MARTES,2,2025,90,9.0,13.8,5.9,3.9,9.4,3.81,83.0,81
2025-02-12,H. Medina del Campo,Valladolid,MIÉRCOLES,2,2025,81,8.1,12.1,5.0,6.1,13.0,0.0,81.0,65
2025-02-13,H. Medina del Campo,Valladolid,JUEVES,2,2025,65,7.8,11.5,4.0,4.4,7.6,0.0,90.0,62
2025-02-14,H. Medina del Campo,Valladolid,VIERNES,2,2025,62,8.6,14.8,4.8,2.4,3.5,0.0,85.0,61
2025-02-15,H. Medina del Campo,Valladolid,SÁBADO,2,2025,61,8.6,15.9,2.8,2.8,7.6,0.0,77.0,59
2025-02-16,H. Medina del Campo,Valladolid,DOMINGO,2,2025,59,9.3,17.5,3.4,4.4,13.0,0.0,76.0,71
2025-02-17,H. Medina del Campo,Valladolid,LUNES,2,2025,71,8.4,13.2,4.4,3.0,5.4,0.25,87.0,76
2025-02-18,H. Medina del Campo,Valladolid,MARTES,2,2025,76,9.1,15.9,3.6,3.9,13.0,0.0,78.0,74
2025-02-19,H. Medina del Campo,Valladolid,MIÉRCOLES,2,2025,74,10.0,17.2,4.4,3.1,5.4,0.0,78.0,63
2025-02-20,H. Medina del Campo,Valladolid,JUEVES,2,2025,63,9.7,16.0,5.9,4.8,9.4,0.0,85.0,60
2025-02-21,H. Medina del Campo,Valladolid,VIERNES,2,2025,60,10.2,14.8,7.1,6.3,20.6,0.0,84.0,62
2025-02-22,H. Medina del Campo,Valladolid,SÁBADO,2,2025,62,8.2,12.4,5.4,5.7,11.1,10.16,81.0,61
2025-02-23,H. Medina del Campo,Valladolid,DOMINGO,2,2025,61,6.5,13.6,1.7,3.9,7.6,0.0,83.0,64
2025-02-24,H. Medina del Campo,Valladolid,LUNES,2,2025,64,9.3,15.2,4.3,7.0,11.1,0.0,70.0,71
2025-02-25,H. Medina del Campo,Valladolid,MARTES,2,2025,71,8.9,11.3,4.0,8.3,13.0,0.25,73.0,64
2025-02-26,H. Medina del Campo,Valladolid,MIÉRCOLES,2,2025,64,5.9,12.7,-0.1,3.3,7.6,0.0,69.0,56
2025-02-27,H. Medina del Campo,Valladolid,JUEVES,2,2025,56,7.1,11.5,3.2,2.6,3.5,0.0,75.0,56
2025-02-28,H. Medina del Campo,Valladolid,VIERNES,2,2025,56,7.2,10.6,5.9,3.9,7.6,1.02,79.0,59
2025-03-01,H. Medina del Campo,Valladolid,SÁBADO,3,2025,59,5.2,7.9,3.0,8.0,13.0,0.25,71.0,40
2025-03-02,H. Medina del Campo,Valladolid,DOMINGO,3,2025,40,3.3,6.3,1.2,8.0,16.5,0.51,83.0,47
2025-03-03,H. Medina del Campo,Valladolid,LUNES,3,2025,47,7.8,11.9,4.2,10.2,18.3,0.51,80.0,81
2025-03-04,H. Medina del Campo,Valladolid,MARTES,3,2025,81,9.6,13.8,6.8,6.5,14.8,0.76,83.0,49
2025-03-05,H. Medina del Campo,Valladolid,MIÉRCOLES,3,2025,49,9.9,14.4,6.9,8.5,14.8,2.29,81.0,66
2025-03-06,H. Medina del Campo,Valladolid,JUEVES,3,2025,66,11.0,16.2,8.2,8.7,13.0,0.0,75.0,58
2025-03-07,H. Medina del Campo,Valladolid,VIERNES,3,2025,58,9.8,13.8,5.4,7.2,11.1,0.25,82.0,59
2025-03-08,H. Medina del Campo,Valladolid,SÁBADO,3,2025,59,8.7,12.7,4.9,10.2,20.6,1.02,76.0,54
2025-03-09,H. Medina del Campo,Valladolid,DOMINGO,3,2025,54,6.6,12.5,1.7,5.6,11.1,2.54,76.0,46
2025-03-10,H. Medina del Campo,Valladolid,LUNES,3,2025,46,7.3,12.9,2.0,5.2,13.0,0.0,79.0,77
2025-03-11,H. Medina del Campo,Valladolid,MARTES,3,2025,77,7.6,11.2,5.8,3.7,9.4,6.35,91.0,65
2025-03-12,H. Medina del Campo,Valladolid,MIÉRCOLES,3,2025,65,7.8,13.0,3.1,7.0,13.0,4.57,78.0,63
2025-03-13,H. Medina del Campo,Valladolid,JUEVES,3,2025,63,6.2,9.0,1.8,5.9,11.1,0.0,77.0,58
2025-03-14,H. Medina del Campo,Valladolid,VIERNES,3,2025,58,3.8,8.4,-0.5,5.4,13.0,0.0,67.0,59
2025-03-15,H. Medina del Campo,Valladolid,SÁBADO,3,2025,59,3.9,9.0,-0.7,3.5,7.6,0.0,71.0,56
2025-03-16,H. Medina del Campo,Valladolid,DOMINGO,3,2025,56,4.1,8.5,0.6,4.1,7.6,1.02,67.0,70
2025-03-17,H. Medina del Campo,Valladolid,LUNES,3,2025,70,5.6,12.3,-0.8,5.7,11.1,0.0,74.0,66
2025-03-18,H. Medina del Campo,Valladolid,MARTES,3,2025,66,8.2,11.1,6.3,4.4,7.6,3.81,93.0,69
2025-03-19,H. Medina del Campo,Valladolid,MIÉRCOLES,3,2025,69,10.9,14.8,6.3,7.0,16.5,4.57,71.0,46
2025-03-20,H. Medina del Campo,Valladolid,JUEVES,3,2025,46,11.6,13.9,7.6,9.8,14.8,0.0,70.0,67
2025-03-21,H. Medina del Campo,Valladolid,VIERNES,3,2025,67,8.7,11.7,5.5,8.9,14.8,4.32,87.0,60
2025-03-22,H. Medina del Campo,Valladolid,SÁBADO,3,2025,60,6.2,12.3,3.6,8.7,14.8,14.99,91.0,43
2025-03-23,H. Medina del Campo,Valladolid,DOMINGO,3,2025,43,6.0,11.3,0.7,8.0,11.1,28.7,77.0,44
2025-03-24,H. Medina del Campo,Valladolid,LUNES,3,2025,44,7.4,13.4,3.9,6.9,13.0,5.08,86.0,62
2025-03-25,H. Medina del Campo,Valladolid,MARTES,3,2025,62,8.9,13.5,4.7,3.7,7.6,3.56,77.0,65
2025-03-26,H. Medina del Campo,Valladolid,MIÉRCOLES,3,2025,65,8.4,13.7,5.1,3.3,9.4,0.0,75.0,62
2025-03-27,H. Medina del Campo,Valladolid,JUEVES,3,2025,62,7.2,12.2,3.0,3.7,9.4,0.0,77.0,60
2025-03-28,H. Medina del Campo,Valladolid,VIERNES,3,2025,60,9.0,15.2,2.8,3.3,5.4,0.0,70.0,73
2025-03-29,H. Medina del Campo,Valladolid,SÁBADO,3,2025,73,8.1,14.6,2.2,4.8,11.1,0.0,68.0,48
2025-03-30,H. Medina del Campo,Valladolid,DOMINGO,3,2025,48,9.4,17.5,1.6,5.2,9.4,0.0,56.0,72
2025-03-31,H. Medina del Campo,Valladolid,LUNES,3,2025,72,13.3,23.5,3.9,3.9,7.6,0.0,50.0,74
2025-04-01,H. Medina del Campo,Valladolid,MARTES,4,2025,74,14.5,23.5,6.2,4.3,11.1,0.0,57.0,60
2025-04-02,H. Medina del Campo,Valladolid,MIÉRCOLES,4,2025,60,13.3,20.0,7.1,6.3,14.8,0.0,71.0,69
2025-04-03,H. Medina del Campo,Valladolid,JUEVES,4,2025,69,11.1,15.7,8.5,7.0,13.0,3.81,75.0,70
2025-04-04,H. Medina del Campo,Valladolid,VIERNES,4,2025,70,11.7,15.1,8.9,9.3,18.3,6.1,77.0,76
2025-04-05,H. Medina del Campo,Valladolid,SÁBADO,4,2025,76,11.3,15.4,8.6,5.4,9.4,1.02,77.0,59
2025-04-06,H. Medina del Campo,Valladolid,DOMINGO,4,2025,59,11.6,18.8,4.8,3.0,7.6,0.25,69.0,49
2025-04-07,H. Medina del Campo,Valladolid,LUNES,4,2025,49,13.7,21.0,6.4,3.3,5.4,0.0,63.0,72
2025-04-08,H. Medina del Campo,Valladolid,MARTES,4,2025,72,15.7,24.3,6.9,3.9,7.6,0.0,57.0,65
2025-04-09,H. Medina del Campo,Valladolid,MIÉRCOLES,4,2025,65,16.2,24.4,8.2,3.3,7.6,0.0,56.0,76
2025-04-10,H. Medina del Campo,Valladolid,JUEVES,4,2025,76,17.3,23.8,9.5,4.6,7.6,0.0,55.0,50
2025-04-11,H. Medina del Campo,Valladolid,VIERNES,4,2025,50,13.2,18.9,9.2,4.3,11.1,0.0,76.0,83
2025-04-12,H. Medina del Campo,Valladolid,SÁBADO,4,2025,83,13.4,18.2,9.8,5.7,9.4,8.89,84.0,69
2025-04-13,H. Medina del Campo,Valladolid,DOMINGO,4,2025,69,13.5,19.9,9.6,5.6,7.6,1.27,78.0,63
2025-04-14,H. Medina del Campo,Valladolid,LUNES,4,2025,63,11.3,16.1,8.4,8.9,14.8,0.0,74.0,82
2025-04-15,H. Medina del Campo,Valladolid,MARTES,4,2025,82,7.1,11.7,2.8,9.4,14.8,0.0,73.0,64
2025-04-16,H. Medina del Campo,Valladolid,MIÉRCOLES,4,2025,64,5.4,12.1,1.2,8.3,16.5,0.0,81.0,65
2025-04-17,H. Medina del Campo,Valladolid,JUEVES,4,2025,65,9.8,16.0,2.6,7.2,13.0,3.05,73.0,55
2025-04-18,H. Medina del Campo,Valladolid,VIERNES,4,2025,55,11.8,16.8,8.9,8.0,20.6,0.0,83.0,59
2025-04-19,H. Medina del Campo,Valladolid,SÁBADO,4,2025,59,7.6,12.5,3.2,14.4,22.2,7.11,78.0,49
2025-04-20,H. Medina del Campo,Valladolid,DOMINGO,4,2025,49,9.8,16.7,2.8,8.0,13.0,7.11,75.0,65
2025-04-21,H. Medina del Campo,Valladolid,LUNES,4,2025,65,10.7,15.8,6.5,6.3,11.1,0.0,81.0,92
2025-04-22,H. Medina del Campo,Valladolid,MARTES,4,2025,92,11.7,17.0,7.2,3.9,7.6,2.79,72.0,65
2025-04-23,H. Medina del Campo,Valladolid,MIÉRCOLES,4,2025,65,13.5,21.0,5.6,3.7,7.6,0.0,67.0,68
2025-04-24,H. Medina del Campo,Valladolid,JUEVES,4,2025,68,15.8,24.0,7.4,3.3,5.4,0.0,61.0,70
2025-04-25,H. Medina del Campo,Valladolid,VIERNES,4,2025,70,16.7,25.0,8.5,6.7,16.5,0.0,62.0,70
2025-04-26,H. Medina del Campo,Valladolid,SÁBADO,4,2025,70,12.8,18.4,7.8,7.4,14.8,0.0,61.0,62
2025-04-27,H. Medina del Campo,Valladolid,DOMINGO,4,2025,62,11.6,18.6,4.1,4.1,7.6,0.0,67.0,79
2025-04-28,H. Medina del Campo,Valladolid,LUNES,4,2025,79,15.0,23.9,5.3,4.1,7.6,0.0,56.0,60
2025-04-29,H. Medina del Campo,Valladolid,MARTES,4,2025,60,17.1,24.4,8.4,5.7,11.1,0.0,51.0,79
2025-04-30,H. Medina del Campo,Valladolid,MIÉRCOLES,4,2025,79,14.8,21.0,9.0,5.4,16.5,0.0,67.0,83
2025-05-01,H. Medina del Campo,Valladolid,JUEVES,5,2025,83,14.4,21.6,8.8,5.9,13.0,8.13,70.0,51
2025-05-02,H. Medina del Campo,Valladolid,VIERNES,5,2025,51,13.6,17.8,9.9,7.6,13.0,6.1,79.0,76
2025-05-03,H. Medina del Campo,Valladolid,SÁBADO,5,2025,76,14.6,20.3,11.2,5.0,11.1,14.48,73.0,49
2025-05-04,H. Medina del Campo,Valladolid,DOMINGO,5,2025,49,12.6,16.4,10.1,5.4,11.1,1.02,81.0,56
2025-05-05,H. Medina del Campo,Valladolid,LUNES,5,2025,56,12.6,17.2,8.4,5.7,11.1,0.51,76.0,77
2025-05-06,H. Medina del Campo,Valladolid,MARTES,5,2025,77,9.1,13.0,5.1,5.7,14.8,1.02,63.0,67
2025-05-07,H. Medina del Campo,Valladolid,MIÉRCOLES,5,2025,67,11.0,18.9,3.2,4.8,7.6,0.0,62.0,79
2025-05-08,H. Medina del Campo,Valladolid,JUEVES,5,2025,79,13.1,21.0,6.3,5.0,14.8,0.0,60.0,66
2025-05-09,H. Medina del Campo,Valladolid,VIERNES,5,2025,66,12.3,17.9,8.5,5.4,13.0,3.81,79.0,68
2025-05-10,H. Medina del Campo,Valladolid,SÁBADO,5,2025,68,10.6,15.4,7.5,6.1,14.8,1.02,82.0,48
2025-05-11,H. Medina del Campo,Valladolid,DOMINGO,5,2025,48,10.8,16.4,7.2,9.1,13.0,8.89,74.0,57
2025-05-12,H. Medina del Campo,Valladolid,LUNES,5,2025,57,10.9,16.0,6.6,8.1,13.0,0.0,80.0,76
2025-05-13,H. Medina del Campo,Valladolid,MARTES,5,2025,76,13.3,19.0,9.6,5.7,11.1,2.54,72.0,76
2025-05-14,H. Medina del Campo,Valladolid,MIÉRCOLES,5,2025,76,13.5,20.1,8.7,4.6,9.4,0.51,76.0,78
2025-05-15,H. Medina del Campo,Valladolid,JUEVES,5,2025,78,13.2,18.3,9.4,5.2,9.4,8.38,79.0,63
2025-05-16,H. Medina del Campo,Valladolid,VIERNES,5,2025,63,14.6,21.9,7.1,3.9,7.6,0.25,57.0,59
2025-05-17,H. Medina del Campo,Valladolid,SÁBADO,5,2025,59,15.9,23.7,7.5,3.7,5.4,0.0,55.0,61
2025-05-18,H. Medina del Campo,Valladolid,DOMINGO,5,2025,61,18.8,27.2,9.9,6.7,14.8,0.0,49.0,50
2025-05-19,H. Medina del Campo,Valladolid,LUNES,5,2025,50,14.9,20.2,9.9,8.3,14.8,0.0,64.0,71
2025-05-20,H. Medina del Campo,Valladolid,MARTES,5,2025,71,16.2,22.7,8.9,3.9,9.4,0.0,57.0,63
2025-05-21,H. Medina del Campo,Valladolid,MIÉRCOLES,5,2025,63,17.2,25.4,9.0,5.7,11.1,0.0,60.0,60
2025-05-22,H. Medina del Campo,Valladolid,JUEVES,5,2025,60,13.8,19.1,7.8,5.7,11.1,0.0,61.0,71
2025-05-23,H. Medina del Campo,Valladolid,VIERNES,5,2025,71,14.3,22.0,6.3,6.1,9.4,0.0,56.0,53
2025-05-24,H. Medina del Campo,Valladolid,SÁBADO,5,2025,53,16.7,24.6,7.3,4.1,7.6,0.0,50.0,47
2025-05-25,H. Medina del Campo,Valladolid,DOMINGO,5,2025,47,12.8,14.7,11.2,3.3,5.4,0.0,72.0,53
2025-05-26,H. Medina del Campo,Valladolid,LUNES,5,2025,53,17.9,25.4,10.6,4.4,7.6,0.0,59.0,72
2025-05-27,H. Medina del Campo,Valladolid,MARTES,5,2025,72,19.7,28.8,10.1,3.9,7.6,0.0,52.0,59
2025-05-28,H. Medina del Campo,Valladolid,MIÉRCOLES,5,2025,59,19.1,31.1,12.0,3.0,3.5,0.0,52.0,78
2025-05-29,H. Medina del Campo,Valladolid,JUEVES,5,2025,78,23.8,33.0,13.5,3.1,5.4,0.0,43.0,77
2025-05-30,H. Medina del Campo,Valladolid,VIERNES,5,2025,77,22.1,32.6,17.1,4.4,9.4,0.0,57.0,73
2025-05-31,H. Medina del Campo,Valladolid,SÁBADO,5,2025,73,21.4,32.5,13.5,3.9,7.6,13.46,64.0,55
2025-06-01,H. Medina del Campo,Valladolid,DOMINGO,6,2025,55,23.3,30.7,19.0,5.4,11.1,0.0,57.0,64
2025-06-02,H. Medina del Campo,Valladolid,LUNES,6,2025,64,19.3,24.5,13.5,5.0,5.4,0.0,73.0,67
2025-06-03,H. Medina del Campo,Valladolid,MARTES,6,2025,67,16.3,23.7,13.1,5.9,14.8,1.02,85.0,70
2025-06-04,H. Medina del Campo,Valladolid,MIÉRCOLES,6,2025,70,15.8,22.6,11.1,6.7,14.8,26.42,76.0,58
2025-06-05,H. Medina del Campo,Valladolid,JUEVES,6,2025,58,18.1,26.4,10.8,5.7,9.4,0.25,57.0,75
2025-06-06,H. Medina del Campo,Valladolid,VIERNES,6,2025,75,19.2,26.7,12.1,5.7,11.1,0.0,60.0,66
2025-06-07,H. Medina del Campo,Valladolid,SÁBADO,6,2025,66,20.3,28.3,12.9,6.3,11.1,0.0,51.0,70
2025-06-08,H. Medina del Campo,Valladolid,DOMINGO,6,2025,70,18.3,28.4,11.7,4.1,5.4,0.0,64.0,58
2025-06-09,H. Medina del Campo,Valladolid,LUNES,6,2025,58,22.6,33.1,13.0,4.1,7.6,0.0,53.0,72
2025-06-10,H. Medina del Campo,Valladolid,MARTES,6,2025,72,25.1,34.1,16.8,5.2,11.1,0.0,46.0,62
2025-06-11,H. Medina del Campo,Valladolid,MIÉRCOLES,6,2025,62,22.7,27.2,19.1,6.5,14.8,0.51,60.0,60
2025-06-12,H. Medina del Campo,Valladolid,JUEVES,6,2025,60,20.3,26.6,13.7,5.4,9.4,1.27,54.0,75
2025-06-13,H. Medina del Campo,Valladolid,VIERNES,6,2025,75,22.1,30.5,13.6,4.8,11.1,0.0,50.0,59
2025-06-14,H. Medina del Campo,Valladolid,SÁBADO,6,2025,59,22.2,29.7,14.8,5.4,13.0,0.0,53.0,62
2025-06-15,H. Medina del Campo,Valladolid,DOMINGO,6,2025,62,19.7,27.5,14.6,5.9,9.4,0.0,67.0,56
2025-06-16,H. Medina del Campo,Valladolid,LUNES,6,2025,56,22.6,33.7,12.5,4.8,7.6,0.0,53.0,91
2025-06-17,H. Medina del Campo,Valladolid,MARTES,6,2025,91,26.4,36.1,17.0,3.9,7.6,0.0,46.0,58
2025-06-18,H. Medina del Campo,Valladolid,MIÉRCOLES,6,2025,58,28.0,37.0,18.1,5.9,16.5,0.0,39.0,64
2025-06-19,H. Medina del Campo,Valladolid,JUEVES,6,2025,64,25.3,30.4,19.3,5.7,14.8,0.0,40.0,65
2025-06-20,H. Medina del Campo,Valladolid,VIERNES,6,2025,65,26.3,35.7,18.0,4.6,13.0,0.0,41.0,67
2025-06-21,H. Medina del Campo,Valladolid,SÁBADO,6,2025,67,27.9,37.2,19.3,6.3,14.8,0.0,39.0,70
2025-06-22,H. Medina del Campo,Valladolid,DOMINGO,6,2025,70,27.2,35.7,19.4,6.3,13.0,0.0,40.0,74
2025-06-23,H. Medina del Campo,Valladolid,LUNES,6,2025,74,26.4,34.0,17.5,5.6,16.5,0.0,41.0,77
2025-06-24,H. Medina del Campo,Valladolid,MARTES,6,2025,77,20.7,27.1,17.1,7.4,16.5,1.52,69.0,81
2025-06-25,H. Medina del Campo,Valladolid,MIÉRCOLES,6,2025,81,20.8,26.6,15.8,8.3,14.8,6.35,59.0,56
2025-06-26,H. Medina del Campo,Valladolid,JUEVES,6,2025,56,22.9,30.7,14.4,3.7,5.4,0.0,49.0,60
2025-06-27,H. Medina del Campo,Valladolid,VIERNES,6,2025,60,26.1,35.1,16.3,4.4,9.4,0.0,39.0,59
2025-06-28,H. Medina del Campo,Valladolid,SÁBADO,6,2025,59,27.8,36.7,17.6,4.4,11.1,0.0,34.0,53
2025-06-29,H. Medina del Campo,Valladolid,DOMINGO,6,2025,53,28.2,37.8,19.1,5.4,13.0,0.0,35.0,55
2025-06-30,H. Medina del Campo,Valladolid,LUNES,6,2025,55,28.7,37.9,19.4,5.9,13.0,0.0,32.0,61
2025-07-01,H. Medina del Campo,Valladolid,MARTES,7,2025,61,29.2,38.0,19.3,5.2,11.1,0.0,30.0,94
2025-07-02,H. Medina del Campo,Valladolid,MIÉRCOLES,7,2025,94,28.1,37.1,19.8,6.1,11.1,0.0,37.0,54
2025-07-03,H. Medina del Campo,Valladolid,JUEVES,7,2025,54,23.4,34.3,16.7,5.6,11.1,0.0,60.0,72
2025-07-04,H. Medina del Campo,Valladolid,VIERNES,7,2025,72,25.1,34.8,17.3,5.6,11.1,2.29,55.0,67
2025-07-05,H. Medina del Campo,Valladolid,SÁBADO,7,2025,67,25.0,34.1,16.9,5.2,11.1,2.03,50.0,72
2025-07-06,H. Medina del Campo,Valladolid,DOMINGO,7,2025,72,24.9,33.1,16.3,6.1,11.1,0.25,45.0,49
2025-07-07,H. Medina del Campo,Valladolid,LUNES,7,2025,49,22.1,30.2,15.7,6.3,13.0,0.0,52.0,83
2025-07-08,H. Medina del Campo,Valladolid,MARTES,7,2025,83,21.1,30.2,12.2,5.7,7.6,0.0,42.0,72
2025-07-09,H. Medina del Campo,Valladolid,MIÉRCOLES,7,2025,72,24.4,35.0,13.0,5.2,7.6,0.0,41.0,75
2025-07-10,H. Medina del Campo,Valladolid,JUEVES,7,2025,75,27.2,35.7,17.4,5.6,11.1,0.0,33.0,60
2025-07-11,H. Medina del Campo,Valladolid,VIERNES,7,2025,60,25.1,32.6,18.1,6.5,13.0,0.0,40.0,78
2025-07-12,H. Medina del Campo,Valladolid,SÁBADO,7,2025,78,22.4,30.6,16.4,5.0,9.4,0.0,56.0,61
2025-07-13,H. Medina del Campo,Valladolid,DOMINGO,7,2025,61,23.9,31.0,17.3,5.9,13.0,0.51,51.0,45
2025-07-14,H. Medina del Campo,Valladolid,LUNES,7,2025,45,25.3,33.4,16.5,6.5,11.1,0.0,46.0,66
2025-07-15,H. Medina del Campo,Valladolid,MARTES,7,2025,66,24.3,33.1,15.4,5.0,7.6,0.0,47.0,76
2025-07-16,H. Medina del Campo,Valladolid,MIÉRCOLES,7,2025,76,27.7,38.0,16.3,4.8,11.1,0.0,32.0,62
2025-07-17,H. Medina del Campo,Valladolid,JUEVES,7,2025,62,27.7,36.5,18.0,6.5,14.8,0.0,32.0,68
2025-07-18,H. Medina del Campo,Valladolid,VIERNES,7,2025,68,23.8,31.1,16.8,7.4,14.8,0.0,47.0,75
2025-07-19,H. Medina del Campo,Valladolid,SÁBADO,7,2025,75,21.8,28.4,15.7,8.1,14.8,0.0,51.0,62
2025-07-20,H. Medina del Campo,Valladolid,DOMINGO,7,2025,62,20.3,26.6,15.4,11.3,18.3,0.0,49.0,59
2025-07-21,H. Medina del Campo,Valladolid,LUNES,7,2025,59,20.2,28.0,11.8,5.6,9.4,0.0,37.0,93
2025-07-22,H. Medina del Campo,Valladolid,MARTES,7,2025,93,23.1,31.9,12.9,5.6,11.1,0.0,40.0,79
2025-07-23,H. Medina del Campo,Valladolid,MIÉRCOLES,7,2025,79,22.1,29.5,15.9,5.7,9.4,0.0,51.0,85
2025-07-24,H. Medina del Campo,Valladolid,JUEVES,7,2025,85,18.4,24.6,12.7,7.4,11.1,0.0,55.0,81
2025-07-25,H. Medina del Campo,Valladolid,VIERNES,7,2025,81,19.7,27.2,12.1,6.9,9.4,0.0,49.0,57
2025-07-26,H. Medina del Campo,Valladolid,SÁBADO,7,2025,57,21.7,30.9,12.1,5.6,9.4,0.0,45.0,50
2025-07-27,H. Medina del Campo,Valladolid,DOMINGO,7,2025,50,23.8,32.6,14.4,5.4,9.4,0.0,40.0,61
2025-07-28,H. Medina del Campo,Valladolid,LUNES,7,2025,61,20.5,26.7,15.1,7.2,11.1,0.0,55.0,82
2025-07-29,H. Medina del Campo,Valladolid,MARTES,7,2025,82,21.4,26.9,13.6,7.2,9.4,0.0,47.0,64
2025-07-30,H. Medina del Campo,Valladolid,MIÉRCOLES,7,2025,64,22.1,30.7,12.5,4.8,7.6,0.0,46.0,66
2025-07-31,H. Medina del Campo,Valladolid,JUEVES,7,2025,66,22.8,32.4,13.7,5.2,9.4,0.0,45.0,74
2025-08-01,H. Medina del Campo,Valladolid,VIERNES,8,2025,74,22.6,32.0,13.8,5.7,11.1,0.0,47.0,57
2025-08-02,H. Medina del Campo,Valladolid,SÁBADO,8,2025,57,23.4,33.3,14.6,6.1,13.0,0.0,46.0,71
2025-08-03,H. Medina del Campo,Valladolid,DOMINGO,8,2025,71,24.1,34.2,14.7,4.6,7.6,0.0,36.0,59
2025-08-04,H. Medina del Campo,Valladolid,LUNES,8,2025,59,26.8,37.7,15.9,4.1,9.4,0.0,31.0,74
2025-08-05,H. Medina del Campo,Valladolid,MARTES,8,2025,74,26.1,34.8,19.6,5.2,7.6,0.0,39.0,78
2025-08-06,H. Medina del Campo,Valladolid,MIÉRCOLES,8,2025,78,25.5,36.1,15.9,5.7,11.1,0.0,39.0,78
2025-08-07,H. Medina del Campo,Valladolid,JUEVES,8,2025,78,28.5,38.9,17.9,4.1,9.4,0.0,27.0,81
2025-08-08,H. Medina del Campo,Valladolid,VIERNES,8,2025,81,28.9,38.0,19.2,4.3,11.1,0.0,27.0,74
2025-08-09,H. Medina del Campo,Valladolid,SÁBADO,8,2025,74,30.1,38.9,20.6,4.3,9.4,0.0,30.0,76
2025-08-10,H. Medina del Campo,Valladolid,DOMINGO,8,2025,76,30.4,39.3,20.1,5.7,9.4,0.0,28.0,54
2025-08-11,H. Medina del Campo,Valladolid,LUNES,8,2025,54,30.8,39.2,21.6,4.8,9.4,0.0,24.0,83
2025-08-12,H. Medina del Campo,Valladolid,MARTES,8,2025,83,28.1,39.5,21.2,6.3,20.6,0.0,32.0,76
2025-08-13,H. Medina del Campo,Valladolid,MIÉRCOLES,8,2025,76,28.1,35.4,22.7,5.4,16.5,0.0,33.0,66
2025-08-14,H. Medina del Campo,Valladolid,JUEVES,8,2025,66,28.3,37.2,18.9,4.4,9.4,0.0,36.0,82
2025-08-15,H. Medina del Campo,Valladolid,VIERNES,8,2025,82,30.9,39.5,21.9,5.0,9.4,0.0,25.0,65
2025-08-16,H. Medina del Campo,Valladolid,SÁBADO,8,2025,65,30.3,39.5,20.0,3.7,9.4,0.0,21.0,61
2025-08-17,H. Medina del Campo,Valladolid,DOMINGO,8,2025,61,30.6,39.7,22.4,5.0,13.0,0.0,25.0,72
2025-08-18,H. Medina del Campo,Valladolid,LUNES,8,2025,72,25.1,31.2,18.0,4.8,9.4,0.0,35.0,92
2025-08-19,H. Medina del Campo,Valladolid,MARTES,8,2025,92,20.5,28.2,14.7,5.0,7.6,0.0,55.0,66
2025-08-20,H. Medina del Campo,Valladolid,MIÉRCOLES,8,2025,66,20.3,27.6,14.3,5.9,13.0,0.0,49.0,73
2025-08-21,H. Medina del Campo,Valladolid,JUEVES,8,2025,73,19.4,26.8,12.5,5.2,14.8,0.0,53.0,63
2025-08-22,H. Medina del Campo,Valladolid,VIERNES,8,2025,63,20.4,28.1,13.3,4.8,9.4,0.0,46.0,77
2025-08-23,H. Medina del Campo,Valladolid,SÁBADO,8,2025,77,22.0,31.7,12.1,3.5,7.6,0.0,41.0,54
2025-08-24,H. Medina del Campo,Valladolid,DOMINGO,8,2025,54,25.7,34.1,16.0,4.3,11.1,0.0,31.0,69
2025-08-25,H. Medina del Campo,Valladolid,LUNES,8,2025,69,0.0,0.0,0.0,0.0,0.0,0.0,0.0,71
2025-08-26,H. Medina del Campo,Valladolid,MARTES,8,2025,71,0.0,0.0,0.0,0.0,0.0,0.0,0.0,81
2025-08-27,H. Medina del Campo,Valladolid,MIÉRCOLES,8,2025,81,0.0,0.0,0.0,0.0,0.0,0.0,0.0,64
2025-08-28,H. Medina del Campo,Valladolid,JUEVES,8,2025,64,0.0,0.0,0.0,0.0,0.0,0.0,0.0,66
2025-08-29,H. Medina del Campo,Valladolid,VIERNES,8,2025,66,0.0,0.0,0.0,0.0,0.0,0.0,0.0,69
2025-08-30,H. Medina del Campo,Valladolid,SÁBADO,8,2025,69,0.0,0.0,0.0,0.0,0.0,0.0,0.0,64
2025-08-31,H. Medina del Campo,Valladolid,DOMINGO,8,2025,64,0.0,0.0,0.0,0.0,0.0,0.0,0.0,60
2024-01-01,H.C.U. Valladolid,Valladolid,LUNES,1,2024,79,4.6,9.7,0.9,5.7,9.4,0.51,86.0,79
2024-01-02,H.C.U. Valladolid,Valladolid,MARTES,1,2024,79,7.2,11.0,3.1,7.0,9.4,0.0,93.0,101
2024-01-03,H.C.U. Valladolid,Valladolid,MIÉRCOLES,1,2024,101,9.8,11.7,6.4,8.3,13.0,9.4,95.0,100
2024-01-04,H.C.U. Valladolid,Valladolid,JUEVES,1,2024,100,7.1,9.3,5.7,4.6,7.6,2.03,100.0,104
2024-01-05,H.C.U. Valladolid,Valladolid,VIERNES,1,2024,104,4.7,7.9,1.5,8.5,16.5,3.81,86.0,77
2024-01-06,H.C.U. Valladolid,Valladolid,SÁBADO,1,2024,77,3.3,8.2,0.6,6.9,13.0,0.0,81.0,76
2024-01-07,H.C.U. Valladolid,Valladolid,DOMINGO,1,2024,76,1.6,8.2,-2.1,3.7,7.6,0.0,85.0,80
2024-01-08,H.C.U. Valladolid,Valladolid,LUNES,1,2024,80,0.9,4.9,-3.1,2.6,5.4,0.0,90.0,66
2024-01-09,H.C.U. Valladolid,Valladolid,MARTES,1,2024,66,3.1,4.3,2.1,2.4,3.5,0.0,91.0,75
2024-01-10,H.C.U. Valladolid,Valladolid,MIÉRCOLES,1,2024,75,4.6,6.8,3.2,5.4,13.0,0.0,98.0,63
2024-01-11,H.C.U. Valladolid,Valladolid,JUEVES,1,2024,63,2.1,4.9,-0.7,3.0,5.4,2.54,88.0,67
2024-01-12,H.C.U. Valladolid,Valladolid,VIERNES,1,2024,67,0.4,5.2,-3.1,2.8,5.4,0.0,88.0,71
2024-01-13,H.C.U. Valladolid,Valladolid,SÁBADO,1,2024,71,3.4,7.3,-0.5,2.4,3.5,0.0,89.0,83
2024-01-14,H.C.U. Valladolid,Valladolid,DOMINGO,1,2024,83,7.9,10.4,5.4,3.7,7.6,5.08,99.0,77
2024-01-15,H.C.U. Valladolid,Valladolid,LUNES,1,2024,77,11.3,14.2,8.8,6.7,13.0,7.87,99.0,84
2024-01-16,H.C.U. Valladolid,Valladolid,MARTES,1,2024,84,11.7,14.7,10.2,6.9,13.0,9.4,89.0,94
2024-01-17,H.C.U. Valladolid,Valladolid,MIÉRCOLES,1,2024,94,10.3,12.5,9.0,11.9,20.6,21.34,88.0,87
2024-01-18,H.C.U. Valladolid,Valladolid,JUEVES,1,2024,87,9.8,12.4,8.0,11.1,24.1,3.05,83.0,74
2024-01-19,H.C.U. Valladolid,Valladolid,VIERNES,1,2024,74,3.1,6.8,-1.0,7.0,11.1,4.06,71.0,82
2024-01-20,H.C.U. Valladolid,Valladolid,SÁBADO,1,2024,82,0.0,6.3,-4.2,4.1,7.6,0.0,0.0,75
2024-01-21,H.C.U. Valladolid,Valladolid,DOMINGO,1,2024,75,2.5,9.8,-1.9,3.7,9.4,0.0,88.0,63
2024-01-22,H.C.U. Valladolid,Valladolid,LUNES,1,2024,63,7.9,12.5,3.5,7.0,13.0,0.0,91.0,91
2024-01-23,H.C.U. Valladolid,Valladolid,MARTES,1,2024,91,10.2,11.7,9.1,3.7,9.4,0.0,97.0,93
2024-01-24,H.C.U. Valladolid,Valladolid,MIÉRCOLES,1,2024,93,8.4,9.8,7.2,2.8,7.6,0.0,100.0,95
2024-01-25,H.C.U. Valladolid,Valladolid,JUEVES,1,2024,95,5.8,8.1,3.8,2.4,5.4,0.0,100.0,88
2024-01-26,H.C.U. Valladolid,Valladolid,VIERNES,1,2024,88,5.9,12.0,1.7,3.0,5.4,0.0,97.0,78
2024-01-27,H.C.U. Valladolid,Valladolid,SÁBADO,1,2024,78,7.2,13.8,2.8,2.2,3.5,0.0,93.0,68
2024-01-28,H.C.U. Valladolid,Valladolid,DOMINGO,1,2024,68,7.8,16.9,1.7,2.6,5.4,0.0,87.0,70
2024-01-29,H.C.U. Valladolid,Valladolid,LUNES,1,2024,70,8.9,15.5,4.8,2.0,3.5,0.0,85.0,76
2024-01-30,H.C.U. Valladolid,Valladolid,MARTES,1,2024,76,7.0,14.6,2.1,3.1,5.4,0.0,93.0,88
2024-01-31,H.C.U. Valladolid,Valladolid,MIÉRCOLES,1,2024,88,5.1,11.1,1.7,2.2,3.5,0.0,96.0,82
2024-02-01,H.C.U. Valladolid,Valladolid,JUEVES,2,2024,82,5.4,13.5,0.8,2.2,5.4,0.0,91.0,85
2024-02-02,H.C.U. Valladolid,Valladolid,VIERNES,2,2024,85,7.8,13.3,3.3,4.3,7.6,0.0,85.0,70
2024-02-03,H.C.U. Valladolid,Valladolid,SÁBADO,2,2024,70,7.4,16.0,1.9,2.8,5.4,0.0,81.0,80
2024-02-04,H.C.U. Valladolid,Valladolid,DOMINGO,2,2024,80,7.4,17.0,1.2,2.4,5.4,0.0,83.0,63
2024-02-05,H.C.U. Valladolid,Valladolid,LUNES,2,2024,63,6.8,14.4,1.1,2.8,5.4,0.0,86.0,98
2024-02-06,H.C.U. Valladolid,Valladolid,MARTES,2,2024,98,7.9,14.8,3.5,4.3,9.4,0.0,82.0,90
2024-02-07,H.C.U. Valladolid,Valladolid,MIÉRCOLES,2,2024,90,7.9,12.5,3.3,7.0,9.4,0.0,89.0,66
2024-02-08,H.C.U. Valladolid,Valladolid,JUEVES,2,2024,66,9.6,12.0,8.0,9.3,18.3,0.0,74.0,94
2024-02-09,H.C.U. Valladolid,Valladolid,VIERNES,2,2024,94,8.7,10.8,6.6,6.9,14.8,11.43,97.0,87
2024-02-10,H.C.U. Valladolid,Valladolid,SÁBADO,2,2024,87,5.5,9.0,2.7,14.6,20.6,17.27,82.0,71
2024-02-11,H.C.U. Valladolid,Valladolid,DOMINGO,2,2024,71,5.1,9.3,1.1,7.6,11.1,0.51,88.0,70
2024-02-12,H.C.U. Valladolid,Valladolid,LUNES,2,2024,70,10.9,16.0,6.0,10.6,20.6,0.51,78.0,65
2024-02-13,H.C.U. Valladolid,Valladolid,MARTES,2,2024,65,10.6,17.2,7.4,5.2,9.4,0.25,93.0,73
2024-02-14,H.C.U. Valladolid,Valladolid,MIÉRCOLES,2,2024,73,13.1,17.5,8.0,4.4,9.4,0.51,86.0,76
2024-02-15,H.C.U. Valladolid,Valladolid,JUEVES,2,2024,76,11.3,17.0,8.8,5.2,13.0,0.0,89.0,88
2024-02-16,H.C.U. Valladolid,Valladolid,VIERNES,2,2024,88,8.6,14.9,4.9,4.3,7.6,9.91,83.0,76
2024-02-17,H.C.U. Valladolid,Valladolid,SÁBADO,2,2024,76,7.8,14.6,2.5,2.8,5.4,0.0,78.0,74
2024-02-18,H.C.U. Valladolid,Valladolid,DOMINGO,2,2024,74,8.6,17.0,2.2,3.0,5.4,0.0,79.0,86
2024-02-19,H.C.U. Valladolid,Valladolid,LUNES,2,2024,86,10.8,16.7,7.0,4.1,7.6,0.0,75.0,78
2024-02-20,H.C.U. Valladolid,Valladolid,MARTES,2,2024,78,8.1,16.9,1.1,2.8,5.4,0.0,66.0,90
2024-02-21,H.C.U. Valladolid,Valladolid,MIÉRCOLES,2,2024,90,8.4,14.5,1.9,5.2,11.1,0.0,76.0,80
2024-02-22,H.C.U. Valladolid,Valladolid,JUEVES,2,2024,80,8.9,13.2,3.6,11.9,20.6,0.0,84.0,76
2024-02-23,H.C.U. Valladolid,Valladolid,VIERNES,2,2024,76,4.7,9.4,2.1,17.0,25.9,1.02,77.0,71
2024-02-24,H.C.U. Valladolid,Valladolid,SÁBADO,2,2024,71,5.5,9.7,1.4,15.4,22.2,0.0,76.0,80
2024-02-25,H.C.U. Valladolid,Valladolid,DOMINGO,2,2024,80,9.0,11.8,5.5,14.8,22.2,2.29,90.0,77
2024-02-26,H.C.U. Valladolid,Valladolid,LUNES,2,2024,77,5.6,7.9,2.7,14.4,22.2,2.29,78.0,85
2024-02-27,H.C.U. Valladolid,Valladolid,MARTES,2,2024,85,4.6,10.0,0.5,8.3,16.5,0.0,65.0,84
2024-02-28,H.C.U. Valladolid,Valladolid,MIÉRCOLES,2,2024,84,5.1,12.1,-1.7,3.0,5.4,0.0,72.0,72
2024-02-29,H.C.U. Valladolid,Valladolid,JUEVES,2,2024,72,4.6,11.2,0.5,10.2,24.1,0.0,79.0,85
2024-03-01,H.C.U. Valladolid,Valladolid,VIERNES,3,2024,85,4.8,9.4,0.1,11.3,16.5,0.51,80.0,87
2024-03-02,H.C.U. Valladolid,Valladolid,SÁBADO,3,2024,87,4.8,7.3,0.8,11.5,22.2,0.0,92.0,62
2024-03-03,H.C.U. Valladolid,Valladolid,DOMINGO,3,2024,62,4.0,9.3,-0.2,10.9,22.2,9.65,83.0,83
2024-03-04,H.C.U. Valladolid,Valladolid,LUNES,3,2024,83,7.8,12.6,5.6,10.9,18.3,0.51,81.0,80
2024-03-05,H.C.U. Valladolid,Valladolid,MARTES,3,2024,80,6.6,11.6,2.2,5.9,9.4,1.27,73.0,64
2024-03-06,H.C.U. Valladolid,Valladolid,MIÉRCOLES,3,2024,64,6.5,14.3,-0.6,3.7,7.6,0.0,66.0,88
2024-03-07,H.C.U. Valladolid,Valladolid,JUEVES,3,2024,88,6.4,11.5,2.6,7.0,16.5,0.0,78.0,84
2024-03-08,H.C.U. Valladolid,Valladolid,VIERNES,3,2024,84,5.2,10.4,0.6,10.2,20.6,6.35,84.0,90
2024-03-09,H.C.U. Valladolid,Valladolid,SÁBADO,3,2024,90,5.2,8.3,3.0,10.4,18.3,15.75,80.0,75
2024-03-10,H.C.U. Valladolid,Valladolid,DOMINGO,3,2024,75,7.1,12.2,3.5,14.4,24.1,0.51,80.0,75
2024-03-11,H.C.U. Valladolid,Valladolid,LUNES,3,2024,75,7.0,12.7,3.1,11.7,14.8,0.76,77.0,92
2024-03-12,H.C.U. Valladolid,Valladolid,MARTES,3,2024,92,9.3,15.7,3.0,3.1,5.4,0.0,68.0,79
2024-03-13,H.C.U. Valladolid,Valladolid,MIÉRCOLES,3,2024,79,9.3,20.1,2.6,2.8,5.4,0.0,64.0,80
2024-03-14,H.C.U. Valladolid,Valladolid,JUEVES,3,2024,80,12.9,16.3,6.6,8.9,14.8,0.0,69.0,65
2024-03-15,H.C.U. Valladolid,Valladolid,VIERNES,3,2024,65,11.7,16.7,8.7,5.2,9.4,0.76,84.0,74
2024-03-16,H.C.U. Valladolid,Valladolid,SÁBADO,3,2024,74,11.4,16.8,5.8,3.7,7.6,0.51,85.0,76
2024-03-17,H.C.U. Valladolid,Valladolid,DOMINGO,3,2024,76,13.1,19.3,7.2,2.8,5.4,0.0,80.0,73
2024-03-18,H.C.U. Valladolid,Valladolid,LUNES,3,2024,73,14.2,22.0,7.1,3.1,7.6,0.0,72.0,81
2024-03-19,H.C.U. Valladolid,Valladolid,MARTES,3,2024,81,14.8,22.2,7.3,3.7,7.6,0.0,65.0,78
2024-03-20,H.C.U. Valladolid,Valladolid,MIÉRCOLES,3,2024,78,15.3,23.2,8.6,4.4,9.4,0.0,65.0,62
2024-03-21,H.C.U. Valladolid,Valladolid,JUEVES,3,2024,62,16.4,23.8,10.6,6.5,14.8,0.0,61.0,82
2024-03-22,H.C.U. Valladolid,Valladolid,VIERNES,3,2024,82,17.0,26.6,9.4,3.1,5.4,0.0,54.0,72
2024-03-23,H.C.U. Valladolid,Valladolid,SÁBADO,3,2024,72,13.6,19.0,8.5,5.4,7.6,0.0,67.0,90
2024-03-24,H.C.U. Valladolid,Valladolid,DOMINGO,3,2024,90,10.2,18.0,3.7,5.4,7.6,0.0,60.0,66
2024-03-25,H.C.U. Valladolid,Valladolid,LUNES,3,2024,66,9.6,17.5,5.6,10.0,20.6,0.0,67.0,64
2024-03-26,H.C.U. Valladolid,Valladolid,MARTES,3,2024,64,4.6,8.4,1.7,12.4,18.3,0.76,69.0,93
2024-03-27,H.C.U. Valladolid,Valladolid,MIÉRCOLES,3,2024,93,8.7,14.0,1.5,15.7,31.3,3.56,75.0,66
2024-03-28,H.C.U. Valladolid,Valladolid,JUEVES,3,2024,66,0.0,0.0,0.0,0.0,0.0,0.0,0.0,84
2024-03-29,H.C.U. Valladolid,Valladolid,VIERNES,3,2024,84,0.0,0.0,0.0,0.0,0.0,0.0,0.0,71
2024-03-30,H.C.U. Valladolid,Valladolid,SÁBADO,3,2024,71,0.0,0.0,0.0,0.0,0.0,0.0,0.0,80
2024-03-31,H.C.U. Valladolid,Valladolid,DOMINGO,3,2024,80,0.0,0.0,0.0,0.0,0.0,0.0,0.0,73
2024-04-01,H.C.U. Valladolid,Valladolid,LUNES,4,2024,73,6.8,11.6,4.6,7.8,9.4,0.0,75.0,72
2024-04-02,H.C.U. Valladolid,Valladolid,MARTES,4,2024,72,5.1,9.2,3.1,5.2,9.4,0.0,93.0,82
2024-04-03,H.C.U. Valladolid,Valladolid,MIÉRCOLES,4,2024,82,11.9,17.2,7.9,8.0,16.5,1.78,74.0,83
2024-04-04,H.C.U. Valladolid,Valladolid,JUEVES,4,2024,83,13.3,20.2,6.7,5.2,9.4,0.0,62.0,64
2024-04-05,H.C.U. Valladolid,Valladolid,VIERNES,4,2024,64,16.3,23.1,9.0,7.6,13.0,0.0,48.0,85
2024-04-06,H.C.U. Valladolid,Valladolid,SÁBADO,4,2024,85,18.3,21.5,14.9,8.7,14.8,0.0,46.0,100
2024-04-07,H.C.U. Valladolid,Valladolid,DOMINGO,4,2024,100,13.7,18.9,10.8,4.8,9.4,0.0,78.0,86
2024-04-08,H.C.U. Valladolid,Valladolid,LUNES,4,2024,86,9.6,13.6,3.6,9.6,20.6,6.6,83.0,90
2024-04-09,H.C.U. Valladolid,Valladolid,MARTES,4,2024,90,7.6,13.8,1.6,5.9,11.1,4.32,66.0,79
2024-04-10,H.C.U. Valladolid,Valladolid,MIÉRCOLES,4,2024,79,10.7,18.0,2.9,3.3,7.6,0.0,69.0,79
2024-04-11,H.C.U. Valladolid,Valladolid,JUEVES,4,2024,79,15.0,23.2,6.5,4.4,7.6,0.0,64.0,89
2024-04-12,H.C.U. Valladolid,Valladolid,VIERNES,4,2024,89,17.8,26.4,8.8,3.3,7.6,0.0,57.0,83
2024-04-13,H.C.U. Valladolid,Valladolid,SÁBADO,4,2024,83,18.5,26.8,9.5,3.7,5.4,0.0,56.0,72
2024-04-14,H.C.U. Valladolid,Valladolid,DOMINGO,4,2024,72,19.1,27.1,10.8,3.9,7.6,0.0,58.0,84
2024-04-15,H.C.U. Valladolid,Valladolid,LUNES,4,2024,84,17.1,23.2,11.1,4.1,7.6,0.0,64.0,88
2024-04-16,H.C.U. Valladolid,Valladolid,MARTES,4,2024,88,12.2,19.2,5.9,5.7,13.0,0.0,65.0,80
2024-04-17,H.C.U. Valladolid,Valladolid,MIÉRCOLES,4,2024,80,10.6,17.4,4.5,6.1,11.1,0.0,63.0,69
2024-04-18,H.C.U. Valladolid,Valladolid,JUEVES,4,2024,69,10.1,17.5,3.0,5.9,9.4,0.0,61.0,78
2024-04-19,H.C.U. Valladolid,Valladolid,VIERNES,4,2024,78,11.9,21.9,2.4,4.4,5.4,0.0,51.0,99
2024-04-20,H.C.U. Valladolid,Valladolid,SÁBADO,4,2024,99,13.6,22.0,5.7,6.1,11.1,0.0,47.0,94
2024-04-21,H.C.U. Valladolid,Valladolid,DOMINGO,4,2024,94,11.8,20.4,4.5,6.7,11.1,0.0,47.0,67
2024-04-22,H.C.U. Valladolid,Valladolid,LUNES,4,2024,67,8.6,14.5,4.1,8.1,11.1,0.0,48.0,72
2024-04-23,H.C.U. Valladolid,Valladolid,MARTES,4,2024,72,8.1,15.2,0.3,7.2,16.5,0.0,56.0,67
2024-04-24,H.C.U. Valladolid,Valladolid,MIÉRCOLES,4,2024,67,9.4,17.1,1.4,4.1,9.4,0.0,54.0,95
2024-04-25,H.C.U. Valladolid,Valladolid,JUEVES,4,2024,95,10.7,17.0,5.5,6.1,14.8,0.0,60.0,77
2024-04-26,H.C.U. Valladolid,Valladolid,VIERNES,4,2024,77,10.4,16.5,6.9,6.9,14.8,0.51,70.0,78
2024-04-27,H.C.U. Valladolid,Valladolid,SÁBADO,4,2024,78,8.4,12.9,5.2,7.8,14.8,0.76,80.0,73
2024-04-28,H.C.U. Valladolid,Valladolid,DOMINGO,4,2024,73,8.6,13.2,2.6,3.7,7.6,5.08,72.0,69
2024-04-29,H.C.U. Valladolid,Valladolid,LUNES,4,2024,69,10.4,17.7,3.2,4.3,9.4,0.51,64.0,83
2024-04-30,H.C.U. Valladolid,Valladolid,MARTES,4,2024,83,10.1,15.6,4.5,8.3,14.8,0.0,71.0,82
2024-05-01,H.C.U. Valladolid,Valladolid,MIÉRCOLES,5,2024,82,0.0,0.0,0.0,0.0,0.0,0.0,0.0,62
2024-05-02,H.C.U. Valladolid,Valladolid,JUEVES,5,2024,62,7.7,13.7,2.4,9.3,16.5,4.32,75.0,91
2024-05-03,H.C.U. Valladolid,Valladolid,VIERNES,5,2024,91,10.5,15.8,4.2,8.3,14.8,0.25,69.0,90
2024-05-04,H.C.U. Valladolid,Valladolid,SÁBADO,5,2024,90,14.6,21.7,9.2,9.1,18.3,0.0,65.0,60
2024-05-05,H.C.U. Valladolid,Valladolid,DOMINGO,5,2024,60,14.0,19.6,11.6,8.1,16.5,0.0,82.0,81
2024-05-06,H.C.U. Valladolid,Valladolid,LUNES,5,2024,81,12.8,18.0,7.7,7.2,9.4,4.83,61.0,89
2024-05-07,H.C.U. Valladolid,Valladolid,MARTES,5,2024,89,12.1,18.8,5.3,5.2,9.4,0.0,65.0,89
2024-05-08,H.C.U. Valladolid,Valladolid,MIÉRCOLES,5,2024,89,12.6,21.7,5.9,4.1,5.4,0.0,63.0,84
2024-05-09,H.C.U. Valladolid,Valladolid,JUEVES,5,2024,84,16.4,26.2,6.7,4.1,7.6,0.0,53.0,78
2024-05-10,H.C.U. Valladolid,Valladolid,VIERNES,5,2024,78,19.4,27.5,9.9,3.7,11.1,0.0,44.0,62
2024-05-11,H.C.U. Valladolid,Valladolid,SÁBADO,5,2024,62,18.6,26.0,11.6,5.0,11.1,0.0,53.0,76
2024-05-12,H.C.U. Valladolid,Valladolid,DOMINGO,5,2024,76,17.9,25.3,10.2,4.4,9.4,0.0,57.0,80
2024-05-13,H.C.U. Valladolid,Valladolid,LUNES,5,2024,80,16.1,25.0,10.6,9.6,16.5,0.0,66.0,78
2024-05-14,H.C.U. Valladolid,Valladolid,MARTES,5,2024,78,11.0,17.4,7.1,11.3,20.6,4.06,73.0,94
2024-05-15,H.C.U. Valladolid,Valladolid,MIÉRCOLES,5,2024,94,10.6,16.8,5.0,10.0,16.5,0.51,63.0,86
2024-05-16,H.C.U. Valladolid,Valladolid,JUEVES,5,2024,86,10.3,14.8,5.8,8.9,14.8,0.0,68.0,78
2024-05-17,H.C.U. Valladolid,Valladolid,VIERNES,5,2024,78,11.8,17.8,8.0,5.9,14.8,7.37,76.0,73
2024-05-18,H.C.U. Valladolid,Valladolid,SÁBADO,5,2024,73,11.3,17.7,5.7,6.1,14.8,0.25,72.0,84
2024-05-19,H.C.U. Valladolid,Valladolid,DOMINGO,5,2024,84,11.0,16.4,7.8,3.7,9.4,0.0,83.0,78
2024-05-20,H.C.U. Valladolid,Valladolid,LUNES,5,2024,78,11.6,19.2,5.8,4.4,14.8,6.86,76.0,77
2024-05-21,H.C.U. Valladolid,Valladolid,MARTES,5,2024,77,12.1,20.3,7.3,5.9,16.5,1.02,75.0,77
2024-05-22,H.C.U. Valladolid,Valladolid,MIÉRCOLES,5,2024,77,12.7,19.0,7.1,7.2,13.0,6.6,70.0,70
2024-05-23,H.C.U. Valladolid,Valladolid,JUEVES,5,2024,70,13.2,19.9,6.0,4.4,7.6,0.0,61.0,107
2024-05-24,H.C.U. Valladolid,Valladolid,VIERNES,5,2024,107,15.6,23.9,6.8,4.3,9.4,0.0,54.0,89
2024-05-25,H.C.U. Valladolid,Valladolid,SÁBADO,5,2024,89,17.9,26.0,9.5,7.2,16.5,0.0,44.0,71
2024-05-26,H.C.U. Valladolid,Valladolid,DOMINGO,5,2024,71,17.9,24.3,11.0,6.7,11.1,0.0,59.0,70
2024-05-27,H.C.U. Valladolid,Valladolid,LUNES,5,2024,70,16.1,23.5,8.7,5.0,9.4,0.0,62.0,78
2024-05-28,H.C.U. Valladolid,Valladolid,MARTES,5,2024,78,18.6,28.0,8.6,4.6,7.6,0.0,49.0,84
2024-05-29,H.C.U. Valladolid,Valladolid,MIÉRCOLES,5,2024,84,21.8,30.4,12.1,4.4,9.4,0.0,46.0,92
2024-05-30,H.C.U. Valladolid,Valladolid,JUEVES,5,2024,92,20.6,28.5,13.9,6.5,18.3,0.0,56.0,81
2024-05-31,H.C.U. Valladolid,Valladolid,VIERNES,5,2024,81,15.3,22.4,8.7,7.6,14.8,0.0,51.0,69
2024-06-01,H.C.U. Valladolid,Valladolid,SÁBADO,6,2024,69,14.7,22.0,8.0,7.8,13.0,0.0,55.0,59
2024-06-02,H.C.U. Valladolid,Valladolid,DOMINGO,6,2024,59,16.0,23.8,8.1,6.9,16.5,0.0,57.0,96
2024-06-03,H.C.U. Valladolid,Valladolid,LUNES,6,2024,96,18.4,27.7,10.0,4.8,7.6,0.0,53.0,85
2024-06-04,H.C.U. Valladolid,Valladolid,MARTES,6,2024,85,20.2,29.5,9.6,4.6,7.6,0.0,48.0,86
2024-06-05,H.C.U. Valladolid,Valladolid,MIÉRCOLES,6,2024,86,22.6,32.2,14.3,4.4,9.4,0.0,46.0,69
2024-06-06,H.C.U. Valladolid,Valladolid,JUEVES,6,2024,69,24.8,31.3,15.2,4.3,9.4,0.0,42.0,84
2024-06-07,H.C.U. Valladolid,Valladolid,VIERNES,6,2024,84,25.7,33.2,19.6,6.3,13.0,0.51,47.0,89
2024-06-08,H.C.U. Valladolid,Valladolid,SÁBADO,6,2024,89,19.7,25.4,15.7,6.7,14.8,0.0,68.0,96
2024-06-09,H.C.U. Valladolid,Valladolid,DOMINGO,6,2024,96,16.7,21.5,13.0,6.3,13.0,0.76,72.0,66
2024-06-10,H.C.U. Valladolid,Valladolid,LUNES,6,2024,66,15.7,21.7,10.6,6.9,11.1,0.25,55.0,109
2024-06-11,H.C.U. Valladolid,Valladolid,MARTES,6,2024,109,15.6,23.0,7.4,6.3,13.0,0.0,54.0,76
2024-06-12,H.C.U. Valladolid,Valladolid,MIÉRCOLES,6,2024,76,15.8,21.5,10.8,7.8,11.1,0.0,50.0,72
2024-06-13,H.C.U. Valladolid,Valladolid,JUEVES,6,2024,72,18.2,27.5,7.5,5.6,11.1,0.0,44.0,99
2024-06-14,H.C.U. Valladolid,Valladolid,VIERNES,6,2024,99,20.7,27.2,14.3,10.7,18.3,0.0,51.0,77
2024-06-15,H.C.U. Valladolid,Valladolid,SÁBADO,6,2024,77,17.5,25.2,9.5,5.6,9.4,0.0,44.0,84
2024-06-16,H.C.U. Valladolid,Valladolid,DOMINGO,6,2024,84,19.2,27.3,11.1,7.8,14.8,0.0,49.0,74
2024-06-17,H.C.U. Valladolid,Valladolid,LUNES,6,2024,74,20.2,28.5,12.4,8.0,16.5,0.0,50.0,100
2024-06-18,H.C.U. Valladolid,Valladolid,MARTES,6,2024,100,17.1,22.3,14.3,6.3,11.1,2.03,69.0,93
2024-06-19,H.C.U. Valladolid,Valladolid,MIÉRCOLES,6,2024,93,16.3,24.1,10.5,4.4,9.4,0.0,62.0,80
2024-06-20,H.C.U. Valladolid,Valladolid,JUEVES,6,2024,80,14.2,20.4,11.6,4.3,7.6,9.91,86.0,80
2024-06-21,H.C.U. Valladolid,Valladolid,VIERNES,6,2024,80,17.9,26.0,10.0,4.3,7.6,27.43,61.0,82
2024-06-22,H.C.U. Valladolid,Valladolid,SÁBADO,6,2024,82,19.6,26.4,12.8,4.8,9.4,0.0,53.0,66
2024-06-23,H.C.U. Valladolid,Valladolid,DOMINGO,6,2024,66,20.7,28.2,13.0,5.6,13.0,0.0,59.0,68
2024-06-24,H.C.U. Valladolid,Valladolid,LUNES,6,2024,68,21.9,30.8,14.0,4.3,7.6,0.0,51.0,76
2024-06-25,H.C.U. Valladolid,Valladolid,MARTES,6,2024,76,23.1,32.9,15.2,4.8,13.0,0.0,54.0,78
2024-06-26,H.C.U. Valladolid,Valladolid,MIÉRCOLES,6,2024,78,24.5,33.1,17.1,5.9,13.0,5.33,55.0,65
2024-06-27,H.C.U. Valladolid,Valladolid,JUEVES,6,2024,65,24.9,33.1,17.4,5.2,11.1,0.0,57.0,68
2024-06-28,H.C.U. Valladolid,Valladolid,VIERNES,6,2024,68,22.1,31.4,15.6,7.0,18.3,0.0,65.0,78
2024-06-29,H.C.U. Valladolid,Valladolid,SÁBADO,6,2024,78,17.1,19.1,15.4,5.9,13.0,30.48,93.0,69
2024-06-30,H.C.U. Valladolid,Valladolid,DOMINGO,6,2024,69,19.9,26.0,15.2,5.7,9.4,2.54,64.0,82
2024-07-01,H.C.U. Valladolid,Valladolid,LUNES,7,2024,82,19.7,26.4,13.3,7.0,13.0,0.0,53.0,76
2024-07-02,H.C.U. Valladolid,Valladolid,MARTES,7,2024,76,21.0,29.0,12.4,5.9,11.1,0.0,52.0,67
2024-07-03,H.C.U. Valladolid,Valladolid,MIÉRCOLES,7,2024,67,23.3,32.8,13.4,4.6,9.4,0.0,37.0,62
2024-07-04,H.C.U. Valladolid,Valladolid,JUEVES,7,2024,62,25.0,33.4,15.6,4.4,7.6,0.0,36.0,66
2024-07-05,H.C.U. Valladolid,Valladolid,VIERNES,7,2024,66,26.8,36.8,17.3,6.7,14.8,0.0,44.0,63
2024-07-06,H.C.U. Valladolid,Valladolid,SÁBADO,7,2024,63,20.8,27.1,13.6,7.2,16.5,0.51,59.0,63
2024-07-07,H.C.U. Valladolid,Valladolid,DOMINGO,7,2024,63,19.7,28.2,11.5,5.6,9.4,0.0,49.0,78
2024-07-08,H.C.U. Valladolid,Valladolid,LUNES,7,2024,78,23.6,31.4,14.3,7.2,13.0,0.0,32.0,68
2024-07-09,H.C.U. Valladolid,Valladolid,MARTES,7,2024,68,23.0,29.9,18.1,6.9,16.5,0.0,45.0,80
2024-07-10,H.C.U. Valladolid,Valladolid,MIÉRCOLES,7,2024,80,24.6,32.1,18.4,7.0,11.1,0.0,54.0,70
2024-07-11,H.C.U. Valladolid,Valladolid,JUEVES,7,2024,70,24.7,31.4,19.3,8.5,16.5,0.0,47.0,56
2024-07-12,H.C.U. Valladolid,Valladolid,VIERNES,7,2024,56,21.4,28.2,15.2,5.4,7.6,0.0,52.0,68
2024-07-13,H.C.U. Valladolid,Valladolid,SÁBADO,7,2024,68,23.3,30.3,13.4,6.5,11.1,0.0,41.0,68
2024-07-14,H.C.U. Valladolid,Valladolid,DOMINGO,7,2024,68,24.6,31.2,17.0,8.5,13.0,0.0,28.0,66
2024-07-15,H.C.U. Valladolid,Valladolid,LUNES,7,2024,66,21.3,27.3,16.9,10.0,16.5,2.29,56.0,102
2024-07-16,H.C.U. Valladolid,Valladolid,MARTES,7,2024,102,21.1,29.3,12.7,4.3,5.4,0.0,45.0,76
2024-07-17,H.C.U. Valladolid,Valladolid,MIÉRCOLES,7,2024,76,23.6,33.8,13.7,4.8,9.4,0.0,41.0,81
2024-07-18,H.C.U. Valladolid,Valladolid,JUEVES,7,2024,81,26.3,35.4,17.2,6.1,13.0,0.0,31.0,80
2024-07-19,H.C.U. Valladolid,Valladolid,VIERNES,7,2024,80,27.6,36.6,18.2,6.3,13.0,0.0,30.0,89
2024-07-20,H.C.U. Valladolid,Valladolid,SÁBADO,7,2024,89,25.6,31.0,19.2,10.6,18.3,0.0,45.0,73
2024-07-21,H.C.U. Valladolid,Valladolid,DOMINGO,7,2024,73,21.4,28.7,13.8,6.7,13.0,0.0,42.0,71
2024-07-22,H.C.U. Valladolid,Valladolid,LUNES,7,2024,71,23.4,33.8,12.3,5.0,7.6,0.0,36.0,73
2024-07-23,H.C.U. Valladolid,Valladolid,MARTES,7,2024,73,27.7,37.5,17.5,4.6,7.6,0.0,35.0,79
2024-07-24,H.C.U. Valladolid,Valladolid,MIÉRCOLES,7,2024,79,28.3,38.4,18.8,5.0,9.4,0.0,36.0,72
2024-07-25,H.C.U. Valladolid,Valladolid,JUEVES,7,2024,72,27.2,37.8,17.6,6.1,14.8,0.0,40.0,65
2024-07-26,H.C.U. Valladolid,Valladolid,VIERNES,7,2024,65,26.8,37.2,16.7,5.7,11.1,0.0,37.0,76
2024-07-27,H.C.U. Valladolid,Valladolid,SÁBADO,7,2024,76,27.6,36.5,18.4,5.7,11.1,0.0,42.0,75
2024-07-28,H.C.U. Valladolid,Valladolid,DOMINGO,7,2024,75,29.1,39.0,18.5,6.3,11.1,0.0,36.0,68
2024-07-29,H.C.U. Valladolid,Valladolid,LUNES,7,2024,68,28.1,33.9,21.0,5.6,18.3,0.0,38.0,83
2024-07-30,H.C.U. Valladolid,Valladolid,MARTES,7,2024,83,28.4,36.5,20.3,6.1,16.5,4.32,39.0,75
2024-07-31,H.C.U. Valladolid,Valladolid,MIÉRCOLES,7,2024,75,27.5,35.7,19.0,6.5,11.1,0.0,32.0,62
2024-08-01,H.C.U. Valladolid,Valladolid,JUEVES,8,2024,62,27.1,35.8,18.9,4.8,9.4,0.0,43.0,69
2024-08-02,H.C.U. Valladolid,Valladolid,VIERNES,8,2024,69,23.2,30.0,17.8,6.5,13.0,0.0,56.0,67
2024-08-03,H.C.U. Valladolid,Valladolid,SÁBADO,8,2024,67,24.1,33.1,15.4,5.0,7.6,0.0,45.0,69
2024-08-04,H.C.U. Valladolid,Valladolid,DOMINGO,8,2024,69,26.5,36.1,16.5,4.3,7.6,0.0,31.0,61
2024-08-05,H.C.U. Valladolid,Valladolid,LUNES,8,2024,61,27.6,36.8,18.0,5.9,11.1,0.0,34.0,80
2024-08-06,H.C.U. Valladolid,Valladolid,MARTES,8,2024,80,25.6,35.1,16.9,5.2,9.4,0.0,45.0,69
2024-08-07,H.C.U. Valladolid,Valladolid,MIÉRCOLES,8,2024,69,25.8,35.3,17.2,5.2,7.6,0.0,44.0,79
2024-08-08,H.C.U. Valladolid,Valladolid,JUEVES,8,2024,79,27.0,37.2,17.2,5.6,9.4,0.0,42.0,77
2024-08-09,H.C.U. Valladolid,Valladolid,VIERNES,8,2024,77,28.4,38.6,18.4,4.3,5.4,0.0,40.0,66
2024-08-10,H.C.U. Valladolid,Valladolid,SÁBADO,8,2024,66,30.1,38.5,20.5,5.0,9.4,0.0,30.0,62
2024-08-11,H.C.U. Valladolid,Valladolid,DOMINGO,8,2024,62,30.4,38.3,21.9,4.8,9.4,0.0,25.0,63
2024-08-12,H.C.U. Valladolid,Valladolid,LUNES,8,2024,63,0.0,0.0,0.0,0.0,0.0,0.0,0.0,83
2024-08-13,H.C.U. Valladolid,Valladolid,MARTES,8,2024,83,21.8,26.8,16.9,5.2,11.1,0.0,63.0,86
2024-08-14,H.C.U. Valladolid,Valladolid,MIÉRCOLES,8,2024,86,21.6,29.0,15.7,5.6,13.0,0.51,54.0,73
2024-08-15,H.C.U. Valladolid,Valladolid,JUEVES,8,2024,73,20.6,29.4,11.7,6.3,11.1,0.0,41.0,58
2024-08-16,H.C.U. Valladolid,Valladolid,VIERNES,8,2024,58,23.6,32.7,13.2,4.1,7.6,0.0,32.0,76
2024-08-17,H.C.U. Valladolid,Valladolid,SÁBADO,8,2024,76,25.2,34.3,16.8,5.0,13.0,0.0,37.0,78
2024-08-18,H.C.U. Valladolid,Valladolid,DOMINGO,8,2024,78,24.1,31.5,17.3,5.6,16.5,0.0,52.0,86
2024-08-19,H.C.U. Valladolid,Valladolid,LUNES,8,2024,86,22.9,33.0,13.6,5.0,11.1,0.0,42.0,71
2024-08-20,H.C.U. Valladolid,Valladolid,MARTES,8,2024,71,27.2,33.7,18.0,6.1,11.1,0.0,28.0,62
2024-08-21,H.C.U. Valladolid,Valladolid,MIÉRCOLES,8,2024,62,24.8,34.8,16.5,5.0,9.4,0.0,45.0,65
2024-08-22,H.C.U. Valladolid,Valladolid,JUEVES,8,2024,65,26.1,35.6,17.2,6.3,14.8,0.0,34.0,77
2024-08-23,H.C.U. Valladolid,Valladolid,VIERNES,8,2024,77,25.6,35.4,16.1,4.4,9.4,0.0,31.0,65
2024-08-24,H.C.U. Valladolid,Valladolid,SÁBADO,8,2024,65,24.8,33.7,17.2,7.8,14.8,0.0,38.0,62
2024-08-25,H.C.U. Valladolid,Valladolid,DOMINGO,8,2024,62,19.9,28.6,14.8,6.9,9.4,0.0,59.0,63
2024-08-26,H.C.U. Valladolid,Valladolid,LUNES,8,2024,63,20.6,30.4,11.3,4.4,7.6,0.0,46.0,69
2024-08-27,H.C.U. Valladolid,Valladolid,MARTES,8,2024,69,24.2,34.7,14.1,4.1,9.4,0.0,34.0,85
2024-08-28,H.C.U. Valladolid,Valladolid,MIÉRCOLES,8,2024,85,25.7,34.8,16.4,5.2,13.0,0.0,33.0,73
2024-08-29,H.C.U. Valladolid,Valladolid,JUEVES,8,2024,73,21.9,29.1,17.5,5.9,11.1,4.06,70.0,79
2024-08-30,H.C.U. Valladolid,Valladolid,VIERNES,8,2024,79,23.2,32.3,16.3,4.6,9.4,4.32,62.0,86
2024-08-31,H.C.U. Valladolid,Valladolid,SÁBADO,8,2024,86,21.1,27.1,17.7,4.6,9.4,0.0,74.0,95
2024-09-01,H.C.U. Valladolid,Valladolid,DOMINGO,9,2024,95,22.2,28.7,15.7,3.3,5.4,5.08,65.0,82
2024-09-02,H.C.U. Valladolid,Valladolid,LUNES,9,2024,82,22.1,30.0,16.6,5.2,9.4,0.0,62.0,70
2024-09-03,H.C.U. Valladolid,Valladolid,MARTES,9,2024,70,19.3,26.5,15.5,5.9,11.1,0.0,71.0,67
2024-09-04,H.C.U. Valladolid,Valladolid,MIÉRCOLES,9,2024,67,18.7,24.6,14.5,7.0,11.1,0.0,59.0,89
2024-09-05,H.C.U. Valladolid,Valladolid,JUEVES,9,2024,89,16.6,21.4,12.0,4.6,9.4,0.0,60.0,68
2024-09-06,H.C.U. Valladolid,Valladolid,VIERNES,9,2024,68,15.4,21.7,9.3,6.1,11.1,0.76,54.0,59
2024-09-07,H.C.U. Valladolid,Valladolid,SÁBADO,9,2024,59,16.7,23.6,10.2,6.9,13.0,0.0,54.0,67
2024-09-08,H.C.U. Valladolid,Valladolid,DOMINGO,9,2024,67,18.6,24.9,13.1,4.4,7.6,0.0,45.0,63
2024-09-09,H.C.U. Valladolid,Valladolid,LUNES,9,2024,63,18.7,27.5,10.6,4.1,7.6,0.0,51.0,70
2024-09-10,H.C.U. Valladolid,Valladolid,MARTES,9,2024,70,19.3,27.2,12.4,4.4,7.6,0.0,56.0,97
2024-09-11,H.C.U. Valladolid,Valladolid,MIÉRCOLES,9,2024,97,17.8,25.7,10.1,5.0,11.1,0.0,51.0,66
2024-09-12,H.C.U. Valladolid,Valladolid,JUEVES,9,2024,66,18.8,25.4,13.3,8.5,14.8,0.0,56.0,89
2024-09-13,H.C.U. Valladolid,Valladolid,VIERNES,9,2024,89,12.0,17.1,8.5,6.5,16.5,0.0,68.0,70
2024-09-14,H.C.U. Valladolid,Valladolid,SÁBADO,9,2024,70,15.5,26.7,6.1,3.7,5.4,0.0,40.0,69
2024-09-15,H.C.U. Valladolid,Valladolid,DOMINGO,9,2024,69,17.7,27.7,8.6,4.8,9.4,0.0,31.0,90
2024-09-16,H.C.U. Valladolid,Valladolid,LUNES,9,2024,90,17.5,26.2,10.0,7.0,11.1,0.0,31.0,73
2024-09-17,H.C.U. Valladolid,Valladolid,MARTES,9,2024,73,16.0,23.3,10.7,8.0,13.0,0.0,55.0,71
2024-09-18,H.C.U. Valladolid,Valladolid,MIÉRCOLES,9,2024,71,17.8,26.6,10.5,4.1,7.6,0.0,51.0,90
2024-09-19,H.C.U. Valladolid,Valladolid,JUEVES,9,2024,90,17.7,24.0,12.6,5.0,11.1,0.0,64.0,77
2024-09-20,H.C.U. Valladolid,Valladolid,VIERNES,9,2024,77,17.1,21.9,14.2,3.9,7.6,1.27,75.0,92
2024-09-21,H.C.U. Valladolid,Valladolid,SÁBADO,9,2024,92,15.9,21.5,12.7,4.3,7.6,5.08,83.0,74
2024-09-22,H.C.U. Valladolid,Valladolid,DOMINGO,9,2024,74,16.2,22.5,11.5,5.0,9.4,1.27,70.0,71
2024-09-23,H.C.U. Valladolid,Valladolid,LUNES,9,2024,71,16.1,21.7,10.2,6.3,11.1,0.0,52.0,98
2024-09-24,H.C.U. Valladolid,Valladolid,MARTES,9,2024,98,15.7,20.5,11.4,8.0,14.8,0.0,64.0,83
2024-09-25,H.C.U. Valladolid,Valladolid,MIÉRCOLES,9,2024,83,18.6,24.6,13.5,10.6,20.6,0.51,76.0,90
2024-09-26,H.C.U. Valladolid,Valladolid,JUEVES,9,2024,90,18.2,21.7,13.6,14.8,24.1,0.0,71.0,78
2024-09-27,H.C.U. Valladolid,Valladolid,VIERNES,9,2024,78,13.4,18.6,8.5,9.3,16.5,2.79,60.0,63
2024-09-28,H.C.U. Valladolid,Valladolid,SÁBADO,9,2024,63,11.3,19.0,4.6,3.9,7.6,0.0,56.0,77
2024-09-29,H.C.U. Valladolid,Valladolid,DOMINGO,9,2024,77,15.8,25.4,6.5,5.2,9.4,0.0,41.0,61
2024-09-30,H.C.U. Valladolid,Valladolid,LUNES,9,2024,61,18.0,27.4,9.1,4.8,9.4,0.0,39.0,98
2024-10-01,H.C.U. Valladolid,Valladolid,MARTES,10,2024,98,18.8,26.1,13.0,8.0,14.8,0.0,59.0,79
2024-10-02,H.C.U. Valladolid,Valladolid,MIÉRCOLES,10,2024,79,17.6,18.5,16.2,9.6,18.3,0.0,91.0,78
2024-10-03,H.C.U. Valladolid,Valladolid,JUEVES,10,2024,78,16.2,21.6,12.9,4.1,7.6,9.14,68.0,82
2024-10-04,H.C.U. Valladolid,Valladolid,VIERNES,10,2024,82,14.9,21.9,9.8,3.1,5.4,1.27,69.0,71
2024-10-05,H.C.U. Valladolid,Valladolid,SÁBADO,10,2024,71,16.3,22.7,10.4,7.0,14.8,0.0,78.0,85
2024-10-06,H.C.U. Valladolid,Valladolid,DOMINGO,10,2024,85,17.2,19.6,15.9,6.5,9.4,8.89,85.0,92
2024-10-07,H.C.U. Valladolid,Valladolid,LUNES,10,2024,92,15.1,17.4,11.9,8.3,16.5,18.29,88.0,95
2024-10-08,H.C.U. Valladolid,Valladolid,MARTES,10,2024,95,13.8,17.1,10.8,9.1,13.0,11.68,85.0,101
2024-10-09,H.C.U. Valladolid,Valladolid,MIÉRCOLES,10,2024,101,16.7,22.2,11.7,15.9,31.3,0.76,77.0,76
2024-10-10,H.C.U. Valladolid,Valladolid,JUEVES,10,2024,76,12.6,19.1,8.1,6.1,11.1,0.51,69.0,66
2024-10-11,H.C.U. Valladolid,Valladolid,VIERNES,10,2024,66,13.2,19.3,6.0,4.8,13.0,0.0,70.0,66
2024-10-12,H.C.U. Valladolid,Valladolid,SÁBADO,10,2024,66,16.8,21.1,14.0,4.6,9.4,0.25,80.0,73
2024-10-13,H.C.U. Valladolid,Valladolid,DOMINGO,10,2024,73,17.4,24.0,12.2,3.1,5.4,1.52,74.0,89
2024-10-14,H.C.U. Valladolid,Valladolid,LUNES,10,2024,89,17.6,22.5,12.2,3.3,7.6,0.0,78.0,92
2024-10-15,H.C.U. Valladolid,Valladolid,MARTES,10,2024,92,16.3,20.3,14.9,5.2,13.0,0.0,89.0,91
2024-10-16,H.C.U. Valladolid,Valladolid,MIÉRCOLES,10,2024,91,16.3,20.9,13.1,8.5,14.8,23.11,86.0,87
2024-10-17,H.C.U. Valladolid,Valladolid,JUEVES,10,2024,87,12.7,17.2,8.3,9.8,16.5,4.06,74.0,62
2024-10-18,H.C.U. Valladolid,Valladolid,VIERNES,10,2024,62,10.8,15.3,5.5,6.3,11.1,0.25,83.0,94
2024-10-19,H.C.U. Valladolid,Valladolid,SÁBADO,10,2024,94,14.5,17.8,11.6,6.7,11.1,0.0,84.0,72
2024-10-20,H.C.U. Valladolid,Valladolid,DOMINGO,10,2024,72,14.7,20.5,11.8,4.1,7.6,0.0,83.0,91
2024-10-21,H.C.U. Valladolid,Valladolid,LUNES,10,2024,91,13.9,21.5,8.3,3.1,5.4,0.0,80.0,114
2024-10-22,H.C.U. Valladolid,Valladolid,MARTES,10,2024,114,14.7,20.2,11.1,4.6,5.4,0.0,78.0,82
2024-10-23,H.C.U. Valladolid,Valladolid,MIÉRCOLES,10,2024,82,14.3,21.8,8.3,3.5,5.4,0.0,76.0,95
2024-10-24,H.C.U. Valladolid,Valladolid,JUEVES,10,2024,95,15.2,21.5,8.7,4.4,9.4,0.0,73.0,90
2024-10-25,H.C.U. Valladolid,Valladolid,VIERNES,10,2024,90,11.5,15.1,7.1,6.3,14.8,4.83,75.0,72
2024-10-26,H.C.U. Valladolid,Valladolid,SÁBADO,10,2024,72,7.3,12.0,3.9,5.2,9.4,0.0,79.0,84
2024-10-27,H.C.U. Valladolid,Valladolid,DOMINGO,10,2024,84,8.7,12.4,6.6,3.9,7.6,0.25,87.0,88
2024-10-28,H.C.U. Valladolid,Valladolid,LUNES,10,2024,88,12.5,17.9,8.7,8.3,20.6,1.78,80.0,98
2024-10-29,H.C.U. Valladolid,Valladolid,MARTES,10,2024,98,12.9,18.1,8.7,8.5,18.3,0.51,84.0,72
2024-10-30,H.C.U. Valladolid,Valladolid,MIÉRCOLES,10,2024,72,13.3,18.9,9.3,10.0,18.3,13.72,84.0,70
2024-10-31,H.C.U. Valladolid,Valladolid,JUEVES,10,2024,70,14.7,20.1,10.6,5.4,13.0,1.02,73.0,72
2024-11-01,H.C.U. Valladolid,Valladolid,VIERNES,11,2024,72,14.7,19.7,11.6,4.4,9.4,1.02,80.0,71
2024-11-02,H.C.U. Valladolid,Valladolid,SÁBADO,11,2024,71,14.1,19.6,10.1,5.0,11.1,0.0,78.0,93
2024-11-03,H.C.U. Valladolid,Valladolid,DOMINGO,11,2024,93,13.3,20.0,8.7,3.5,5.4,0.0,78.0,99
2024-11-04,H.C.U. Valladolid,Valladolid,LUNES,11,2024,99,12.7,19.2,8.1,3.9,7.6,0.0,79.0,76
2024-11-05,H.C.U. Valladolid,Valladolid,MARTES,11,2024,76,14.8,19.0,11.4,3.3,7.6,0.0,75.0,82
2024-11-06,H.C.U. Valladolid,Valladolid,MIÉRCOLES,11,2024,82,13.8,21.1,9.0,3.0,7.6,0.0,77.0,84
2024-11-07,H.C.U. Valladolid,Valladolid,JUEVES,11,2024,84,12.6,19.7,7.6,2.8,5.4,0.0,81.0,67
2024-11-08,H.C.U. Valladolid,Valladolid,VIERNES,11,2024,67,11.9,17.6,8.1,2.6,9.4,0.0,84.0,85
2024-11-09,H.C.U. Valladolid,Valladolid,SÁBADO,11,2024,85,12.8,17.4,10.1,5.4,9.4,0.0,77.0,82
2024-11-10,H.C.U. Valladolid,Valladolid,DOMINGO,11,2024,82,11.4,14.9,7.8,3.9,9.4,0.0,92.0,67
2024-11-11,H.C.U. Valladolid,Valladolid,LUNES,11,2024,67,11.0,15.7,7.5,5.2,11.1,1.27,78.0,93
2024-11-12,H.C.U. Valladolid,Valladolid,MARTES,11,2024,93,9.1,14.1,5.8,5.6,11.1,0.0,74.0,83
2024-11-13,H.C.U. Valladolid,Valladolid,MIÉRCOLES,11,2024,83,7.3,9.2,4.2,11.9,16.5,0.0,81.0,90
2024-11-14,H.C.U. Valladolid,Valladolid,JUEVES,11,2024,90,11.3,15.0,7.6,8.7,16.5,2.29,81.0,83
2024-11-15,H.C.U. Valladolid,Valladolid,VIERNES,11,2024,83,12.2,17.7,8.7,2.8,5.4,0.0,79.0,76
2024-11-16,H.C.U. Valladolid,Valladolid,SÁBADO,11,2024,76,11.0,16.5,6.7,3.0,3.5,0.0,81.0,89
2024-11-17,H.C.U. Valladolid,Valladolid,DOMINGO,11,2024,89,11.6,17.8,6.6,2.8,3.5,0.0,73.0,86
2024-11-18,H.C.U. Valladolid,Valladolid,LUNES,11,2024,86,0.0,0.0,0.0,0.0,0.0,0.0,0.0,90
2024-11-19,H.C.U. Valladolid,Valladolid,MARTES,11,2024,90,0.0,0.0,0.0,0.0,0.0,0.0,0.0,105
2024-11-20,H.C.U. Valladolid,Valladolid,MIÉRCOLES,11,2024,105,0.0,0.0,0.0,0.0,0.0,0.0,0.0,79
2024-11-21,H.C.U. Valladolid,Valladolid,JUEVES,11,2024,79,0.0,0.0,0.0,0.0,0.0,0.0,0.0,86
2024-11-22,H.C.U. Valladolid,Valladolid,VIERNES,11,2024,86,7.3,10.2,4.3,4.1,5.4,0.0,74.0,74
2024-11-23,H.C.U. Valladolid,Valladolid,SÁBADO,11,2024,74,12.2,16.5,3.8,6.5,11.1,0.25,78.0,84
2024-11-24,H.C.U. Valladolid,Valladolid,DOMINGO,11,2024,84,14.8,18.0,10.7,11.5,22.2,0.0,59.0,93
2024-11-25,H.C.U. Valladolid,Valladolid,LUNES,11,2024,93,11.4,16.8,6.3,11.1,20.6,7.87,73.0,104
2024-11-26,H.C.U. Valladolid,Valladolid,MARTES,11,2024,104,6.2,9.6,4.0,3.3,5.4,9.4,91.0,91
2024-11-27,H.C.U. Valladolid,Valladolid,MIÉRCOLES,11,2024,91,4.5,8.9,1.7,2.4,3.5,0.0,96.0,78
2024-11-28,H.C.U. Valladolid,Valladolid,JUEVES,11,2024,78,5.1,12.7,1.4,2.8,5.4,0.51,91.0,76
2024-11-29,H.C.U. Valladolid,Valladolid,VIERNES,11,2024,76,8.4,15.6,4.0,2.2,3.5,0.0,86.0,102
2024-11-30,H.C.U. Valladolid,Valladolid,SÁBADO,11,2024,102,9.2,15.3,4.2,2.2,3.5,0.0,91.0,88
2024-12-01,H.C.U. Valladolid,Valladolid,DOMINGO,12,2024,88,0.0,0.0,0.0,0.0,0.0,0.0,0.0,96
2024-12-02,H.C.U. Valladolid,Valladolid,LUNES,12,2024,96,10.7,14.7,8.5,4.4,11.1,1.78,92.0,94
2024-12-03,H.C.U. Valladolid,Valladolid,MARTES,12,2024,94,7.8,8.7,7.1,3.3,14.8,0.25,99.0,98
2024-12-04,H.C.U. Valladolid,Valladolid,MIÉRCOLES,12,2024,98,8.8,12.2,6.4,5.7,16.5,0.0,83.0,75
2024-12-05,H.C.U. Valladolid,Valladolid,JUEVES,12,2024,75,8.8,13.0,5.8,5.4,11.1,0.25,87.0,76
2024-12-06,H.C.U. Valladolid,Valladolid,VIERNES,12,2024,76,10.0,10.5,8.9,5.0,9.4,0.0,98.0,77
2024-12-07,H.C.U. Valladolid,Valladolid,SÁBADO,12,2024,77,9.1,13.2,4.4,9.8,18.3,0.0,77.0,79
2024-12-08,H.C.U. Valladolid,Valladolid,DOMINGO,12,2024,79,4.6,9.4,0.9,10.7,14.8,0.0,70.0,87
2024-12-09,H.C.U. Valladolid,Valladolid,LUNES,12,2024,87,3.8,8.3,0.6,6.3,13.0,0.0,77.0,77
2024-12-10,H.C.U. Valladolid,Valladolid,MARTES,12,2024,77,2.7,7.8,-0.9,3.1,5.4,0.0,82.0,85
2024-12-11,H.C.U. Valladolid,Valladolid,MIÉRCOLES,12,2024,85,3.4,5.2,1.2,2.8,5.4,0.0,82.0,81
2024-12-12,H.C.U. Valladolid,Valladolid,JUEVES,12,2024,81,4.8,9.8,1.3,4.1,9.4,0.0,75.0,68
2024-12-13,H.C.U. Valladolid,Valladolid,VIERNES,12,2024,68,3.7,7.8,0.9,2.4,3.5,0.51,88.0,76
2024-12-14,H.C.U. Valladolid,Valladolid,SÁBADO,12,2024,76,2.3,9.3,-1.8,3.1,7.6,0.0,90.0,82
2024-12-15,H.C.U. Valladolid,Valladolid,DOMINGO,12,2024,82,0.7,6.7,-2.7,2.8,5.4,0.0,92.0,84
2024-12-16,H.C.U. Valladolid,Valladolid,LUNES,12,2024,84,1.2,6.5,-1.4,3.1,7.6,0.0,94.0,87
2024-12-17,H.C.U. Valladolid,Valladolid,MARTES,12,2024,87,3.3,9.5,-1.9,2.2,5.4,0.0,87.0,76
2024-12-18,H.C.U. Valladolid,Valladolid,MIÉRCOLES,12,2024,76,7.0,11.5,1.4,4.6,9.4,0.25,86.0,89
2024-12-19,H.C.U. Valladolid,Valladolid,JUEVES,12,2024,89,9.2,12.8,2.5,8.3,14.8,2.79,85.0,76
2024-12-20,H.C.U. Valladolid,Valladolid,VIERNES,12,2024,76,1.8,7.4,-1.3,2.6,5.4,0.0,90.0,85
2024-12-21,H.C.U. Valladolid,Valladolid,SÁBADO,12,2024,85,0.1,3.6,-2.4,2.8,5.4,0.0,96.0,80
2024-12-22,H.C.U. Valladolid,Valladolid,DOMINGO,12,2024,80,3.6,10.8,-1.4,5.2,9.4,0.0,87.0,73
2024-12-23,H.C.U. Valladolid,Valladolid,LUNES,12,2024,73,4.6,9.8,0.5,5.0,9.4,0.0,79.0,75
2024-12-24,H.C.U. Valladolid,Valladolid,MARTES,12,2024,75,4.3,9.6,-0.1,2.8,3.5,0.0,93.0,72
2024-12-25,H.C.U. Valladolid,Valladolid,MIÉRCOLES,12,2024,72,4.9,9.0,2.2,3.1,9.4,0.0,96.0,75
2024-12-26,H.C.U. Valladolid,Valladolid,JUEVES,12,2024,75,3.0,4.4,1.9,2.0,3.5,0.0,100.0,120
2024-12-27,H.C.U. Valladolid,Valladolid,VIERNES,12,2024,120,4.0,7.1,2.3,3.0,7.6,0.0,99.0,85
2024-12-28,H.C.U. Valladolid,Valladolid,SÁBADO,12,2024,85,2.9,5.0,1.2,2.6,3.5,0.0,99.0,98
2024-12-29,H.C.U. Valladolid,Valladolid,DOMINGO,12,2024,98,1.6,2.8,0.8,3.0,5.4,0.0,100.0,91
2024-12-30,H.C.U. Valladolid,Valladolid,LUNES,12,2024,91,0.9,1.9,-0.1,2.4,3.5,0.0,99.0,97
2024-12-31,H.C.U. Valladolid,Valladolid,MARTES,12,2024,97,0.3,1.4,-0.6,3.0,7.6,0.0,99.0,57
2025-01-01,H.C.U. Valladolid,Valladolid,MIÉRCOLES,1,2025,57,-0.4,1.4,-1.9,3.1,5.4,0.0,99.0,193
2025-01-02,H.C.U. Valladolid,Valladolid,JUEVES,1,2025,193,1.8,7.0,-1.5,4.3,7.6,0.0,95.0,202
2025-01-03,H.C.U. Valladolid,Valladolid,VIERNES,1,2025,202,5.2,8.2,1.5,6.9,11.1,0.0,95.0,247
2025-01-04,H.C.U. Valladolid,Valladolid,SÁBADO,1,2025,247,6.9,11.5,4.6,6.3,9.4,0.76,86.0,215
2025-01-05,H.C.U. Valladolid,Valladolid,DOMINGO,1,2025,215,7.7,11.3,4.7,7.2,13.0,0.0,88.0,212
2025-01-06,H.C.U. Valladolid,Valladolid,LUNES,1,2025,212,7.2,10.2,4.0,8.5,16.5,7.11,85.0,193
2025-01-07,H.C.U. Valladolid,Valladolid,MARTES,1,2025,193,5.2,9.4,1.1,8.5,13.0,0.0,91.0,228
2025-01-08,H.C.U. Valladolid,Valladolid,MIÉRCOLES,1,2025,228,9.0,11.3,6.9,9.8,16.5,0.0,85.0,231
2025-01-09,H.C.U. Valladolid,Valladolid,JUEVES,1,2025,231,9.8,12.4,7.5,9.3,14.8,0.0,92.0,218
2025-01-10,H.C.U. Valladolid,Valladolid,VIERNES,1,2025,218,11.1,14.5,9.2,7.8,13.0,0.76,89.0,246
2025-01-11,H.C.U. Valladolid,Valladolid,SÁBADO,1,2025,246,11.9,15.7,7.2,8.9,13.0,0.0,85.0,196
2025-01-12,H.C.U. Valladolid,Valladolid,DOMINGO,1,2025,196,5.9,11.5,2.5,3.1,7.6,0.0,80.0,158
2025-01-13,H.C.U. Valladolid,Valladolid,LUNES,1,2025,158,2.6,9.6,-2.6,4.8,7.6,0.0,47.0,220
2025-01-14,H.C.U. Valladolid,Valladolid,MARTES,1,2025,220,1.1,9.2,-4.0,3.1,5.4,0.0,47.0,204
2025-01-15,H.C.U. Valladolid,Valladolid,MIÉRCOLES,1,2025,204,1.3,10.1,-6.1,3.0,5.4,0.0,48.0,194
2025-01-16,H.C.U. Valladolid,Valladolid,JUEVES,1,2025,194,5.1,11.2,1.1,4.6,13.0,0.0,60.0,195
2025-01-17,H.C.U. Valladolid,Valladolid,VIERNES,1,2025,195,3.3,10.2,-1.5,4.3,9.4,0.0,73.0,170
2025-01-18,H.C.U. Valladolid,Valladolid,SÁBADO,1,2025,170,1.4,9.7,-3.5,2.6,5.4,0.0,77.0,198
2025-01-19,H.C.U. Valladolid,Valladolid,DOMINGO,1,2025,198,2.1,9.2,-4.5,2.8,7.6,0.0,78.0,185
2025-01-20,H.C.U. Valladolid,Valladolid,LUNES,1,2025,185,5.9,7.8,3.7,3.9,7.6,7.37,99.0,187
2025-01-21,H.C.U. Valladolid,Valladolid,MARTES,1,2025,187,8.2,10.3,5.7,3.5,5.4,4.32,0.0,207
2025-01-22,H.C.U. Valladolid,Valladolid,MIÉRCOLES,1,2025,207,9.0,11.5,7.5,4.3,11.1,15.24,98.0,200
2025-01-23,H.C.U. Valladolid,Valladolid,JUEVES,1,2025,200,9.1,10.6,7.7,3.3,7.6,20.83,97.0,213
2025-01-24,H.C.U. Valladolid,Valladolid,VIERNES,1,2025,213,9.8,12.6,7.8,6.5,9.4,0.0,90.0,192
2025-01-25,H.C.U. Valladolid,Valladolid,SÁBADO,1,2025,192,8.3,11.4,4.9,10.0,16.5,2.54,84.0,168
2025-01-26,H.C.U. Valladolid,Valladolid,DOMINGO,1,2025,168,8.6,13.1,3.2,10.9,18.3,2.29,84.0,186
2025-01-27,H.C.U. Valladolid,Valladolid,LUNES,1,2025,186,8.8,13.0,3.1,16.9,29.4,6.1,86.0,233
2025-01-28,H.C.U. Valladolid,Valladolid,MARTES,1,2025,233,5.1,9.5,2.1,14.1,22.2,9.91,84.0,196
2025-01-29,H.C.U. Valladolid,Valladolid,MIÉRCOLES,1,2025,196,6.1,8.5,4.3,10.9,20.6,0.0,82.0,202
2025-01-30,H.C.U. Valladolid,Valladolid,JUEVES,1,2025,202,4.8,8.9,2.3,11.9,18.3,1.52,75.0,220
2025-01-31,H.C.U. Valladolid,Valladolid,VIERNES,1,2025,220,3.6,9.5,-0.9,3.5,5.4,0.0,77.0,182
2025-02-01,H.C.U. Valladolid,Valladolid,SÁBADO,2,2025,182,4.2,11.7,-0.7,4.1,9.4,0.0,80.0,175
2025-02-02,H.C.U. Valladolid,Valladolid,DOMINGO,2,2025,175,1.6,5.1,-1.4,3.7,9.4,0.0,96.0,184
2025-02-03,H.C.U. Valladolid,Valladolid,LUNES,2,2025,184,3.5,9.1,-0.1,3.9,7.6,6.6,91.0,201
2025-02-04,H.C.U. Valladolid,Valladolid,MARTES,2,2025,201,1.5,3.7,-0.7,2.6,5.4,0.0,99.0,229
2025-02-05,H.C.U. Valladolid,Valladolid,MIÉRCOLES,2,2025,229,2.3,8.3,-1.0,3.3,7.6,0.0,95.0,200
2025-02-06,H.C.U. Valladolid,Valladolid,JUEVES,2,2025,200,-0.1,1.4,-1.3,3.1,5.4,0.0,99.0,164
2025-02-07,H.C.U. Valladolid,Valladolid,VIERNES,2,2025,164,4.1,10.2,-0.5,6.5,13.0,7.11,95.0,215
2025-02-08,H.C.U. Valladolid,Valladolid,SÁBADO,2,2025,215,4.4,9.5,-0.9,3.7,5.4,0.25,79.0,175
2025-02-09,H.C.U. Valladolid,Valladolid,DOMINGO,2,2025,175,9.0,13.5,5.6,5.2,7.6,0.0,87.0,187
2025-02-10,H.C.U. Valladolid,Valladolid,LUNES,2,2025,187,9.3,12.6,7.1,2.6,5.4,1.52,95.0,219
2025-02-11,H.C.U. Valladolid,Valladolid,MARTES,2,2025,219,9.0,13.8,5.9,3.9,9.4,3.81,83.0,179
2025-02-12,H.C.U. Valladolid,Valladolid,MIÉRCOLES,2,2025,179,8.1,12.1,5.0,6.1,13.0,0.0,81.0,230
2025-02-13,H.C.U. Valladolid,Valladolid,JUEVES,2,2025,230,7.8,11.5,4.0,4.4,7.6,0.0,90.0,198
2025-02-14,H.C.U. Valladolid,Valladolid,VIERNES,2,2025,198,8.6,14.8,4.8,2.4,3.5,0.0,85.0,209
2025-02-15,H.C.U. Valladolid,Valladolid,SÁBADO,2,2025,209,8.6,15.9,2.8,2.8,7.6,0.0,77.0,189
2025-02-16,H.C.U. Valladolid,Valladolid,DOMINGO,2,2025,189,9.3,17.5,3.4,4.4,13.0,0.0,76.0,198
2025-02-17,H.C.U. Valladolid,Valladolid,LUNES,2,2025,198,8.4,13.2,4.4,3.0,5.4,0.25,87.0,230
2025-02-18,H.C.U. Valladolid,Valladolid,MARTES,2,2025,230,9.1,15.9,3.6,3.9,13.0,0.0,78.0,199
2025-02-19,H.C.U. Valladolid,Valladolid,MIÉRCOLES,2,2025,199,10.0,17.2,4.4,3.1,5.4,0.0,78.0,208
2025-02-20,H.C.U. Valladolid,Valladolid,JUEVES,2,2025,208,9.7,16.0,5.9,4.8,9.4,0.0,85.0,194
2025-02-21,H.C.U. Valladolid,Valladolid,VIERNES,2,2025,194,10.2,14.8,7.1,6.3,20.6,0.0,84.0,221
2025-02-22,H.C.U. Valladolid,Valladolid,SÁBADO,2,2025,221,8.2,12.4,5.4,5.7,11.1,10.16,81.0,168
2025-02-23,H.C.U. Valladolid,Valladolid,DOMINGO,2,2025,168,6.5,13.6,1.7,3.9,7.6,0.0,83.0,162
2025-02-24,H.C.U. Valladolid,Valladolid,LUNES,2,2025,162,9.3,15.2,4.3,7.0,11.1,0.0,70.0,201
2025-02-25,H.C.U. Valladolid,Valladolid,MARTES,2,2025,201,8.9,11.3,4.0,8.3,13.0,0.25,73.0,197
2025-02-26,H.C.U. Valladolid,Valladolid,MIÉRCOLES,2,2025,197,5.9,12.7,-0.1,3.3,7.6,0.0,69.0,191
2025-02-27,H.C.U. Valladolid,Valladolid,JUEVES,2,2025,191,7.1,11.5,3.2,2.6,3.5,0.0,75.0,197
2025-02-28,H.C.U. Valladolid,Valladolid,VIERNES,2,2025,197,7.2,10.6,5.9,3.9,7.6,1.02,79.0,179
2025-03-01,H.C.U. Valladolid,Valladolid,SÁBADO,3,2025,179,5.2,7.9,3.0,8.0,13.0,0.25,71.0,196
2025-03-02,H.C.U. Valladolid,Valladolid,DOMINGO,3,2025,196,3.3,6.3,1.2,8.0,16.5,0.51,83.0,171
2025-03-03,H.C.U. Valladolid,Valladolid,LUNES,3,2025,171,7.8,11.9,4.2,10.2,18.3,0.51,80.0,195
2025-03-04,H.C.U. Valladolid,Valladolid,MARTES,3,2025,195,9.6,13.8,6.8,6.5,14.8,0.76,83.0,173
2025-03-05,H.C.U. Valladolid,Valladolid,MIÉRCOLES,3,2025,173,9.9,14.4,6.9,8.5,14.8,2.29,81.0,187
2025-03-06,H.C.U. Valladolid,Valladolid,JUEVES,3,2025,187,11.0,16.2,8.2,8.7,13.0,0.0,75.0,175
2025-03-07,H.C.U. Valladolid,Valladolid,VIERNES,3,2025,175,9.8,13.8,5.4,7.2,11.1,0.25,82.0,195
2025-03-08,H.C.U. Valladolid,Valladolid,SÁBADO,3,2025,195,8.7,12.7,4.9,10.2,20.6,1.02,76.0,146
2025-03-09,H.C.U. Valladolid,Valladolid,DOMINGO,3,2025,146,6.6,12.5,1.7,5.6,11.1,2.54,76.0,191
2025-03-10,H.C.U. Valladolid,Valladolid,LUNES,3,2025,191,7.3,12.9,2.0,5.2,13.0,0.0,79.0,221
2025-03-11,H.C.U. Valladolid,Valladolid,MARTES,3,2025,221,7.6,11.2,5.8,3.7,9.4,6.35,91.0,211
2025-03-12,H.C.U. Valladolid,Valladolid,MIÉRCOLES,3,2025,211,7.8,13.0,3.1,7.0,13.0,4.57,78.0,207
2025-03-13,H.C.U. Valladolid,Valladolid,JUEVES,3,2025,207,6.2,9.0,1.8,5.9,11.1,0.0,77.0,174
2025-03-14,H.C.U. Valladolid,Valladolid,VIERNES,3,2025,174,3.8,8.4,-0.5,5.4,13.0,0.0,67.0,197
2025-03-15,H.C.U. Valladolid,Valladolid,SÁBADO,3,2025,197,3.9,9.0,-0.7,3.5,7.6,0.0,71.0,167
2025-03-16,H.C.U. Valladolid,Valladolid,DOMINGO,3,2025,167,4.1,8.5,0.6,4.1,7.6,1.02,67.0,161
2025-03-17,H.C.U. Valladolid,Valladolid,LUNES,3,2025,161,5.6,12.3,-0.8,5.7,11.1,0.0,74.0,185
2025-03-18,H.C.U. Valladolid,Valladolid,MARTES,3,2025,185,8.2,11.1,6.3,4.4,7.6,3.81,93.0,202
2025-03-19,H.C.U. Valladolid,Valladolid,MIÉRCOLES,3,2025,202,10.9,14.8,6.3,7.0,16.5,4.57,71.0,175
2025-03-20,H.C.U. Valladolid,Valladolid,JUEVES,3,2025,175,11.6,13.9,7.6,9.8,14.8,0.0,70.0,199
2025-03-21,H.C.U. Valladolid,Valladolid,VIERNES,3,2025,199,8.7,11.7,5.5,8.9,14.8,4.32,87.0,203
2025-03-22,H.C.U. Valladolid,Valladolid,SÁBADO,3,2025,203,6.2,12.3,3.6,8.7,14.8,14.99,91.0,209
2025-03-23,H.C.U. Valladolid,Valladolid,DOMINGO,3,2025,209,6.0,11.3,0.7,8.0,11.1,28.7,77.0,144
2025-03-24,H.C.U. Valladolid,Valladolid,LUNES,3,2025,144,7.4,13.4,3.9,6.9,13.0,5.08,86.0,177
2025-03-25,H.C.U. Valladolid,Valladolid,MARTES,3,2025,177,8.9,13.5,4.7,3.7,7.6,3.56,77.0,214
2025-03-26,H.C.U. Valladolid,Valladolid,MIÉRCOLES,3,2025,214,8.4,13.7,5.1,3.3,9.4,0.0,75.0,186
2025-03-27,H.C.U. Valladolid,Valladolid,JUEVES,3,2025,186,7.2,12.2,3.0,3.7,9.4,0.0,77.0,200
2025-03-28,H.C.U. Valladolid,Valladolid,VIERNES,3,2025,200,9.0,15.2,2.8,3.3,5.4,0.0,70.0,187
2025-03-29,H.C.U. Valladolid,Valladolid,SÁBADO,3,2025,187,8.1,14.6,2.2,4.8,11.1,0.0,68.0,181
2025-03-30,H.C.U. Valladolid,Valladolid,DOMINGO,3,2025,181,9.4,17.5,1.6,5.2,9.4,0.0,56.0,161
2025-03-31,H.C.U. Valladolid,Valladolid,LUNES,3,2025,161,13.3,23.5,3.9,3.9,7.6,0.0,50.0,208
2025-04-01,H.C.U. Valladolid,Valladolid,MARTES,4,2025,208,14.5,23.5,6.2,4.3,11.1,0.0,57.0,229
2025-04-02,H.C.U. Valladolid,Valladolid,MIÉRCOLES,4,2025,229,13.3,20.0,7.1,6.3,14.8,0.0,71.0,217
2025-04-03,H.C.U. Valladolid,Valladolid,JUEVES,4,2025,217,11.1,15.7,8.5,7.0,13.0,3.81,75.0,214
2025-04-04,H.C.U. Valladolid,Valladolid,VIERNES,4,2025,214,11.7,15.1,8.9,9.3,18.3,6.1,77.0,210
2025-04-05,H.C.U. Valladolid,Valladolid,SÁBADO,4,2025,210,11.3,15.4,8.6,5.4,9.4,1.02,77.0,198
2025-04-06,H.C.U. Valladolid,Valladolid,DOMINGO,4,2025,198,11.6,18.8,4.8,3.0,7.6,0.25,69.0,209
2025-04-07,H.C.U. Valladolid,Valladolid,LUNES,4,2025,209,13.7,21.0,6.4,3.3,5.4,0.0,63.0,224
2025-04-08,H.C.U. Valladolid,Valladolid,MARTES,4,2025,224,15.7,24.3,6.9,3.9,7.6,0.0,57.0,213
2025-04-09,H.C.U. Valladolid,Valladolid,MIÉRCOLES,4,2025,213,16.2,24.4,8.2,3.3,7.6,0.0,56.0,197
2025-04-10,H.C.U. Valladolid,Valladolid,JUEVES,4,2025,197,17.3,23.8,9.5,4.6,7.6,0.0,55.0,205
2025-04-11,H.C.U. Valladolid,Valladolid,VIERNES,4,2025,205,13.2,18.9,9.2,4.3,11.1,0.0,76.0,240
2025-04-12,H.C.U. Valladolid,Valladolid,SÁBADO,4,2025,240,13.4,18.2,9.8,5.7,9.4,8.89,84.0,178
2025-04-13,H.C.U. Valladolid,Valladolid,DOMINGO,4,2025,178,13.5,19.9,9.6,5.6,7.6,1.27,78.0,226
2025-04-14,H.C.U. Valladolid,Valladolid,LUNES,4,2025,226,11.3,16.1,8.4,8.9,14.8,0.0,74.0,238
2025-04-15,H.C.U. Valladolid,Valladolid,MARTES,4,2025,238,7.1,11.7,2.8,9.4,14.8,0.0,73.0,196
2025-04-16,H.C.U. Valladolid,Valladolid,MIÉRCOLES,4,2025,196,5.4,12.1,1.2,8.3,16.5,0.0,81.0,205
2025-04-17,H.C.U. Valladolid,Valladolid,JUEVES,4,2025,205,9.8,16.0,2.6,7.2,13.0,3.05,73.0,173
2025-04-18,H.C.U. Valladolid,Valladolid,VIERNES,4,2025,173,11.8,16.8,8.9,8.0,20.6,0.0,83.0,183
2025-04-19,H.C.U. Valladolid,Valladolid,SÁBADO,4,2025,183,7.6,12.5,3.2,14.4,22.2,7.11,78.0,171
2025-04-20,H.C.U. Valladolid,Valladolid,DOMINGO,4,2025,171,9.8,16.7,2.8,8.0,13.0,7.11,75.0,172
2025-04-21,H.C.U. Valladolid,Valladolid,LUNES,4,2025,172,10.7,15.8,6.5,6.3,11.1,0.0,81.0,208
2025-04-22,H.C.U. Valladolid,Valladolid,MARTES,4,2025,208,11.7,17.0,7.2,3.9,7.6,2.79,72.0,206
2025-04-23,H.C.U. Valladolid,Valladolid,MIÉRCOLES,4,2025,206,13.5,21.0,5.6,3.7,7.6,0.0,67.0,196
2025-04-24,H.C.U. Valladolid,Valladolid,JUEVES,4,2025,196,15.8,24.0,7.4,3.3,5.4,0.0,61.0,198
2025-04-25,H.C.U. Valladolid,Valladolid,VIERNES,4,2025,198,16.7,25.0,8.5,6.7,16.5,0.0,62.0,226
2025-04-26,H.C.U. Valladolid,Valladolid,SÁBADO,4,2025,226,12.8,18.4,7.8,7.4,14.8,0.0,61.0,180
2025-04-27,H.C.U. Valladolid,Valladolid,DOMINGO,4,2025,180,11.6,18.6,4.1,4.1,7.6,0.0,67.0,208
2025-04-28,H.C.U. Valladolid,Valladolid,LUNES,4,2025,208,15.0,23.9,5.3,4.1,7.6,0.0,56.0,199
2025-04-29,H.C.U. Valladolid,Valladolid,MARTES,4,2025,199,17.1,24.4,8.4,5.7,11.1,0.0,51.0,212
2025-04-30,H.C.U. Valladolid,Valladolid,MIÉRCOLES,4,2025,212,14.8,21.0,9.0,5.4,16.5,0.0,67.0,191
2025-05-01,H.C.U. Valladolid,Valladolid,JUEVES,5,2025,191,14.4,21.6,8.8,5.9,13.0,8.13,70.0,200
2025-05-02,H.C.U. Valladolid,Valladolid,VIERNES,5,2025,200,13.6,17.8,9.9,7.6,13.0,6.1,79.0,205
2025-05-03,H.C.U. Valladolid,Valladolid,SÁBADO,5,2025,205,14.6,20.3,11.2,5.0,11.1,14.48,73.0,202
2025-05-04,H.C.U. Valladolid,Valladolid,DOMINGO,5,2025,202,12.6,16.4,10.1,5.4,11.1,1.02,81.0,165
2025-05-05,H.C.U. Valladolid,Valladolid,LUNES,5,2025,165,12.6,17.2,8.4,5.7,11.1,0.51,76.0,243
2025-05-06,H.C.U. Valladolid,Valladolid,MARTES,5,2025,243,9.1,13.0,5.1,5.7,14.8,1.02,63.0,205
2025-05-07,H.C.U. Valladolid,Valladolid,MIÉRCOLES,5,2025,205,11.0,18.9,3.2,4.8,7.6,0.0,62.0,194
2025-05-08,H.C.U. Valladolid,Valladolid,JUEVES,5,2025,194,13.1,21.0,6.3,5.0,14.8,0.0,60.0,203
2025-05-09,H.C.U. Valladolid,Valladolid,VIERNES,5,2025,203,12.3,17.9,8.5,5.4,13.0,3.81,79.0,191
2025-05-10,H.C.U. Valladolid,Valladolid,SÁBADO,5,2025,191,10.6,15.4,7.5,6.1,14.8,1.02,82.0,167
2025-05-11,H.C.U. Valladolid,Valladolid,DOMINGO,5,2025,167,10.8,16.4,7.2,9.1,13.0,8.89,74.0,187
2025-05-12,H.C.U. Valladolid,Valladolid,LUNES,5,2025,187,10.9,16.0,6.6,8.1,13.0,0.0,80.0,214
2025-05-13,H.C.U. Valladolid,Valladolid,MARTES,5,2025,214,13.3,19.0,9.6,5.7,11.1,2.54,72.0,165
2025-05-14,H.C.U. Valladolid,Valladolid,MIÉRCOLES,5,2025,165,13.5,20.1,8.7,4.6,9.4,0.51,76.0,212
2025-05-15,H.C.U. Valladolid,Valladolid,JUEVES,5,2025,212,13.2,18.3,9.4,5.2,9.4,8.38,79.0,186
2025-05-16,H.C.U. Valladolid,Valladolid,VIERNES,5,2025,186,14.6,21.9,7.1,3.9,7.6,0.25,57.0,205
2025-05-17,H.C.U. Valladolid,Valladolid,SÁBADO,5,2025,205,15.9,23.7,7.5,3.7,5.4,0.0,55.0,195
2025-05-18,H.C.U. Valladolid,Valladolid,DOMINGO,5,2025,195,18.8,27.2,9.9,6.7,14.8,0.0,49.0,185
2025-05-19,H.C.U. Valladolid,Valladolid,LUNES,5,2025,185,14.9,20.2,9.9,8.3,14.8,0.0,64.0,221
2025-05-20,H.C.U. Valladolid,Valladolid,MARTES,5,2025,221,16.2,22.7,8.9,3.9,9.4,0.0,57.0,220
2025-05-21,H.C.U. Valladolid,Valladolid,MIÉRCOLES,5,2025,220,17.2,25.4,9.0,5.7,11.1,0.0,60.0,206
2025-05-22,H.C.U. Valladolid,Valladolid,JUEVES,5,2025,206,13.8,19.1,7.8,5.7,11.1,0.0,61.0,222
2025-05-23,H.C.U. Valladolid,Valladolid,VIERNES,5,2025,222,14.3,22.0,6.3,6.1,9.4,0.0,56.0,180
2025-05-24,H.C.U. Valladolid,Valladolid,SÁBADO,5,2025,180,16.7,24.6,7.3,4.1,7.6,0.0,50.0,179
2025-05-25,H.C.U. Valladolid,Valladolid,DOMINGO,5,2025,179,12.8,14.7,11.2,3.3,5.4,0.0,72.0,167
2025-05-26,H.C.U. Valladolid,Valladolid,LUNES,5,2025,167,17.9,25.4,10.6,4.4,7.6,0.0,59.0,213
2025-05-27,H.C.U. Valladolid,Valladolid,MARTES,5,2025,213,19.7,28.8,10.1,3.9,7.6,0.0,52.0,178
2025-05-28,H.C.U. Valladolid,Valladolid,MIÉRCOLES,5,2025,178,19.1,31.1,12.0,3.0,3.5,0.0,52.0,197
2025-05-29,H.C.U. Valladolid,Valladolid,JUEVES,5,2025,197,23.8,33.0,13.5,3.1,5.4,0.0,43.0,215
2025-05-30,H.C.U. Valladolid,Valladolid,VIERNES,5,2025,215,22.1,32.6,17.1,4.4,9.4,0.0,57.0,232
2025-05-31,H.C.U. Valladolid,Valladolid,SÁBADO,5,2025,232,21.4,32.5,13.5,3.9,7.6,13.46,64.0,203
2025-06-01,H.C.U. Valladolid,Valladolid,DOMINGO,6,2025,203,23.3,30.7,19.0,5.4,11.1,0.0,57.0,209
2025-06-02,H.C.U. Valladolid,Valladolid,LUNES,6,2025,209,19.3,24.5,13.5,5.0,5.4,0.0,73.0,223
2025-06-03,H.C.U. Valladolid,Valladolid,MARTES,6,2025,223,16.3,23.7,13.1,5.9,14.8,1.02,85.0,214
2025-06-04,H.C.U. Valladolid,Valladolid,MIÉRCOLES,6,2025,214,15.8,22.6,11.1,6.7,14.8,26.42,76.0,214
2025-06-05,H.C.U. Valladolid,Valladolid,JUEVES,6,2025,214,18.1,26.4,10.8,5.7,9.4,0.25,57.0,210
2025-06-06,H.C.U. Valladolid,Valladolid,VIERNES,6,2025,210,19.2,26.7,12.1,5.7,11.1,0.0,60.0,178
2025-06-07,H.C.U. Valladolid,Valladolid,SÁBADO,6,2025,178,20.3,28.3,12.9,6.3,11.1,0.0,51.0,189
2025-06-08,H.C.U. Valladolid,Valladolid,DOMINGO,6,2025,189,18.3,28.4,11.7,4.1,5.4,0.0,64.0,176
2025-06-09,H.C.U. Valladolid,Valladolid,LUNES,6,2025,176,22.6,33.1,13.0,4.1,7.6,0.0,53.0,213
2025-06-10,H.C.U. Valladolid,Valladolid,MARTES,6,2025,213,25.1,34.1,16.8,5.2,11.1,0.0,46.0,216
2025-06-11,H.C.U. Valladolid,Valladolid,MIÉRCOLES,6,2025,216,22.7,27.2,19.1,6.5,14.8,0.51,60.0,215
2025-06-12,H.C.U. Valladolid,Valladolid,JUEVES,6,2025,215,20.3,26.6,13.7,5.4,9.4,1.27,54.0,190
2025-06-13,H.C.U. Valladolid,Valladolid,VIERNES,6,2025,190,22.1,30.5,13.6,4.8,11.1,0.0,50.0,200
2025-06-14,H.C.U. Valladolid,Valladolid,SÁBADO,6,2025,200,22.2,29.7,14.8,5.4,13.0,0.0,53.0,195
2025-06-15,H.C.U. Valladolid,Valladolid,DOMINGO,6,2025,195,19.7,27.5,14.6,5.9,9.4,0.0,67.0,179
2025-06-16,H.C.U. Valladolid,Valladolid,LUNES,6,2025,179,22.6,33.7,12.5,4.8,7.6,0.0,53.0,200
2025-06-17,H.C.U. Valladolid,Valladolid,MARTES,6,2025,200,26.4,36.1,17.0,3.9,7.6,0.0,46.0,209
2025-06-18,H.C.U. Valladolid,Valladolid,MIÉRCOLES,6,2025,209,28.0,37.0,18.1,5.9,16.5,0.0,39.0,178
2025-06-19,H.C.U. Valladolid,Valladolid,JUEVES,6,2025,178,25.3,30.4,19.3,5.7,14.8,0.0,40.0,188
2025-06-20,H.C.U. Valladolid,Valladolid,VIERNES,6,2025,188,26.3,35.7,18.0,4.6,13.0,0.0,41.0,205
2025-06-21,H.C.U. Valladolid,Valladolid,SÁBADO,6,2025,205,27.9,37.2,19.3,6.3,14.8,0.0,39.0,170
2025-06-22,H.C.U. Valladolid,Valladolid,DOMINGO,6,2025,170,27.2,35.7,19.4,6.3,13.0,0.0,40.0,199
2025-06-23,H.C.U. Valladolid,Valladolid,LUNES,6,2025,199,26.4,34.0,17.5,5.6,16.5,0.0,41.0,216
2025-06-24,H.C.U. Valladolid,Valladolid,MARTES,6,2025,216,20.7,27.1,17.1,7.4,16.5,1.52,69.0,206
2025-06-25,H.C.U. Valladolid,Valladolid,MIÉRCOLES,6,2025,206,20.8,26.6,15.8,8.3,14.8,6.35,59.0,187
2025-06-26,H.C.U. Valladolid,Valladolid,JUEVES,6,2025,187,22.9,30.7,14.4,3.7,5.4,0.0,49.0,209
2025-06-27,H.C.U. Valladolid,Valladolid,VIERNES,6,2025,209,26.1,35.1,16.3,4.4,9.4,0.0,39.0,218
2025-06-28,H.C.U. Valladolid,Valladolid,SÁBADO,6,2025,218,27.8,36.7,17.6,4.4,11.1,0.0,34.0,153
2025-06-29,H.C.U. Valladolid,Valladolid,DOMINGO,6,2025,153,28.2,37.8,19.1,5.4,13.0,0.0,35.0,183
2025-06-30,H.C.U. Valladolid,Valladolid,LUNES,6,2025,183,28.7,37.9,19.4,5.9,13.0,0.0,32.0,215
2025-07-01,H.C.U. Valladolid,Valladolid,MARTES,7,2025,215,29.2,38.0,19.3,5.2,11.1,0.0,30.0,195
2025-07-02,H.C.U. Valladolid,Valladolid,MIÉRCOLES,7,2025,195,28.1,37.1,19.8,6.1,11.1,0.0,37.0,204
2025-07-03,H.C.U. Valladolid,Valladolid,JUEVES,7,2025,204,23.4,34.3,16.7,5.6,11.1,0.0,60.0,207
2025-07-04,H.C.U. Valladolid,Valladolid,VIERNES,7,2025,207,25.1,34.8,17.3,5.6,11.1,2.29,55.0,183
2025-07-05,H.C.U. Valladolid,Valladolid,SÁBADO,7,2025,183,25.0,34.1,16.9,5.2,11.1,2.03,50.0,157
2025-07-06,H.C.U. Valladolid,Valladolid,DOMINGO,7,2025,157,24.9,33.1,16.3,6.1,11.1,0.25,45.0,167
2025-07-07,H.C.U. Valladolid,Valladolid,LUNES,7,2025,167,22.1,30.2,15.7,6.3,13.0,0.0,52.0,212
2025-07-08,H.C.U. Valladolid,Valladolid,MARTES,7,2025,212,21.1,30.2,12.2,5.7,7.6,0.0,42.0,200
2025-07-09,H.C.U. Valladolid,Valladolid,MIÉRCOLES,7,2025,200,24.4,35.0,13.0,5.2,7.6,0.0,41.0,175
2025-07-10,H.C.U. Valladolid,Valladolid,JUEVES,7,2025,175,27.2,35.7,17.4,5.6,11.1,0.0,33.0,190
2025-07-11,H.C.U. Valladolid,Valladolid,VIERNES,7,2025,190,25.1,32.6,18.1,6.5,13.0,0.0,40.0,186
2025-07-12,H.C.U. Valladolid,Valladolid,SÁBADO,7,2025,186,22.4,30.6,16.4,5.0,9.4,0.0,56.0,151
2025-07-13,H.C.U. Valladolid,Valladolid,DOMINGO,7,2025,151,23.9,31.0,17.3,5.9,13.0,0.51,51.0,163
2025-07-14,H.C.U. Valladolid,Valladolid,LUNES,7,2025,163,25.3,33.4,16.5,6.5,11.1,0.0,46.0,217
2025-07-15,H.C.U. Valladolid,Valladolid,MARTES,7,2025,217,24.3,33.1,15.4,5.0,7.6,0.0,47.0,191
2025-07-16,H.C.U. Valladolid,Valladolid,MIÉRCOLES,7,2025,191,27.7,38.0,16.3,4.8,11.1,0.0,32.0,183
2025-07-17,H.C.U. Valladolid,Valladolid,JUEVES,7,2025,183,27.7,36.5,18.0,6.5,14.8,0.0,32.0,182
2025-07-18,H.C.U. Valladolid,Valladolid,VIERNES,7,2025,182,23.8,31.1,16.8,7.4,14.8,0.0,47.0,179
2025-07-19,H.C.U. Valladolid,Valladolid,SÁBADO,7,2025,179,21.8,28.4,15.7,8.1,14.8,0.0,51.0,159
2025-07-20,H.C.U. Valladolid,Valladolid,DOMINGO,7,2025,159,20.3,26.6,15.4,11.3,18.3,0.0,49.0,193
2025-07-21,H.C.U. Valladolid,Valladolid,LUNES,7,2025,193,20.2,28.0,11.8,5.6,9.4,0.0,37.0,195
2025-07-22,H.C.U. Valladolid,Valladolid,MARTES,7,2025,195,23.1,31.9,12.9,5.6,11.1,0.0,40.0,218
2025-07-23,H.C.U. Valladolid,Valladolid,MIÉRCOLES,7,2025,218,22.1,29.5,15.9,5.7,9.4,0.0,51.0,174
2025-07-24,H.C.U. Valladolid,Valladolid,JUEVES,7,2025,174,18.4,24.6,12.7,7.4,11.1,0.0,55.0,189
2025-07-25,H.C.U. Valladolid,Valladolid,VIERNES,7,2025,189,19.7,27.2,12.1,6.9,9.4,0.0,49.0,190
2025-07-26,H.C.U. Valladolid,Valladolid,SÁBADO,7,2025,190,21.7,30.9,12.1,5.6,9.4,0.0,45.0,159
2025-07-27,H.C.U. Valladolid,Valladolid,DOMINGO,7,2025,159,23.8,32.6,14.4,5.4,9.4,0.0,40.0,183
2025-07-28,H.C.U. Valladolid,Valladolid,LUNES,7,2025,183,20.5,26.7,15.1,7.2,11.1,0.0,55.0,222
2025-07-29,H.C.U. Valladolid,Valladolid,MARTES,7,2025,222,21.4,26.9,13.6,7.2,9.4,0.0,47.0,160
2025-07-30,H.C.U. Valladolid,Valladolid,MIÉRCOLES,7,2025,160,22.1,30.7,12.5,4.8,7.6,0.0,46.0,193
2025-07-31,H.C.U. Valladolid,Valladolid,JUEVES,7,2025,193,22.8,32.4,13.7,5.2,9.4,0.0,45.0,185
2025-08-01,H.C.U. Valladolid,Valladolid,VIERNES,8,2025,185,22.6,32.0,13.8,5.7,11.1,0.0,47.0,201
2025-08-02,H.C.U. Valladolid,Valladolid,SÁBADO,8,2025,201,23.4,33.3,14.6,6.1,13.0,0.0,46.0,167
2025-08-03,H.C.U. Valladolid,Valladolid,DOMINGO,8,2025,167,24.1,34.2,14.7,4.6,7.6,0.0,36.0,147
2025-08-04,H.C.U. Valladolid,Valladolid,LUNES,8,2025,147,26.8,37.7,15.9,4.1,9.4,0.0,31.0,187
2025-08-05,H.C.U. Valladolid,Valladolid,MARTES,8,2025,187,26.1,34.8,19.6,5.2,7.6,0.0,39.0,180
2025-08-06,H.C.U. Valladolid,Valladolid,MIÉRCOLES,8,2025,180,25.5,36.1,15.9,5.7,11.1,0.0,39.0,163
2025-08-07,H.C.U. Valladolid,Valladolid,JUEVES,8,2025,163,28.5,38.9,17.9,4.1,9.4,0.0,27.0,195
2025-08-08,H.C.U. Valladolid,Valladolid,VIERNES,8,2025,195,28.9,38.0,19.2,4.3,11.1,0.0,27.0,184
2025-08-09,H.C.U. Valladolid,Valladolid,SÁBADO,8,2025,184,30.1,38.9,20.6,4.3,9.4,0.0,30.0,129
2025-08-10,H.C.U. Valladolid,Valladolid,DOMINGO,8,2025,129,30.4,39.3,20.1,5.7,9.4,0.0,28.0,163
2025-08-11,H.C.U. Valladolid,Valladolid,LUNES,8,2025,163,30.8,39.2,21.6,4.8,9.4,0.0,24.0,222
2025-08-12,H.C.U. Valladolid,Valladolid,MARTES,8,2025,222,28.1,39.5,21.2,6.3,20.6,0.0,32.0,177
2025-08-13,H.C.U. Valladolid,Valladolid,MIÉRCOLES,8,2025,177,28.1,35.4,22.7,5.4,16.5,0.0,33.0,195
2025-08-14,H.C.U. Valladolid,Valladolid,JUEVES,8,2025,195,28.3,37.2,18.9,4.4,9.4,0.0,36.0,187
2025-08-15,H.C.U. Valladolid,Valladolid,VIERNES,8,2025,187,30.9,39.5,21.9,5.0,9.4,0.0,25.0,193
2025-08-16,H.C.U. Valladolid,Valladolid,SÁBADO,8,2025,193,30.3,39.5,20.0,3.7,9.4,0.0,21.0,191
2025-08-17,H.C.U. Valladolid,Valladolid,DOMINGO,8,2025,191,30.6,39.7,22.4,5.0,13.0,0.0,25.0,180
2025-08-18,H.C.U. Valladolid,Valladolid,LUNES,8,2025,180,25.1,31.2,18.0,4.8,9.4,0.0,35.0,214
2025-08-19,H.C.U. Valladolid,Valladolid,MARTES,8,2025,214,20.5,28.2,14.7,5.0,7.6,0.0,55.0,211
2025-08-20,H.C.U. Valladolid,Valladolid,MIÉRCOLES,8,2025,211,20.3,27.6,14.3,5.9,13.0,0.0,49.0,169
2025-08-21,H.C.U. Valladolid,Valladolid,JUEVES,8,2025,169,19.4,26.8,12.5,5.2,14.8,0.0,53.0,193
2025-08-22,H.C.U. Valladolid,Valladolid,VIERNES,8,2025,193,20.4,28.1,13.3,4.8,9.4,0.0,46.0,188
2025-08-23,H.C.U. Valladolid,Valladolid,SÁBADO,8,2025,188,22.0,31.7,12.1,3.5,7.6,0.0,41.0,172
2025-08-24,H.C.U. Valladolid,Valladolid,DOMINGO,8,2025,172,25.7,34.1,16.0,4.3,11.1,0.0,31.0,159
2025-08-25,H.C.U. Valladolid,Valladolid,LUNES,8,2025,159,0.0,0.0,0.0,0.0,0.0,0.0,0.0,211
2025-08-26,H.C.U. Valladolid,Valladolid,MARTES,8,2025,211,0.0,0.0,0.0,0.0,0.0,0.0,0.0,188
2025-08-27,H.C.U. Valladolid,Valladolid,MIÉRCOLES,8,2025,188,0.0,0.0,0.0,0.0,0.0,0.0,0.0,164
2025-08-28,H.C.U. Valladolid,Valladolid,JUEVES,8,2025,164,0.0,0.0,0.0,0.0,0.0,0.0,0.0,188
2025-08-29,H.C.U. Valladolid,Valladolid,VIERNES,8,2025,188,0.0,0.0,0.0,0.0,0.0,0.0,0.0,186
2025-08-30,H.C.U. Valladolid,Valladolid,SÁBADO,8,2025,186,0.0,0.0,0.0,0.0,0.0,0.0,0.0,165
2025-08-31,H.C.U. Valladolid,Valladolid,DOMINGO,8,2025,165,0.0,0.0,0.0,0.0,0.0,0.0,0.0,167
2024-01-01,H.U. Río Hortega,Valladolid,LUNES,1,2024,115,4.6,9.7,0.9,5.7,9.4,0.51,86.0,115
2024-01-02,H.U. Río Hortega,Valladolid,MARTES,1,2024,115,7.2,11.0,3.1,7.0,9.4,0.0,93.0,137
2024-01-03,H.U. Río Hortega,Valladolid,MIÉRCOLES,1,2024,137,9.8,11.7,6.4,8.3,13.0,9.4,95.0,140
2024-01-04,H.U. Río Hortega,Valladolid,JUEVES,1,2024,140,7.1,9.3,5.7,4.6,7.6,2.03,100.0,147
2024-01-05,H.U. Río Hortega,Valladolid,VIERNES,1,2024,147,4.7,7.9,1.5,8.5,16.5,3.81,86.0,126
2024-01-06,H.U. Río Hortega,Valladolid,SÁBADO,1,2024,126,3.3,8.2,0.6,6.9,13.0,0.0,81.0,91
2024-01-07,H.U. Río Hortega,Valladolid,DOMINGO,1,2024,91,1.6,8.2,-2.1,3.7,7.6,0.0,85.0,117
2024-01-08,H.U. Río Hortega,Valladolid,LUNES,1,2024,117,0.9,4.9,-3.1,2.6,5.4,0.0,90.0,130
2024-01-09,H.U. Río Hortega,Valladolid,MARTES,1,2024,130,3.1,4.3,2.1,2.4,3.5,0.0,91.0,102
2024-01-10,H.U. Río Hortega,Valladolid,MIÉRCOLES,1,2024,102,4.6,6.8,3.2,5.4,13.0,0.0,98.0,110
2024-01-11,H.U. Río Hortega,Valladolid,JUEVES,1,2024,110,2.1,4.9,-0.7,3.0,5.4,2.54,88.0,113
2024-01-12,H.U. Río Hortega,Valladolid,VIERNES,1,2024,113,0.4,5.2,-3.1,2.8,5.4,0.0,88.0,124
2024-01-13,H.U. Río Hortega,Valladolid,SÁBADO,1,2024,124,3.4,7.3,-0.5,2.4,3.5,0.0,89.0,113
2024-01-14,H.U. Río Hortega,Valladolid,DOMINGO,1,2024,113,7.9,10.4,5.4,3.7,7.6,5.08,99.0,120
2024-01-15,H.U. Río Hortega,Valladolid,LUNES,1,2024,120,11.3,14.2,8.8,6.7,13.0,7.87,99.0,127
2024-01-16,H.U. Río Hortega,Valladolid,MARTES,1,2024,127,11.7,14.7,10.2,6.9,13.0,9.4,89.0,135
2024-01-17,H.U. Río Hortega,Valladolid,MIÉRCOLES,1,2024,135,10.3,12.5,9.0,11.9,20.6,21.34,88.0,123
2024-01-18,H.U. Río Hortega,Valladolid,JUEVES,1,2024,123,9.8,12.4,8.0,11.1,24.1,3.05,83.0,115
2024-01-19,H.U. Río Hortega,Valladolid,VIERNES,1,2024,115,3.1,6.8,-1.0,7.0,11.1,4.06,71.0,106
2024-01-20,H.U. Río Hortega,Valladolid,SÁBADO,1,2024,106,0.0,6.3,-4.2,4.1,7.6,0.0,0.0,89
2024-01-21,H.U. Río Hortega,Valladolid,DOMINGO,1,2024,89,2.5,9.8,-1.9,3.7,9.4,0.0,88.0,111
2024-01-22,H.U. Río Hortega,Valladolid,LUNES,1,2024,111,7.9,12.5,3.5,7.0,13.0,0.0,91.0,142
2024-01-23,H.U. Río Hortega,Valladolid,MARTES,1,2024,142,10.2,11.7,9.1,3.7,9.4,0.0,97.0,108
2024-01-24,H.U. Río Hortega,Valladolid,MIÉRCOLES,1,2024,108,8.4,9.8,7.2,2.8,7.6,0.0,100.0,117
2024-01-25,H.U. Río Hortega,Valladolid,JUEVES,1,2024,117,5.8,8.1,3.8,2.4,5.4,0.0,100.0,114
2024-01-26,H.U. Río Hortega,Valladolid,VIERNES,1,2024,114,5.9,12.0,1.7,3.0,5.4,0.0,97.0,119
2024-01-27,H.U. Río Hortega,Valladolid,SÁBADO,1,2024,119,7.2,13.8,2.8,2.2,3.5,0.0,93.0,131
2024-01-28,H.U. Río Hortega,Valladolid,DOMINGO,1,2024,131,7.8,16.9,1.7,2.6,5.4,0.0,87.0,110
2024-01-29,H.U. Río Hortega,Valladolid,LUNES,1,2024,110,8.9,15.5,4.8,2.0,3.5,0.0,85.0,131
2024-01-30,H.U. Río Hortega,Valladolid,MARTES,1,2024,131,7.0,14.6,2.1,3.1,5.4,0.0,93.0,131
2024-01-31,H.U. Río Hortega,Valladolid,MIÉRCOLES,1,2024,131,5.1,11.1,1.7,2.2,3.5,0.0,96.0,106
2024-02-01,H.U. Río Hortega,Valladolid,JUEVES,2,2024,106,5.4,13.5,0.8,2.2,5.4,0.0,91.0,110
2024-02-02,H.U. Río Hortega,Valladolid,VIERNES,2,2024,110,7.8,13.3,3.3,4.3,7.6,0.0,85.0,117
2024-02-03,H.U. Río Hortega,Valladolid,SÁBADO,2,2024,117,7.4,16.0,1.9,2.8,5.4,0.0,81.0,129
2024-02-04,H.U. Río Hortega,Valladolid,DOMINGO,2,2024,129,7.4,17.0,1.2,2.4,5.4,0.0,83.0,118
2024-02-05,H.U. Río Hortega,Valladolid,LUNES,2,2024,118,6.8,14.4,1.1,2.8,5.4,0.0,86.0,125
2024-02-06,H.U. Río Hortega,Valladolid,MARTES,2,2024,125,7.9,14.8,3.5,4.3,9.4,0.0,82.0,109
2024-02-07,H.U. Río Hortega,Valladolid,MIÉRCOLES,2,2024,109,7.9,12.5,3.3,7.0,9.4,0.0,89.0,136
2024-02-08,H.U. Río Hortega,Valladolid,JUEVES,2,2024,136,9.6,12.0,8.0,9.3,18.3,0.0,74.0,121
2024-02-09,H.U. Río Hortega,Valladolid,VIERNES,2,2024,121,8.7,10.8,6.6,6.9,14.8,11.43,97.0,104
2024-02-10,H.U. Río Hortega,Valladolid,SÁBADO,2,2024,104,5.5,9.0,2.7,14.6,20.6,17.27,82.0,117
2024-02-11,H.U. Río Hortega,Valladolid,DOMINGO,2,2024,117,5.1,9.3,1.1,7.6,11.1,0.51,88.0,111
2024-02-12,H.U. Río Hortega,Valladolid,LUNES,2,2024,111,10.9,16.0,6.0,10.6,20.6,0.51,78.0,115
2024-02-13,H.U. Río Hortega,Valladolid,MARTES,2,2024,115,10.6,17.2,7.4,5.2,9.4,0.25,93.0,117
2024-02-14,H.U. Río Hortega,Valladolid,MIÉRCOLES,2,2024,117,13.1,17.5,8.0,4.4,9.4,0.51,86.0,148
2024-02-15,H.U. Río Hortega,Valladolid,JUEVES,2,2024,148,11.3,17.0,8.8,5.2,13.0,0.0,89.0,130
2024-02-16,H.U. Río Hortega,Valladolid,VIERNES,2,2024,130,8.6,14.9,4.9,4.3,7.6,9.91,83.0,115
2024-02-17,H.U. Río Hortega,Valladolid,SÁBADO,2,2024,115,7.8,14.6,2.5,2.8,5.4,0.0,78.0,134
2024-02-18,H.U. Río Hortega,Valladolid,DOMINGO,2,2024,134,8.6,17.0,2.2,3.0,5.4,0.0,79.0,122
2024-02-19,H.U. Río Hortega,Valladolid,LUNES,2,2024,122,10.8,16.7,7.0,4.1,7.6,0.0,75.0,122
2024-02-20,H.U. Río Hortega,Valladolid,MARTES,2,2024,122,8.1,16.9,1.1,2.8,5.4,0.0,66.0,120
2024-02-21,H.U. Río Hortega,Valladolid,MIÉRCOLES,2,2024,120,8.4,14.5,1.9,5.2,11.1,0.0,76.0,134
2024-02-22,H.U. Río Hortega,Valladolid,JUEVES,2,2024,134,8.9,13.2,3.6,11.9,20.6,0.0,84.0,152
2024-02-23,H.U. Río Hortega,Valladolid,VIERNES,2,2024,152,4.7,9.4,2.1,17.0,25.9,1.02,77.0,136
2024-02-24,H.U. Río Hortega,Valladolid,SÁBADO,2,2024,136,5.5,9.7,1.4,15.4,22.2,0.0,76.0,133
2024-02-25,H.U. Río Hortega,Valladolid,DOMINGO,2,2024,133,9.0,11.8,5.5,14.8,22.2,2.29,90.0,144
2024-02-26,H.U. Río Hortega,Valladolid,LUNES,2,2024,144,5.6,7.9,2.7,14.4,22.2,2.29,78.0,119
2024-02-27,H.U. Río Hortega,Valladolid,MARTES,2,2024,119,4.6,10.0,0.5,8.3,16.5,0.0,65.0,121
2024-02-28,H.U. Río Hortega,Valladolid,MIÉRCOLES,2,2024,121,5.1,12.1,-1.7,3.0,5.4,0.0,72.0,115
2024-02-29,H.U. Río Hortega,Valladolid,JUEVES,2,2024,115,4.6,11.2,0.5,10.2,24.1,0.0,79.0,124
2024-03-01,H.U. Río Hortega,Valladolid,VIERNES,3,2024,124,4.8,9.4,0.1,11.3,16.5,0.51,80.0,96
2024-03-02,H.U. Río Hortega,Valladolid,SÁBADO,3,2024,96,4.8,7.3,0.8,11.5,22.2,0.0,92.0,144
2024-03-03,H.U. Río Hortega,Valladolid,DOMINGO,3,2024,144,4.0,9.3,-0.2,10.9,22.2,9.65,83.0,117
2024-03-04,H.U. Río Hortega,Valladolid,LUNES,3,2024,117,7.8,12.6,5.6,10.9,18.3,0.51,81.0,141
2024-03-05,H.U. Río Hortega,Valladolid,MARTES,3,2024,141,6.6,11.6,2.2,5.9,9.4,1.27,73.0,144
2024-03-06,H.U. Río Hortega,Valladolid,MIÉRCOLES,3,2024,144,6.5,14.3,-0.6,3.7,7.6,0.0,66.0,115
2024-03-07,H.U. Río Hortega,Valladolid,JUEVES,3,2024,115,6.4,11.5,2.6,7.0,16.5,0.0,78.0,145
2024-03-08,H.U. Río Hortega,Valladolid,VIERNES,3,2024,145,5.2,10.4,0.6,10.2,20.6,6.35,84.0,126
2024-03-09,H.U. Río Hortega,Valladolid,SÁBADO,3,2024,126,5.2,8.3,3.0,10.4,18.3,15.75,80.0,136
2024-03-10,H.U. Río Hortega,Valladolid,DOMINGO,3,2024,136,7.1,12.2,3.5,14.4,24.1,0.51,80.0,134
2024-03-11,H.U. Río Hortega,Valladolid,LUNES,3,2024,134,7.0,12.7,3.1,11.7,14.8,0.76,77.0,149
2024-03-12,H.U. Río Hortega,Valladolid,MARTES,3,2024,149,9.3,15.7,3.0,3.1,5.4,0.0,68.0,136
2024-03-13,H.U. Río Hortega,Valladolid,MIÉRCOLES,3,2024,136,9.3,20.1,2.6,2.8,5.4,0.0,64.0,128
2024-03-14,H.U. Río Hortega,Valladolid,JUEVES,3,2024,128,12.9,16.3,6.6,8.9,14.8,0.0,69.0,118
2024-03-15,H.U. Río Hortega,Valladolid,VIERNES,3,2024,118,11.7,16.7,8.7,5.2,9.4,0.76,84.0,128
2024-03-16,H.U. Río Hortega,Valladolid,SÁBADO,3,2024,128,11.4,16.8,5.8,3.7,7.6,0.51,85.0,150
2024-03-17,H.U. Río Hortega,Valladolid,DOMINGO,3,2024,150,13.1,19.3,7.2,2.8,5.4,0.0,80.0,129
2024-03-18,H.U. Río Hortega,Valladolid,LUNES,3,2024,129,14.2,22.0,7.1,3.1,7.6,0.0,72.0,152
2024-03-19,H.U. Río Hortega,Valladolid,MARTES,3,2024,152,14.8,22.2,7.3,3.7,7.6,0.0,65.0,131
2024-03-20,H.U. Río Hortega,Valladolid,MIÉRCOLES,3,2024,131,15.3,23.2,8.6,4.4,9.4,0.0,65.0,124
2024-03-21,H.U. Río Hortega,Valladolid,JUEVES,3,2024,124,16.4,23.8,10.6,6.5,14.8,0.0,61.0,139
2024-03-22,H.U. Río Hortega,Valladolid,VIERNES,3,2024,139,17.0,26.6,9.4,3.1,5.4,0.0,54.0,109
2024-03-23,H.U. Río Hortega,Valladolid,SÁBADO,3,2024,109,13.6,19.0,8.5,5.4,7.6,0.0,67.0,119
2024-03-24,H.U. Río Hortega,Valladolid,DOMINGO,3,2024,119,10.2,18.0,3.7,5.4,7.6,0.0,60.0,127
2024-03-25,H.U. Río Hortega,Valladolid,LUNES,3,2024,127,9.6,17.5,5.6,10.0,20.6,0.0,67.0,120
2024-03-26,H.U. Río Hortega,Valladolid,MARTES,3,2024,120,4.6,8.4,1.7,12.4,18.3,0.76,69.0,139
2024-03-27,H.U. Río Hortega,Valladolid,MIÉRCOLES,3,2024,139,8.7,14.0,1.5,15.7,31.3,3.56,75.0,134
2024-03-28,H.U. Río Hortega,Valladolid,JUEVES,3,2024,134,0.0,0.0,0.0,0.0,0.0,0.0,0.0,109
2024-03-29,H.U. Río Hortega,Valladolid,VIERNES,3,2024,109,0.0,0.0,0.0,0.0,0.0,0.0,0.0,132
2024-03-30,H.U. Río Hortega,Valladolid,SÁBADO,3,2024,132,0.0,0.0,0.0,0.0,0.0,0.0,0.0,130
2024-03-31,H.U. Río Hortega,Valladolid,DOMINGO,3,2024,130,0.0,0.0,0.0,0.0,0.0,0.0,0.0,117
2024-04-01,H.U. Río Hortega,Valladolid,LUNES,4,2024,117,6.8,11.6,4.6,7.8,9.4,0.0,75.0,126
2024-04-02,H.U. Río Hortega,Valladolid,MARTES,4,2024,126,5.1,9.2,3.1,5.2,9.4,0.0,93.0,126
2024-04-03,H.U. Río Hortega,Valladolid,MIÉRCOLES,4,2024,126,11.9,17.2,7.9,8.0,16.5,1.78,74.0,116
2024-04-04,H.U. Río Hortega,Valladolid,JUEVES,4,2024,116,13.3,20.2,6.7,5.2,9.4,0.0,62.0,126
2024-04-05,H.U. Río Hortega,Valladolid,VIERNES,4,2024,126,16.3,23.1,9.0,7.6,13.0,0.0,48.0,119
2024-04-06,H.U. Río Hortega,Valladolid,SÁBADO,4,2024,119,18.3,21.5,14.9,8.7,14.8,0.0,46.0,98
2024-04-07,H.U. Río Hortega,Valladolid,DOMINGO,4,2024,98,13.7,18.9,10.8,4.8,9.4,0.0,78.0,135
2024-04-08,H.U. Río Hortega,Valladolid,LUNES,4,2024,135,9.6,13.6,3.6,9.6,20.6,6.6,83.0,127
2024-04-09,H.U. Río Hortega,Valladolid,MARTES,4,2024,127,7.6,13.8,1.6,5.9,11.1,4.32,66.0,133
2024-04-10,H.U. Río Hortega,Valladolid,MIÉRCOLES,4,2024,133,10.7,18.0,2.9,3.3,7.6,0.0,69.0,104
2024-04-11,H.U. Río Hortega,Valladolid,JUEVES,4,2024,104,15.0,23.2,6.5,4.4,7.6,0.0,64.0,118
2024-04-12,H.U. Río Hortega,Valladolid,VIERNES,4,2024,118,17.8,26.4,8.8,3.3,7.6,0.0,57.0,114
2024-04-13,H.U. Río Hortega,Valladolid,SÁBADO,4,2024,114,18.5,26.8,9.5,3.7,5.4,0.0,56.0,115
2024-04-14,H.U. Río Hortega,Valladolid,DOMINGO,4,2024,115,19.1,27.1,10.8,3.9,7.6,0.0,58.0,121
2024-04-15,H.U. Río Hortega,Valladolid,LUNES,4,2024,121,17.1,23.2,11.1,4.1,7.6,0.0,64.0,131
2024-04-16,H.U. Río Hortega,Valladolid,MARTES,4,2024,131,12.2,19.2,5.9,5.7,13.0,0.0,65.0,140
2024-04-17,H.U. Río Hortega,Valladolid,MIÉRCOLES,4,2024,140,10.6,17.4,4.5,6.1,11.1,0.0,63.0,135
2024-04-18,H.U. Río Hortega,Valladolid,JUEVES,4,2024,135,10.1,17.5,3.0,5.9,9.4,0.0,61.0,114
2024-04-19,H.U. Río Hortega,Valladolid,VIERNES,4,2024,114,11.9,21.9,2.4,4.4,5.4,0.0,51.0,120
2024-04-20,H.U. Río Hortega,Valladolid,SÁBADO,4,2024,120,13.6,22.0,5.7,6.1,11.1,0.0,47.0,85
2024-04-21,H.U. Río Hortega,Valladolid,DOMINGO,4,2024,85,11.8,20.4,4.5,6.7,11.1,0.0,47.0,99
2024-04-22,H.U. Río Hortega,Valladolid,LUNES,4,2024,99,8.6,14.5,4.1,8.1,11.1,0.0,48.0,118
2024-04-23,H.U. Río Hortega,Valladolid,MARTES,4,2024,118,8.1,15.2,0.3,7.2,16.5,0.0,56.0,116
2024-04-24,H.U. Río Hortega,Valladolid,MIÉRCOLES,4,2024,116,9.4,17.1,1.4,4.1,9.4,0.0,54.0,122
2024-04-25,H.U. Río Hortega,Valladolid,JUEVES,4,2024,122,10.7,17.0,5.5,6.1,14.8,0.0,60.0,112
2024-04-26,H.U. Río Hortega,Valladolid,VIERNES,4,2024,112,10.4,16.5,6.9,6.9,14.8,0.51,70.0,111
2024-04-27,H.U. Río Hortega,Valladolid,SÁBADO,4,2024,111,8.4,12.9,5.2,7.8,14.8,0.76,80.0,111
2024-04-28,H.U. Río Hortega,Valladolid,DOMINGO,4,2024,111,8.6,13.2,2.6,3.7,7.6,5.08,72.0,109
2024-04-29,H.U. Río Hortega,Valladolid,LUNES,4,2024,109,10.4,17.7,3.2,4.3,9.4,0.51,64.0,129
2024-04-30,H.U. Río Hortega,Valladolid,MARTES,4,2024,129,10.1,15.6,4.5,8.3,14.8,0.0,71.0,133
2024-05-01,H.U. Río Hortega,Valladolid,MIÉRCOLES,5,2024,133,0.0,0.0,0.0,0.0,0.0,0.0,0.0,105
2024-05-02,H.U. Río Hortega,Valladolid,JUEVES,5,2024,105,7.7,13.7,2.4,9.3,16.5,4.32,75.0,114
2024-05-03,H.U. Río Hortega,Valladolid,VIERNES,5,2024,114,10.5,15.8,4.2,8.3,14.8,0.25,69.0,141
2024-05-04,H.U. Río Hortega,Valladolid,SÁBADO,5,2024,141,14.6,21.7,9.2,9.1,18.3,0.0,65.0,119
2024-05-05,H.U. Río Hortega,Valladolid,DOMINGO,5,2024,119,14.0,19.6,11.6,8.1,16.5,0.0,82.0,130
2024-05-06,H.U. Río Hortega,Valladolid,LUNES,5,2024,130,12.8,18.0,7.7,7.2,9.4,4.83,61.0,135
2024-05-07,H.U. Río Hortega,Valladolid,MARTES,5,2024,135,12.1,18.8,5.3,5.2,9.4,0.0,65.0,129
2024-05-08,H.U. Río Hortega,Valladolid,MIÉRCOLES,5,2024,129,12.6,21.7,5.9,4.1,5.4,0.0,63.0,111
2024-05-09,H.U. Río Hortega,Valladolid,JUEVES,5,2024,111,16.4,26.2,6.7,4.1,7.6,0.0,53.0,105
2024-05-10,H.U. Río Hortega,Valladolid,VIERNES,5,2024,105,19.4,27.5,9.9,3.7,11.1,0.0,44.0,125
2024-05-11,H.U. Río Hortega,Valladolid,SÁBADO,5,2024,125,18.6,26.0,11.6,5.0,11.1,0.0,53.0,145
2024-05-12,H.U. Río Hortega,Valladolid,DOMINGO,5,2024,145,17.9,25.3,10.2,4.4,9.4,0.0,57.0,118
2024-05-13,H.U. Río Hortega,Valladolid,LUNES,5,2024,118,16.1,25.0,10.6,9.6,16.5,0.0,66.0,149
2024-05-14,H.U. Río Hortega,Valladolid,MARTES,5,2024,149,11.0,17.4,7.1,11.3,20.6,4.06,73.0,136
2024-05-15,H.U. Río Hortega,Valladolid,MIÉRCOLES,5,2024,136,10.6,16.8,5.0,10.0,16.5,0.51,63.0,124
2024-05-16,H.U. Río Hortega,Valladolid,JUEVES,5,2024,124,10.3,14.8,5.8,8.9,14.8,0.0,68.0,134
2024-05-17,H.U. Río Hortega,Valladolid,VIERNES,5,2024,134,11.8,17.8,8.0,5.9,14.8,7.37,76.0,126
2024-05-18,H.U. Río Hortega,Valladolid,SÁBADO,5,2024,126,11.3,17.7,5.7,6.1,14.8,0.25,72.0,97
2024-05-19,H.U. Río Hortega,Valladolid,DOMINGO,5,2024,97,11.0,16.4,7.8,3.7,9.4,0.0,83.0,115
2024-05-20,H.U. Río Hortega,Valladolid,LUNES,5,2024,115,11.6,19.2,5.8,4.4,14.8,6.86,76.0,142
2024-05-21,H.U. Río Hortega,Valladolid,MARTES,5,2024,142,12.1,20.3,7.3,5.9,16.5,1.02,75.0,115
2024-05-22,H.U. Río Hortega,Valladolid,MIÉRCOLES,5,2024,115,12.7,19.0,7.1,7.2,13.0,6.6,70.0,118
2024-05-23,H.U. Río Hortega,Valladolid,JUEVES,5,2024,118,13.2,19.9,6.0,4.4,7.6,0.0,61.0,115
2024-05-24,H.U. Río Hortega,Valladolid,VIERNES,5,2024,115,15.6,23.9,6.8,4.3,9.4,0.0,54.0,128
2024-05-25,H.U. Río Hortega,Valladolid,SÁBADO,5,2024,128,17.9,26.0,9.5,7.2,16.5,0.0,44.0,143
2024-05-26,H.U. Río Hortega,Valladolid,DOMINGO,5,2024,143,17.9,24.3,11.0,6.7,11.1,0.0,59.0,118
2024-05-27,H.U. Río Hortega,Valladolid,LUNES,5,2024,118,16.1,23.5,8.7,5.0,9.4,0.0,62.0,157
2024-05-28,H.U. Río Hortega,Valladolid,MARTES,5,2024,157,18.6,28.0,8.6,4.6,7.6,0.0,49.0,136
2024-05-29,H.U. Río Hortega,Valladolid,MIÉRCOLES,5,2024,136,21.8,30.4,12.1,4.4,9.4,0.0,46.0,101
2024-05-30,H.U. Río Hortega,Valladolid,JUEVES,5,2024,101,20.6,28.5,13.9,6.5,18.3,0.0,56.0,129
2024-05-31,H.U. Río Hortega,Valladolid,VIERNES,5,2024,129,15.3,22.4,8.7,7.6,14.8,0.0,51.0,124
2024-06-01,H.U. Río Hortega,Valladolid,SÁBADO,6,2024,124,14.7,22.0,8.0,7.8,13.0,0.0,55.0,96
2024-06-02,H.U. Río Hortega,Valladolid,DOMINGO,6,2024,96,16.0,23.8,8.1,6.9,16.5,0.0,57.0,118
2024-06-03,H.U. Río Hortega,Valladolid,LUNES,6,2024,118,18.4,27.7,10.0,4.8,7.6,0.0,53.0,153
2024-06-04,H.U. Río Hortega,Valladolid,MARTES,6,2024,153,20.2,29.5,9.6,4.6,7.6,0.0,48.0,129
2024-06-05,H.U. Río Hortega,Valladolid,MIÉRCOLES,6,2024,129,22.6,32.2,14.3,4.4,9.4,0.0,46.0,116
2024-06-06,H.U. Río Hortega,Valladolid,JUEVES,6,2024,116,24.8,31.3,15.2,4.3,9.4,0.0,42.0,115
2024-06-07,H.U. Río Hortega,Valladolid,VIERNES,6,2024,115,25.7,33.2,19.6,6.3,13.0,0.51,47.0,135
2024-06-08,H.U. Río Hortega,Valladolid,SÁBADO,6,2024,135,19.7,25.4,15.7,6.7,14.8,0.0,68.0,147
2024-06-09,H.U. Río Hortega,Valladolid,DOMINGO,6,2024,147,16.7,21.5,13.0,6.3,13.0,0.76,72.0,138
2024-06-10,H.U. Río Hortega,Valladolid,LUNES,6,2024,138,15.7,21.7,10.6,6.9,11.1,0.25,55.0,131
2024-06-11,H.U. Río Hortega,Valladolid,MARTES,6,2024,131,15.6,23.0,7.4,6.3,13.0,0.0,54.0,137
2024-06-12,H.U. Río Hortega,Valladolid,MIÉRCOLES,6,2024,137,15.8,21.5,10.8,7.8,11.1,0.0,50.0,100
2024-06-13,H.U. Río Hortega,Valladolid,JUEVES,6,2024,100,18.2,27.5,7.5,5.6,11.1,0.0,44.0,111
2024-06-14,H.U. Río Hortega,Valladolid,VIERNES,6,2024,111,20.7,27.2,14.3,10.7,18.3,0.0,51.0,110
2024-06-15,H.U. Río Hortega,Valladolid,SÁBADO,6,2024,110,17.5,25.2,9.5,5.6,9.4,0.0,44.0,123
2024-06-16,H.U. Río Hortega,Valladolid,DOMINGO,6,2024,123,19.2,27.3,11.1,7.8,14.8,0.0,49.0,141
2024-06-17,H.U. Río Hortega,Valladolid,LUNES,6,2024,141,20.2,28.5,12.4,8.0,16.5,0.0,50.0,133
2024-06-18,H.U. Río Hortega,Valladolid,MARTES,6,2024,133,17.1,22.3,14.3,6.3,11.1,2.03,69.0,110
2024-06-19,H.U. Río Hortega,Valladolid,MIÉRCOLES,6,2024,110,16.3,24.1,10.5,4.4,9.4,0.0,62.0,117
2024-06-20,H.U. Río Hortega,Valladolid,JUEVES,6,2024,117,14.2,20.4,11.6,4.3,7.6,9.91,86.0,120
2024-06-21,H.U. Río Hortega,Valladolid,VIERNES,6,2024,120,17.9,26.0,10.0,4.3,7.6,27.43,61.0,95
2024-06-22,H.U. Río Hortega,Valladolid,SÁBADO,6,2024,95,19.6,26.4,12.8,4.8,9.4,0.0,53.0,111
2024-06-23,H.U. Río Hortega,Valladolid,DOMINGO,6,2024,111,20.7,28.2,13.0,5.6,13.0,0.0,59.0,97
2024-06-24,H.U. Río Hortega,Valladolid,LUNES,6,2024,97,21.9,30.8,14.0,4.3,7.6,0.0,51.0,128
2024-06-25,H.U. Río Hortega,Valladolid,MARTES,6,2024,128,23.1,32.9,15.2,4.8,13.0,0.0,54.0,113
2024-06-26,H.U. Río Hortega,Valladolid,MIÉRCOLES,6,2024,113,24.5,33.1,17.1,5.9,13.0,5.33,55.0,116
2024-06-27,H.U. Río Hortega,Valladolid,JUEVES,6,2024,116,24.9,33.1,17.4,5.2,11.1,0.0,57.0,119
2024-06-28,H.U. Río Hortega,Valladolid,VIERNES,6,2024,119,22.1,31.4,15.6,7.0,18.3,0.0,65.0,141
2024-06-29,H.U. Río Hortega,Valladolid,SÁBADO,6,2024,141,17.1,19.1,15.4,5.9,13.0,30.48,93.0,129
2024-06-30,H.U. Río Hortega,Valladolid,DOMINGO,6,2024,129,19.9,26.0,15.2,5.7,9.4,2.54,64.0,114
2024-07-01,H.U. Río Hortega,Valladolid,LUNES,7,2024,114,19.7,26.4,13.3,7.0,13.0,0.0,53.0,118
2024-07-02,H.U. Río Hortega,Valladolid,MARTES,7,2024,118,21.0,29.0,12.4,5.9,11.1,0.0,52.0,116
2024-07-03,H.U. Río Hortega,Valladolid,MIÉRCOLES,7,2024,116,23.3,32.8,13.4,4.6,9.4,0.0,37.0,114
2024-07-04,H.U. Río Hortega,Valladolid,JUEVES,7,2024,114,25.0,33.4,15.6,4.4,7.6,0.0,36.0,120
2024-07-05,H.U. Río Hortega,Valladolid,VIERNES,7,2024,120,26.8,36.8,17.3,6.7,14.8,0.0,44.0,119
2024-07-06,H.U. Río Hortega,Valladolid,SÁBADO,7,2024,119,20.8,27.1,13.6,7.2,16.5,0.51,59.0,103
2024-07-07,H.U. Río Hortega,Valladolid,DOMINGO,7,2024,103,19.7,28.2,11.5,5.6,9.4,0.0,49.0,99
2024-07-08,H.U. Río Hortega,Valladolid,LUNES,7,2024,99,23.6,31.4,14.3,7.2,13.0,0.0,32.0,89
2024-07-09,H.U. Río Hortega,Valladolid,MARTES,7,2024,89,23.0,29.9,18.1,6.9,16.5,0.0,45.0,120
2024-07-10,H.U. Río Hortega,Valladolid,MIÉRCOLES,7,2024,120,24.6,32.1,18.4,7.0,11.1,0.0,54.0,119
2024-07-11,H.U. Río Hortega,Valladolid,JUEVES,7,2024,119,24.7,31.4,19.3,8.5,16.5,0.0,47.0,110
2024-07-12,H.U. Río Hortega,Valladolid,VIERNES,7,2024,110,21.4,28.2,15.2,5.4,7.6,0.0,52.0,124
2024-07-13,H.U. Río Hortega,Valladolid,SÁBADO,7,2024,124,23.3,30.3,13.4,6.5,11.1,0.0,41.0,117
2024-07-14,H.U. Río Hortega,Valladolid,DOMINGO,7,2024,117,24.6,31.2,17.0,8.5,13.0,0.0,28.0,100
2024-07-15,H.U. Río Hortega,Valladolid,LUNES,7,2024,100,21.3,27.3,16.9,10.0,16.5,2.29,56.0,114
2024-07-16,H.U. Río Hortega,Valladolid,MARTES,7,2024,114,21.1,29.3,12.7,4.3,5.4,0.0,45.0,91
2024-07-17,H.U. Río Hortega,Valladolid,MIÉRCOLES,7,2024,91,23.6,33.8,13.7,4.8,9.4,0.0,41.0,130
2024-07-18,H.U. Río Hortega,Valladolid,JUEVES,7,2024,130,26.3,35.4,17.2,6.1,13.0,0.0,31.0,96
2024-07-19,H.U. Río Hortega,Valladolid,VIERNES,7,2024,96,27.6,36.6,18.2,6.3,13.0,0.0,30.0,95
2024-07-20,H.U. Río Hortega,Valladolid,SÁBADO,7,2024,95,25.6,31.0,19.2,10.6,18.3,0.0,45.0,95
2024-07-21,H.U. Río Hortega,Valladolid,DOMINGO,7,2024,95,21.4,28.7,13.8,6.7,13.0,0.0,42.0,116
2024-07-22,H.U. Río Hortega,Valladolid,LUNES,7,2024,116,23.4,33.8,12.3,5.0,7.6,0.0,36.0,100
2024-07-23,H.U. Río Hortega,Valladolid,MARTES,7,2024,100,27.7,37.5,17.5,4.6,7.6,0.0,35.0,103
2024-07-24,H.U. Río Hortega,Valladolid,MIÉRCOLES,7,2024,103,28.3,38.4,18.8,5.0,9.4,0.0,36.0,111
2024-07-25,H.U. Río Hortega,Valladolid,JUEVES,7,2024,111,27.2,37.8,17.6,6.1,14.8,0.0,40.0,113
2024-07-26,H.U. Río Hortega,Valladolid,VIERNES,7,2024,113,26.8,37.2,16.7,5.7,11.1,0.0,37.0,88
2024-07-27,H.U. Río Hortega,Valladolid,SÁBADO,7,2024,88,27.6,36.5,18.4,5.7,11.1,0.0,42.0,102
2024-07-28,H.U. Río Hortega,Valladolid,DOMINGO,7,2024,102,29.1,39.0,18.5,6.3,11.1,0.0,36.0,97
2024-07-29,H.U. Río Hortega,Valladolid,LUNES,7,2024,97,28.1,33.9,21.0,5.6,18.3,0.0,38.0,141
2024-07-30,H.U. Río Hortega,Valladolid,MARTES,7,2024,141,28.4,36.5,20.3,6.1,16.5,4.32,39.0,121
2024-07-31,H.U. Río Hortega,Valladolid,MIÉRCOLES,7,2024,121,27.5,35.7,19.0,6.5,11.1,0.0,32.0,113
2024-08-01,H.U. Río Hortega,Valladolid,JUEVES,8,2024,113,27.1,35.8,18.9,4.8,9.4,0.0,43.0,112
2024-08-02,H.U. Río Hortega,Valladolid,VIERNES,8,2024,112,23.2,30.0,17.8,6.5,13.0,0.0,56.0,95
2024-08-03,H.U. Río Hortega,Valladolid,SÁBADO,8,2024,95,24.1,33.1,15.4,5.0,7.6,0.0,45.0,99
2024-08-04,H.U. Río Hortega,Valladolid,DOMINGO,8,2024,99,26.5,36.1,16.5,4.3,7.6,0.0,31.0,91
2024-08-05,H.U. Río Hortega,Valladolid,LUNES,8,2024,91,27.6,36.8,18.0,5.9,11.1,0.0,34.0,129
2024-08-06,H.U. Río Hortega,Valladolid,MARTES,8,2024,129,25.6,35.1,16.9,5.2,9.4,0.0,45.0,113
2024-08-07,H.U. Río Hortega,Valladolid,MIÉRCOLES,8,2024,113,25.8,35.3,17.2,5.2,7.6,0.0,44.0,103
2024-08-08,H.U. Río Hortega,Valladolid,JUEVES,8,2024,103,27.0,37.2,17.2,5.6,9.4,0.0,42.0,111
2024-08-09,H.U. Río Hortega,Valladolid,VIERNES,8,2024,111,28.4,38.6,18.4,4.3,5.4,0.0,40.0,91
2024-08-10,H.U. Río Hortega,Valladolid,SÁBADO,8,2024,91,30.1,38.5,20.5,5.0,9.4,0.0,30.0,91
2024-08-11,H.U. Río Hortega,Valladolid,DOMINGO,8,2024,91,30.4,38.3,21.9,4.8,9.4,0.0,25.0,113
2024-08-12,H.U. Río Hortega,Valladolid,LUNES,8,2024,113,0.0,0.0,0.0,0.0,0.0,0.0,0.0,127
2024-08-13,H.U. Río Hortega,Valladolid,MARTES,8,2024,127,21.8,26.8,16.9,5.2,11.1,0.0,63.0,88
2024-08-14,H.U. Río Hortega,Valladolid,MIÉRCOLES,8,2024,88,21.6,29.0,15.7,5.6,13.0,0.51,54.0,103
2024-08-15,H.U. Río Hortega,Valladolid,JUEVES,8,2024,103,20.6,29.4,11.7,6.3,11.1,0.0,41.0,75
2024-08-16,H.U. Río Hortega,Valladolid,VIERNES,8,2024,75,23.6,32.7,13.2,4.1,7.6,0.0,32.0,121
2024-08-17,H.U. Río Hortega,Valladolid,SÁBADO,8,2024,121,25.2,34.3,16.8,5.0,13.0,0.0,37.0,119
2024-08-18,H.U. Río Hortega,Valladolid,DOMINGO,8,2024,119,24.1,31.5,17.3,5.6,16.5,0.0,52.0,74
2024-08-19,H.U. Río Hortega,Valladolid,LUNES,8,2024,74,22.9,33.0,13.6,5.0,11.1,0.0,42.0,102
2024-08-20,H.U. Río Hortega,Valladolid,MARTES,8,2024,102,27.2,33.7,18.0,6.1,11.1,0.0,28.0,102
2024-08-21,H.U. Río Hortega,Valladolid,MIÉRCOLES,8,2024,102,24.8,34.8,16.5,5.0,9.4,0.0,45.0,111
2024-08-22,H.U. Río Hortega,Valladolid,JUEVES,8,2024,111,26.1,35.6,17.2,6.3,14.8,0.0,34.0,103
2024-08-23,H.U. Río Hortega,Valladolid,VIERNES,8,2024,103,25.6,35.4,16.1,4.4,9.4,0.0,31.0,115
2024-08-24,H.U. Río Hortega,Valladolid,SÁBADO,8,2024,115,24.8,33.7,17.2,7.8,14.8,0.0,38.0,93
2024-08-25,H.U. Río Hortega,Valladolid,DOMINGO,8,2024,93,19.9,28.6,14.8,6.9,9.4,0.0,59.0,116
2024-08-26,H.U. Río Hortega,Valladolid,LUNES,8,2024,116,20.6,30.4,11.3,4.4,7.6,0.0,46.0,98
2024-08-27,H.U. Río Hortega,Valladolid,MARTES,8,2024,98,24.2,34.7,14.1,4.1,9.4,0.0,34.0,123
2024-08-28,H.U. Río Hortega,Valladolid,MIÉRCOLES,8,2024,123,25.7,34.8,16.4,5.2,13.0,0.0,33.0,95
2024-08-29,H.U. Río Hortega,Valladolid,JUEVES,8,2024,95,21.9,29.1,17.5,5.9,11.1,4.06,70.0,116
2024-08-30,H.U. Río Hortega,Valladolid,VIERNES,8,2024,116,23.2,32.3,16.3,4.6,9.4,4.32,62.0,94
2024-08-31,H.U. Río Hortega,Valladolid,SÁBADO,8,2024,94,21.1,27.1,17.7,4.6,9.4,0.0,74.0,89
2024-09-01,H.U. Río Hortega,Valladolid,DOMINGO,9,2024,89,22.2,28.7,15.7,3.3,5.4,5.08,65.0,86
2024-09-02,H.U. Río Hortega,Valladolid,LUNES,9,2024,86,22.1,30.0,16.6,5.2,9.4,0.0,62.0,132
2024-09-03,H.U. Río Hortega,Valladolid,MARTES,9,2024,132,19.3,26.5,15.5,5.9,11.1,0.0,71.0,111
2024-09-04,H.U. Río Hortega,Valladolid,MIÉRCOLES,9,2024,111,18.7,24.6,14.5,7.0,11.1,0.0,59.0,109
2024-09-05,H.U. Río Hortega,Valladolid,JUEVES,9,2024,109,16.6,21.4,12.0,4.6,9.4,0.0,60.0,117
2024-09-06,H.U. Río Hortega,Valladolid,VIERNES,9,2024,117,15.4,21.7,9.3,6.1,11.1,0.76,54.0,97
2024-09-07,H.U. Río Hortega,Valladolid,SÁBADO,9,2024,97,16.7,23.6,10.2,6.9,13.0,0.0,54.0,85
2024-09-08,H.U. Río Hortega,Valladolid,DOMINGO,9,2024,85,18.6,24.9,13.1,4.4,7.6,0.0,45.0,98
2024-09-09,H.U. Río Hortega,Valladolid,LUNES,9,2024,98,18.7,27.5,10.6,4.1,7.6,0.0,51.0,104
2024-09-10,H.U. Río Hortega,Valladolid,MARTES,9,2024,104,19.3,27.2,12.4,4.4,7.6,0.0,56.0,103
2024-09-11,H.U. Río Hortega,Valladolid,MIÉRCOLES,9,2024,103,17.8,25.7,10.1,5.0,11.1,0.0,51.0,117
2024-09-12,H.U. Río Hortega,Valladolid,JUEVES,9,2024,117,18.8,25.4,13.3,8.5,14.8,0.0,56.0,110
2024-09-13,H.U. Río Hortega,Valladolid,VIERNES,9,2024,110,12.0,17.1,8.5,6.5,16.5,0.0,68.0,103
2024-09-14,H.U. Río Hortega,Valladolid,SÁBADO,9,2024,103,15.5,26.7,6.1,3.7,5.4,0.0,40.0,104
2024-09-15,H.U. Río Hortega,Valladolid,DOMINGO,9,2024,104,17.7,27.7,8.6,4.8,9.4,0.0,31.0,123
2024-09-16,H.U. Río Hortega,Valladolid,LUNES,9,2024,123,17.5,26.2,10.0,7.0,11.1,0.0,31.0,121
2024-09-17,H.U. Río Hortega,Valladolid,MARTES,9,2024,121,16.0,23.3,10.7,8.0,13.0,0.0,55.0,111
2024-09-18,H.U. Río Hortega,Valladolid,MIÉRCOLES,9,2024,111,17.8,26.6,10.5,4.1,7.6,0.0,51.0,114
2024-09-19,H.U. Río Hortega,Valladolid,JUEVES,9,2024,114,17.7,24.0,12.6,5.0,11.1,0.0,64.0,132
2024-09-20,H.U. Río Hortega,Valladolid,VIERNES,9,2024,132,17.1,21.9,14.2,3.9,7.6,1.27,75.0,105
2024-09-21,H.U. Río Hortega,Valladolid,SÁBADO,9,2024,105,15.9,21.5,12.7,4.3,7.6,5.08,83.0,124
2024-09-22,H.U. Río Hortega,Valladolid,DOMINGO,9,2024,124,16.2,22.5,11.5,5.0,9.4,1.27,70.0,112
2024-09-23,H.U. Río Hortega,Valladolid,LUNES,9,2024,112,16.1,21.7,10.2,6.3,11.1,0.0,52.0,118
2024-09-24,H.U. Río Hortega,Valladolid,MARTES,9,2024,118,15.7,20.5,11.4,8.0,14.8,0.0,64.0,103
2024-09-25,H.U. Río Hortega,Valladolid,MIÉRCOLES,9,2024,103,18.6,24.6,13.5,10.6,20.6,0.51,76.0,121
2024-09-26,H.U. Río Hortega,Valladolid,JUEVES,9,2024,121,18.2,21.7,13.6,14.8,24.1,0.0,71.0,111
2024-09-27,H.U. Río Hortega,Valladolid,VIERNES,9,2024,111,13.4,18.6,8.5,9.3,16.5,2.79,60.0,121
2024-09-28,H.U. Río Hortega,Valladolid,SÁBADO,9,2024,121,11.3,19.0,4.6,3.9,7.6,0.0,56.0,104
2024-09-29,H.U. Río Hortega,Valladolid,DOMINGO,9,2024,104,15.8,25.4,6.5,5.2,9.4,0.0,41.0,128
2024-09-30,H.U. Río Hortega,Valladolid,LUNES,9,2024,128,18.0,27.4,9.1,4.8,9.4,0.0,39.0,119
2024-10-01,H.U. Río Hortega,Valladolid,MARTES,10,2024,119,18.8,26.1,13.0,8.0,14.8,0.0,59.0,132
2024-10-02,H.U. Río Hortega,Valladolid,MIÉRCOLES,10,2024,132,17.6,18.5,16.2,9.6,18.3,0.0,91.0,108
2024-10-03,H.U. Río Hortega,Valladolid,JUEVES,10,2024,108,16.2,21.6,12.9,4.1,7.6,9.14,68.0,120
2024-10-04,H.U. Río Hortega,Valladolid,VIERNES,10,2024,120,14.9,21.9,9.8,3.1,5.4,1.27,69.0,104
2024-10-05,H.U. Río Hortega,Valladolid,SÁBADO,10,2024,104,16.3,22.7,10.4,7.0,14.8,0.0,78.0,92
2024-10-06,H.U. Río Hortega,Valladolid,DOMINGO,10,2024,92,17.2,19.6,15.9,6.5,9.4,8.89,85.0,126
2024-10-07,H.U. Río Hortega,Valladolid,LUNES,10,2024,126,15.1,17.4,11.9,8.3,16.5,18.29,88.0,114
2024-10-08,H.U. Río Hortega,Valladolid,MARTES,10,2024,114,13.8,17.1,10.8,9.1,13.0,11.68,85.0,111
2024-10-09,H.U. Río Hortega,Valladolid,MIÉRCOLES,10,2024,111,16.7,22.2,11.7,15.9,31.3,0.76,77.0,112
2024-10-10,H.U. Río Hortega,Valladolid,JUEVES,10,2024,112,12.6,19.1,8.1,6.1,11.1,0.51,69.0,113
2024-10-11,H.U. Río Hortega,Valladolid,VIERNES,10,2024,113,13.2,19.3,6.0,4.8,13.0,0.0,70.0,108
2024-10-12,H.U. Río Hortega,Valladolid,SÁBADO,10,2024,108,16.8,21.1,14.0,4.6,9.4,0.25,80.0,105
2024-10-13,H.U. Río Hortega,Valladolid,DOMINGO,10,2024,105,17.4,24.0,12.2,3.1,5.4,1.52,74.0,113
2024-10-14,H.U. Río Hortega,Valladolid,LUNES,10,2024,113,17.6,22.5,12.2,3.3,7.6,0.0,78.0,135
2024-10-15,H.U. Río Hortega,Valladolid,MARTES,10,2024,135,16.3,20.3,14.9,5.2,13.0,0.0,89.0,130
2024-10-16,H.U. Río Hortega,Valladolid,MIÉRCOLES,10,2024,130,16.3,20.9,13.1,8.5,14.8,23.11,86.0,129
2024-10-17,H.U. Río Hortega,Valladolid,JUEVES,10,2024,129,12.7,17.2,8.3,9.8,16.5,4.06,74.0,131
2024-10-18,H.U. Río Hortega,Valladolid,VIERNES,10,2024,131,10.8,15.3,5.5,6.3,11.1,0.25,83.0,133
2024-10-19,H.U. Río Hortega,Valladolid,SÁBADO,10,2024,133,14.5,17.8,11.6,6.7,11.1,0.0,84.0,101
2024-10-20,H.U. Río Hortega,Valladolid,DOMINGO,10,2024,101,14.7,20.5,11.8,4.1,7.6,0.0,83.0,114
2024-10-21,H.U. Río Hortega,Valladolid,LUNES,10,2024,114,13.9,21.5,8.3,3.1,5.4,0.0,80.0,137
2024-10-22,H.U. Río Hortega,Valladolid,MARTES,10,2024,137,14.7,20.2,11.1,4.6,5.4,0.0,78.0,116
2024-10-23,H.U. Río Hortega,Valladolid,MIÉRCOLES,10,2024,116,14.3,21.8,8.3,3.5,5.4,0.0,76.0,128
2024-10-24,H.U. Río Hortega,Valladolid,JUEVES,10,2024,128,15.2,21.5,8.7,4.4,9.4,0.0,73.0,110
2024-10-25,H.U. Río Hortega,Valladolid,VIERNES,10,2024,110,11.5,15.1,7.1,6.3,14.8,4.83,75.0,117
2024-10-26,H.U. Río Hortega,Valladolid,SÁBADO,10,2024,117,7.3,12.0,3.9,5.2,9.4,0.0,79.0,124
2024-10-27,H.U. Río Hortega,Valladolid,DOMINGO,10,2024,124,8.7,12.4,6.6,3.9,7.6,0.25,87.0,107
2024-10-28,H.U. Río Hortega,Valladolid,LUNES,10,2024,107,12.5,17.9,8.7,8.3,20.6,1.78,80.0,122
2024-10-29,H.U. Río Hortega,Valladolid,MARTES,10,2024,122,12.9,18.1,8.7,8.5,18.3,0.51,84.0,106
2024-10-30,H.U. Río Hortega,Valladolid,MIÉRCOLES,10,2024,106,13.3,18.9,9.3,10.0,18.3,13.72,84.0,94
2024-10-31,H.U. Río Hortega,Valladolid,JUEVES,10,2024,94,14.7,20.1,10.6,5.4,13.0,1.02,73.0,109
2024-11-01,H.U. Río Hortega,Valladolid,VIERNES,11,2024,109,14.7,19.7,11.6,4.4,9.4,1.02,80.0,120
2024-11-02,H.U. Río Hortega,Valladolid,SÁBADO,11,2024,120,14.1,19.6,10.1,5.0,11.1,0.0,78.0,106
2024-11-03,H.U. Río Hortega,Valladolid,DOMINGO,11,2024,106,13.3,20.0,8.7,3.5,5.4,0.0,78.0,135
2024-11-04,H.U. Río Hortega,Valladolid,LUNES,11,2024,135,12.7,19.2,8.1,3.9,7.6,0.0,79.0,129
2024-11-05,H.U. Río Hortega,Valladolid,MARTES,11,2024,129,14.8,19.0,11.4,3.3,7.6,0.0,75.0,127
2024-11-06,H.U. Río Hortega,Valladolid,MIÉRCOLES,11,2024,127,13.8,21.1,9.0,3.0,7.6,0.0,77.0,126
2024-11-07,H.U. Río Hortega,Valladolid,JUEVES,11,2024,126,12.6,19.7,7.6,2.8,5.4,0.0,81.0,99
2024-11-08,H.U. Río Hortega,Valladolid,VIERNES,11,2024,99,11.9,17.6,8.1,2.6,9.4,0.0,84.0,109
2024-11-09,H.U. Río Hortega,Valladolid,SÁBADO,11,2024,109,12.8,17.4,10.1,5.4,9.4,0.0,77.0,100
2024-11-10,H.U. Río Hortega,Valladolid,DOMINGO,11,2024,100,11.4,14.9,7.8,3.9,9.4,0.0,92.0,118
2024-11-11,H.U. Río Hortega,Valladolid,LUNES,11,2024,118,11.0,15.7,7.5,5.2,11.1,1.27,78.0,119
2024-11-12,H.U. Río Hortega,Valladolid,MARTES,11,2024,119,9.1,14.1,5.8,5.6,11.1,0.0,74.0,117
2024-11-13,H.U. Río Hortega,Valladolid,MIÉRCOLES,11,2024,117,7.3,9.2,4.2,11.9,16.5,0.0,81.0,97
2024-11-14,H.U. Río Hortega,Valladolid,JUEVES,11,2024,97,11.3,15.0,7.6,8.7,16.5,2.29,81.0,95
2024-11-15,H.U. Río Hortega,Valladolid,VIERNES,11,2024,95,12.2,17.7,8.7,2.8,5.4,0.0,79.0,126
2024-11-16,H.U. Río Hortega,Valladolid,SÁBADO,11,2024,126,11.0,16.5,6.7,3.0,3.5,0.0,81.0,136
2024-11-17,H.U. Río Hortega,Valladolid,DOMINGO,11,2024,136,11.6,17.8,6.6,2.8,3.5,0.0,73.0,109
2024-11-18,H.U. Río Hortega,Valladolid,LUNES,11,2024,109,0.0,0.0,0.0,0.0,0.0,0.0,0.0,157
2024-11-19,H.U. Río Hortega,Valladolid,MARTES,11,2024,157,0.0,0.0,0.0,0.0,0.0,0.0,0.0,143
2024-11-20,H.U. Río Hortega,Valladolid,MIÉRCOLES,11,2024,143,0.0,0.0,0.0,0.0,0.0,0.0,0.0,147
2024-11-21,H.U. Río Hortega,Valladolid,JUEVES,11,2024,147,0.0,0.0,0.0,0.0,0.0,0.0,0.0,130
2024-11-22,H.U. Río Hortega,Valladolid,VIERNES,11,2024,130,7.3,10.2,4.3,4.1,5.4,0.0,74.0,116
2024-11-23,H.U. Río Hortega,Valladolid,SÁBADO,11,2024,116,12.2,16.5,3.8,6.5,11.1,0.25,78.0,107
2024-11-24,H.U. Río Hortega,Valladolid,DOMINGO,11,2024,107,14.8,18.0,10.7,11.5,22.2,0.0,59.0,126
2024-11-25,H.U. Río Hortega,Valladolid,LUNES,11,2024,126,11.4,16.8,6.3,11.1,20.6,7.87,73.0,122
2024-11-26,H.U. Río Hortega,Valladolid,MARTES,11,2024,122,6.2,9.6,4.0,3.3,5.4,9.4,91.0,150
2024-11-27,H.U. Río Hortega,Valladolid,MIÉRCOLES,11,2024,150,4.5,8.9,1.7,2.4,3.5,0.0,96.0,125
2024-11-28,H.U. Río Hortega,Valladolid,JUEVES,11,2024,125,5.1,12.7,1.4,2.8,5.4,0.51,91.0,111
2024-11-29,H.U. Río Hortega,Valladolid,VIERNES,11,2024,111,8.4,15.6,4.0,2.2,3.5,0.0,86.0,104
2024-11-30,H.U. Río Hortega,Valladolid,SÁBADO,11,2024,104,9.2,15.3,4.2,2.2,3.5,0.0,91.0,118
2024-12-01,H.U. Río Hortega,Valladolid,DOMINGO,12,2024,118,0.0,0.0,0.0,0.0,0.0,0.0,0.0,127
2024-12-02,H.U. Río Hortega,Valladolid,LUNES,12,2024,127,10.7,14.7,8.5,4.4,11.1,1.78,92.0,137
2024-12-03,H.U. Río Hortega,Valladolid,MARTES,12,2024,137,7.8,8.7,7.1,3.3,14.8,0.25,99.0,130
2024-12-04,H.U. Río Hortega,Valladolid,MIÉRCOLES,12,2024,130,8.8,12.2,6.4,5.7,16.5,0.0,83.0,132
2024-12-05,H.U. Río Hortega,Valladolid,JUEVES,12,2024,132,8.8,13.0,5.8,5.4,11.1,0.25,87.0,113
2024-12-06,H.U. Río Hortega,Valladolid,VIERNES,12,2024,113,10.0,10.5,8.9,5.0,9.4,0.0,98.0,99
2024-12-07,H.U. Río Hortega,Valladolid,SÁBADO,12,2024,99,9.1,13.2,4.4,9.8,18.3,0.0,77.0,130
2024-12-08,H.U. Río Hortega,Valladolid,DOMINGO,12,2024,130,4.6,9.4,0.9,10.7,14.8,0.0,70.0,137
2024-12-09,H.U. Río Hortega,Valladolid,LUNES,12,2024,137,3.8,8.3,0.6,6.3,13.0,0.0,77.0,132
2024-12-10,H.U. Río Hortega,Valladolid,MARTES,12,2024,132,2.7,7.8,-0.9,3.1,5.4,0.0,82.0,150
2024-12-11,H.U. Río Hortega,Valladolid,MIÉRCOLES,12,2024,150,3.4,5.2,1.2,2.8,5.4,0.0,82.0,103
2024-12-12,H.U. Río Hortega,Valladolid,JUEVES,12,2024,103,4.8,9.8,1.3,4.1,9.4,0.0,75.0,111
2024-12-13,H.U. Río Hortega,Valladolid,VIERNES,12,2024,111,3.7,7.8,0.9,2.4,3.5,0.51,88.0,104
2024-12-14,H.U. Río Hortega,Valladolid,SÁBADO,12,2024,104,2.3,9.3,-1.8,3.1,7.6,0.0,90.0,118
2024-12-15,H.U. Río Hortega,Valladolid,DOMINGO,12,2024,118,0.7,6.7,-2.7,2.8,5.4,0.0,92.0,131
2024-12-16,H.U. Río Hortega,Valladolid,LUNES,12,2024,131,1.2,6.5,-1.4,3.1,7.6,0.0,94.0,132
2024-12-17,H.U. Río Hortega,Valladolid,MARTES,12,2024,132,3.3,9.5,-1.9,2.2,5.4,0.0,87.0,110
2024-12-18,H.U. Río Hortega,Valladolid,MIÉRCOLES,12,2024,110,7.0,11.5,1.4,4.6,9.4,0.25,86.0,126
2024-12-19,H.U. Río Hortega,Valladolid,JUEVES,12,2024,126,9.2,12.8,2.5,8.3,14.8,2.79,85.0,144
2024-12-20,H.U. Río Hortega,Valladolid,VIERNES,12,2024,144,1.8,7.4,-1.3,2.6,5.4,0.0,90.0,109
2024-12-21,H.U. Río Hortega,Valladolid,SÁBADO,12,2024,109,0.1,3.6,-2.4,2.8,5.4,0.0,96.0,135
2024-12-22,H.U. Río Hortega,Valladolid,DOMINGO,12,2024,135,3.6,10.8,-1.4,5.2,9.4,0.0,87.0,110
2024-12-23,H.U. Río Hortega,Valladolid,LUNES,12,2024,110,4.6,9.8,0.5,5.0,9.4,0.0,79.0,135
2024-12-24,H.U. Río Hortega,Valladolid,MARTES,12,2024,135,4.3,9.6,-0.1,2.8,3.5,0.0,93.0,111
2024-12-25,H.U. Río Hortega,Valladolid,MIÉRCOLES,12,2024,111,4.9,9.0,2.2,3.1,9.4,0.0,96.0,91
2024-12-26,H.U. Río Hortega,Valladolid,JUEVES,12,2024,91,3.0,4.4,1.9,2.0,3.5,0.0,100.0,121
2024-12-27,H.U. Río Hortega,Valladolid,VIERNES,12,2024,121,4.0,7.1,2.3,3.0,7.6,0.0,99.0,114
2024-12-28,H.U. Río Hortega,Valladolid,SÁBADO,12,2024,114,2.9,5.0,1.2,2.6,3.5,0.0,99.0,126
2024-12-29,H.U. Río Hortega,Valladolid,DOMINGO,12,2024,126,1.6,2.8,0.8,3.0,5.4,0.0,100.0,107
2024-12-30,H.U. Río Hortega,Valladolid,LUNES,12,2024,107,0.9,1.9,-0.1,2.4,3.5,0.0,99.0,116
2024-12-31,H.U. Río Hortega,Valladolid,MARTES,12,2024,116,0.3,1.4,-0.6,3.0,7.6,0.0,99.0,109
2025-01-01,H.U. Río Hortega,Valladolid,MIÉRCOLES,1,2025,109,-0.4,1.4,-1.9,3.1,5.4,0.0,99.0,213
2025-01-02,H.U. Río Hortega,Valladolid,JUEVES,1,2025,213,1.8,7.0,-1.5,4.3,7.6,0.0,95.0,319
2025-01-03,H.U. Río Hortega,Valladolid,VIERNES,1,2025,319,5.2,8.2,1.5,6.9,11.1,0.0,95.0,288
2025-01-04,H.U. Río Hortega,Valladolid,SÁBADO,1,2025,288,6.9,11.5,4.6,6.3,9.4,0.76,86.0,268
2025-01-05,H.U. Río Hortega,Valladolid,DOMINGO,1,2025,268,7.7,11.3,4.7,7.2,13.0,0.0,88.0,283
2025-01-06,H.U. Río Hortega,Valladolid,LUNES,1,2025,283,7.2,10.2,4.0,8.5,16.5,7.11,85.0,267
2025-01-07,H.U. Río Hortega,Valladolid,MARTES,1,2025,267,5.2,9.4,1.1,8.5,13.0,0.0,91.0,311
2025-01-08,H.U. Río Hortega,Valladolid,MIÉRCOLES,1,2025,311,9.0,11.3,6.9,9.8,16.5,0.0,85.0,346
2025-01-09,H.U. Río Hortega,Valladolid,JUEVES,1,2025,346,9.8,12.4,7.5,9.3,14.8,0.0,92.0,323
2025-01-10,H.U. Río Hortega,Valladolid,VIERNES,1,2025,323,11.1,14.5,9.2,7.8,13.0,0.76,89.0,278
2025-01-11,H.U. Río Hortega,Valladolid,SÁBADO,1,2025,278,11.9,15.7,7.2,8.9,13.0,0.0,85.0,261
2025-01-12,H.U. Río Hortega,Valladolid,DOMINGO,1,2025,261,5.9,11.5,2.5,3.1,7.6,0.0,80.0,244
2025-01-13,H.U. Río Hortega,Valladolid,LUNES,1,2025,244,2.6,9.6,-2.6,4.8,7.6,0.0,47.0,275
2025-01-14,H.U. Río Hortega,Valladolid,MARTES,1,2025,275,1.1,9.2,-4.0,3.1,5.4,0.0,47.0,270
2025-01-15,H.U. Río Hortega,Valladolid,MIÉRCOLES,1,2025,270,1.3,10.1,-6.1,3.0,5.4,0.0,48.0,266
2025-01-16,H.U. Río Hortega,Valladolid,JUEVES,1,2025,266,5.1,11.2,1.1,4.6,13.0,0.0,60.0,269
2025-01-17,H.U. Río Hortega,Valladolid,VIERNES,1,2025,269,3.3,10.2,-1.5,4.3,9.4,0.0,73.0,261
2025-01-18,H.U. Río Hortega,Valladolid,SÁBADO,1,2025,261,1.4,9.7,-3.5,2.6,5.4,0.0,77.0,228
2025-01-19,H.U. Río Hortega,Valladolid,DOMINGO,1,2025,228,2.1,9.2,-4.5,2.8,7.6,0.0,78.0,221
2025-01-20,H.U. Río Hortega,Valladolid,LUNES,1,2025,221,5.9,7.8,3.7,3.9,7.6,7.37,99.0,327
2025-01-21,H.U. Río Hortega,Valladolid,MARTES,1,2025,327,8.2,10.3,5.7,3.5,5.4,4.32,0.0,277
2025-01-22,H.U. Río Hortega,Valladolid,MIÉRCOLES,1,2025,277,9.0,11.5,7.5,4.3,11.1,15.24,98.0,257
2025-01-23,H.U. Río Hortega,Valladolid,JUEVES,1,2025,257,9.1,10.6,7.7,3.3,7.6,20.83,97.0,289
2025-01-24,H.U. Río Hortega,Valladolid,VIERNES,1,2025,289,9.8,12.6,7.8,6.5,9.4,0.0,90.0,310
2025-01-25,H.U. Río Hortega,Valladolid,SÁBADO,1,2025,310,8.3,11.4,4.9,10.0,16.5,2.54,84.0,244
2025-01-26,H.U. Río Hortega,Valladolid,DOMINGO,1,2025,244,8.6,13.1,3.2,10.9,18.3,2.29,84.0,316
2025-01-27,H.U. Río Hortega,Valladolid,LUNES,1,2025,316,8.8,13.0,3.1,16.9,29.4,6.1,86.0,283
2025-01-28,H.U. Río Hortega,Valladolid,MARTES,1,2025,283,5.1,9.5,2.1,14.1,22.2,9.91,84.0,295
2025-01-29,H.U. Río Hortega,Valladolid,MIÉRCOLES,1,2025,295,6.1,8.5,4.3,10.9,20.6,0.0,82.0,264
2025-01-30,H.U. Río Hortega,Valladolid,JUEVES,1,2025,264,4.8,8.9,2.3,11.9,18.3,1.52,75.0,268
2025-01-31,H.U. Río Hortega,Valladolid,VIERNES,1,2025,268,3.6,9.5,-0.9,3.5,5.4,0.0,77.0,258
2025-02-01,H.U. Río Hortega,Valladolid,SÁBADO,2,2025,258,4.2,11.7,-0.7,4.1,9.4,0.0,80.0,256
2025-02-02,H.U. Río Hortega,Valladolid,DOMINGO,2,2025,256,1.6,5.1,-1.4,3.7,9.4,0.0,96.0,259
2025-02-03,H.U. Río Hortega,Valladolid,LUNES,2,2025,259,3.5,9.1,-0.1,3.9,7.6,6.6,91.0,282
2025-02-04,H.U. Río Hortega,Valladolid,MARTES,2,2025,282,1.5,3.7,-0.7,2.6,5.4,0.0,99.0,268
2025-02-05,H.U. Río Hortega,Valladolid,MIÉRCOLES,2,2025,268,2.3,8.3,-1.0,3.3,7.6,0.0,95.0,260
2025-02-06,H.U. Río Hortega,Valladolid,JUEVES,2,2025,260,-0.1,1.4,-1.3,3.1,5.4,0.0,99.0,278
2025-02-07,H.U. Río Hortega,Valladolid,VIERNES,2,2025,278,4.1,10.2,-0.5,6.5,13.0,7.11,95.0,241
2025-02-08,H.U. Río Hortega,Valladolid,SÁBADO,2,2025,241,4.4,9.5,-0.9,3.7,5.4,0.25,79.0,237
2025-02-09,H.U. Río Hortega,Valladolid,DOMINGO,2,2025,237,9.0,13.5,5.6,5.2,7.6,0.0,87.0,263
2025-02-10,H.U. Río Hortega,Valladolid,LUNES,2,2025,263,9.3,12.6,7.1,2.6,5.4,1.52,95.0,281
2025-02-11,H.U. Río Hortega,Valladolid,MARTES,2,2025,281,9.0,13.8,5.9,3.9,9.4,3.81,83.0,281
2025-02-12,H.U. Río Hortega,Valladolid,MIÉRCOLES,2,2025,281,8.1,12.1,5.0,6.1,13.0,0.0,81.0,263
2025-02-13,H.U. Río Hortega,Valladolid,JUEVES,2,2025,263,7.8,11.5,4.0,4.4,7.6,0.0,90.0,281
2025-02-14,H.U. Río Hortega,Valladolid,VIERNES,2,2025,281,8.6,14.8,4.8,2.4,3.5,0.0,85.0,277
2025-02-15,H.U. Río Hortega,Valladolid,SÁBADO,2,2025,277,8.6,15.9,2.8,2.8,7.6,0.0,77.0,241
2025-02-16,H.U. Río Hortega,Valladolid,DOMINGO,2,2025,241,9.3,17.5,3.4,4.4,13.0,0.0,76.0,241
2025-02-17,H.U. Río Hortega,Valladolid,LUNES,2,2025,241,8.4,13.2,4.4,3.0,5.4,0.25,87.0,299
2025-02-18,H.U. Río Hortega,Valladolid,MARTES,2,2025,299,9.1,15.9,3.6,3.9,13.0,0.0,78.0,306
2025-02-19,H.U. Río Hortega,Valladolid,MIÉRCOLES,2,2025,306,10.0,17.2,4.4,3.1,5.4,0.0,78.0,267
2025-02-20,H.U. Río Hortega,Valladolid,JUEVES,2,2025,267,9.7,16.0,5.9,4.8,9.4,0.0,85.0,275
2025-02-21,H.U. Río Hortega,Valladolid,VIERNES,2,2025,275,10.2,14.8,7.1,6.3,20.6,0.0,84.0,277
2025-02-22,H.U. Río Hortega,Valladolid,SÁBADO,2,2025,277,8.2,12.4,5.4,5.7,11.1,10.16,81.0,240
2025-02-23,H.U. Río Hortega,Valladolid,DOMINGO,2,2025,240,6.5,13.6,1.7,3.9,7.6,0.0,83.0,257
2025-02-24,H.U. Río Hortega,Valladolid,LUNES,2,2025,257,9.3,15.2,4.3,7.0,11.1,0.0,70.0,273
2025-02-25,H.U. Río Hortega,Valladolid,MARTES,2,2025,273,8.9,11.3,4.0,8.3,13.0,0.25,73.0,304
2025-02-26,H.U. Río Hortega,Valladolid,MIÉRCOLES,2,2025,304,5.9,12.7,-0.1,3.3,7.6,0.0,69.0,264
2025-02-27,H.U. Río Hortega,Valladolid,JUEVES,2,2025,264,7.1,11.5,3.2,2.6,3.5,0.0,75.0,233
2025-02-28,H.U. Río Hortega,Valladolid,VIERNES,2,2025,233,7.2,10.6,5.9,3.9,7.6,1.02,79.0,299
2025-03-01,H.U. Río Hortega,Valladolid,SÁBADO,3,2025,299,5.2,7.9,3.0,8.0,13.0,0.25,71.0,230
2025-03-02,H.U. Río Hortega,Valladolid,DOMINGO,3,2025,230,3.3,6.3,1.2,8.0,16.5,0.51,83.0,216
2025-03-03,H.U. Río Hortega,Valladolid,LUNES,3,2025,216,7.8,11.9,4.2,10.2,18.3,0.51,80.0,286
2025-03-04,H.U. Río Hortega,Valladolid,MARTES,3,2025,286,9.6,13.8,6.8,6.5,14.8,0.76,83.0,254
2025-03-05,H.U. Río Hortega,Valladolid,MIÉRCOLES,3,2025,254,9.9,14.4,6.9,8.5,14.8,2.29,81.0,252
2025-03-06,H.U. Río Hortega,Valladolid,JUEVES,3,2025,252,11.0,16.2,8.2,8.7,13.0,0.0,75.0,267
2025-03-07,H.U. Río Hortega,Valladolid,VIERNES,3,2025,267,9.8,13.8,5.4,7.2,11.1,0.25,82.0,290
2025-03-08,H.U. Río Hortega,Valladolid,SÁBADO,3,2025,290,8.7,12.7,4.9,10.2,20.6,1.02,76.0,249
2025-03-09,H.U. Río Hortega,Valladolid,DOMINGO,3,2025,249,6.6,12.5,1.7,5.6,11.1,2.54,76.0,267
2025-03-10,H.U. Río Hortega,Valladolid,LUNES,3,2025,267,7.3,12.9,2.0,5.2,13.0,0.0,79.0,266
2025-03-11,H.U. Río Hortega,Valladolid,MARTES,3,2025,266,7.6,11.2,5.8,3.7,9.4,6.35,91.0,303
2025-03-12,H.U. Río Hortega,Valladolid,MIÉRCOLES,3,2025,303,7.8,13.0,3.1,7.0,13.0,4.57,78.0,289
2025-03-13,H.U. Río Hortega,Valladolid,JUEVES,3,2025,289,6.2,9.0,1.8,5.9,11.1,0.0,77.0,239
2025-03-14,H.U. Río Hortega,Valladolid,VIERNES,3,2025,239,3.8,8.4,-0.5,5.4,13.0,0.0,67.0,266
2025-03-15,H.U. Río Hortega,Valladolid,SÁBADO,3,2025,266,3.9,9.0,-0.7,3.5,7.6,0.0,71.0,204
2025-03-16,H.U. Río Hortega,Valladolid,DOMINGO,3,2025,204,4.1,8.5,0.6,4.1,7.6,1.02,67.0,263
2025-03-17,H.U. Río Hortega,Valladolid,LUNES,3,2025,263,5.6,12.3,-0.8,5.7,11.1,0.0,74.0,284
2025-03-18,H.U. Río Hortega,Valladolid,MARTES,3,2025,284,8.2,11.1,6.3,4.4,7.6,3.81,93.0,260
2025-03-19,H.U. Río Hortega,Valladolid,MIÉRCOLES,3,2025,260,10.9,14.8,6.3,7.0,16.5,4.57,71.0,247
2025-03-20,H.U. Río Hortega,Valladolid,JUEVES,3,2025,247,11.6,13.9,7.6,9.8,14.8,0.0,70.0,273
2025-03-21,H.U. Río Hortega,Valladolid,VIERNES,3,2025,273,8.7,11.7,5.5,8.9,14.8,4.32,87.0,258
2025-03-22,H.U. Río Hortega,Valladolid,SÁBADO,3,2025,258,6.2,12.3,3.6,8.7,14.8,14.99,91.0,252
2025-03-23,H.U. Río Hortega,Valladolid,DOMINGO,3,2025,252,6.0,11.3,0.7,8.0,11.1,28.7,77.0,267
2025-03-24,H.U. Río Hortega,Valladolid,LUNES,3,2025,267,7.4,13.4,3.9,6.9,13.0,5.08,86.0,253
2025-03-25,H.U. Río Hortega,Valladolid,MARTES,3,2025,253,8.9,13.5,4.7,3.7,7.6,3.56,77.0,281
2025-03-26,H.U. Río Hortega,Valladolid,MIÉRCOLES,3,2025,281,8.4,13.7,5.1,3.3,9.4,0.0,75.0,264
2025-03-27,H.U. Río Hortega,Valladolid,JUEVES,3,2025,264,7.2,12.2,3.0,3.7,9.4,0.0,77.0,293
2025-03-28,H.U. Río Hortega,Valladolid,VIERNES,3,2025,293,9.0,15.2,2.8,3.3,5.4,0.0,70.0,268
2025-03-29,H.U. Río Hortega,Valladolid,SÁBADO,3,2025,268,8.1,14.6,2.2,4.8,11.1,0.0,68.0,234
2025-03-30,H.U. Río Hortega,Valladolid,DOMINGO,3,2025,234,9.4,17.5,1.6,5.2,9.4,0.0,56.0,264
2025-03-31,H.U. Río Hortega,Valladolid,LUNES,3,2025,264,13.3,23.5,3.9,3.9,7.6,0.0,50.0,321
2025-04-01,H.U. Río Hortega,Valladolid,MARTES,4,2025,321,14.5,23.5,6.2,4.3,11.1,0.0,57.0,281
2025-04-02,H.U. Río Hortega,Valladolid,MIÉRCOLES,4,2025,281,13.3,20.0,7.1,6.3,14.8,0.0,71.0,254
2025-04-03,H.U. Río Hortega,Valladolid,JUEVES,4,2025,254,11.1,15.7,8.5,7.0,13.0,3.81,75.0,318
2025-04-04,H.U. Río Hortega,Valladolid,VIERNES,4,2025,318,11.7,15.1,8.9,9.3,18.3,6.1,77.0,285
2025-04-05,H.U. Río Hortega,Valladolid,SÁBADO,4,2025,285,11.3,15.4,8.6,5.4,9.4,1.02,77.0,257
2025-04-06,H.U. Río Hortega,Valladolid,DOMINGO,4,2025,257,11.6,18.8,4.8,3.0,7.6,0.25,69.0,290
2025-04-07,H.U. Río Hortega,Valladolid,LUNES,4,2025,290,13.7,21.0,6.4,3.3,5.4,0.0,63.0,290
2025-04-08,H.U. Río Hortega,Valladolid,MARTES,4,2025,290,15.7,24.3,6.9,3.9,7.6,0.0,57.0,309
2025-04-09,H.U. Río Hortega,Valladolid,MIÉRCOLES,4,2025,309,16.2,24.4,8.2,3.3,7.6,0.0,56.0,275
2025-04-10,H.U. Río Hortega,Valladolid,JUEVES,4,2025,275,17.3,23.8,9.5,4.6,7.6,0.0,55.0,292
2025-04-11,H.U. Río Hortega,Valladolid,VIERNES,4,2025,292,13.2,18.9,9.2,4.3,11.1,0.0,76.0,295
2025-04-12,H.U. Río Hortega,Valladolid,SÁBADO,4,2025,295,13.4,18.2,9.8,5.7,9.4,8.89,84.0,267
2025-04-13,H.U. Río Hortega,Valladolid,DOMINGO,4,2025,267,13.5,19.9,9.6,5.6,7.6,1.27,78.0,246
2025-04-14,H.U. Río Hortega,Valladolid,LUNES,4,2025,246,11.3,16.1,8.4,8.9,14.8,0.0,74.0,292
2025-04-15,H.U. Río Hortega,Valladolid,MARTES,4,2025,292,7.1,11.7,2.8,9.4,14.8,0.0,73.0,281
2025-04-16,H.U. Río Hortega,Valladolid,MIÉRCOLES,4,2025,281,5.4,12.1,1.2,8.3,16.5,0.0,81.0,254
2025-04-17,H.U. Río Hortega,Valladolid,JUEVES,4,2025,254,9.8,16.0,2.6,7.2,13.0,3.05,73.0,208
2025-04-18,H.U. Río Hortega,Valladolid,VIERNES,4,2025,208,11.8,16.8,8.9,8.0,20.6,0.0,83.0,225
2025-04-19,H.U. Río Hortega,Valladolid,SÁBADO,4,2025,225,7.6,12.5,3.2,14.4,22.2,7.11,78.0,234
2025-04-20,H.U. Río Hortega,Valladolid,DOMINGO,4,2025,234,9.8,16.7,2.8,8.0,13.0,7.11,75.0,245
2025-04-21,H.U. Río Hortega,Valladolid,LUNES,4,2025,245,10.7,15.8,6.5,6.3,11.1,0.0,81.0,281
2025-04-22,H.U. Río Hortega,Valladolid,MARTES,4,2025,281,11.7,17.0,7.2,3.9,7.6,2.79,72.0,283
2025-04-23,H.U. Río Hortega,Valladolid,MIÉRCOLES,4,2025,283,13.5,21.0,5.6,3.7,7.6,0.0,67.0,243
2025-04-24,H.U. Río Hortega,Valladolid,JUEVES,4,2025,243,15.8,24.0,7.4,3.3,5.4,0.0,61.0,270
2025-04-25,H.U. Río Hortega,Valladolid,VIERNES,4,2025,270,16.7,25.0,8.5,6.7,16.5,0.0,62.0,295
2025-04-26,H.U. Río Hortega,Valladolid,SÁBADO,4,2025,295,12.8,18.4,7.8,7.4,14.8,0.0,61.0,247
2025-04-27,H.U. Río Hortega,Valladolid,DOMINGO,4,2025,247,11.6,18.6,4.1,4.1,7.6,0.0,67.0,237
2025-04-28,H.U. Río Hortega,Valladolid,LUNES,4,2025,237,15.0,23.9,5.3,4.1,7.6,0.0,56.0,244
2025-04-29,H.U. Río Hortega,Valladolid,MARTES,4,2025,244,17.1,24.4,8.4,5.7,11.1,0.0,51.0,256
2025-04-30,H.U. Río Hortega,Valladolid,MIÉRCOLES,4,2025,256,14.8,21.0,9.0,5.4,16.5,0.0,67.0,278
2025-05-01,H.U. Río Hortega,Valladolid,JUEVES,5,2025,278,14.4,21.6,8.8,5.9,13.0,8.13,70.0,256
2025-05-02,H.U. Río Hortega,Valladolid,VIERNES,5,2025,256,13.6,17.8,9.9,7.6,13.0,6.1,79.0,242
2025-05-03,H.U. Río Hortega,Valladolid,SÁBADO,5,2025,242,14.6,20.3,11.2,5.0,11.1,14.48,73.0,229
2025-05-04,H.U. Río Hortega,Valladolid,DOMINGO,5,2025,229,12.6,16.4,10.1,5.4,11.1,1.02,81.0,266
2025-05-05,H.U. Río Hortega,Valladolid,LUNES,5,2025,266,12.6,17.2,8.4,5.7,11.1,0.51,76.0,297
2025-05-06,H.U. Río Hortega,Valladolid,MARTES,5,2025,297,9.1,13.0,5.1,5.7,14.8,1.02,63.0,279
2025-05-07,H.U. Río Hortega,Valladolid,MIÉRCOLES,5,2025,279,11.0,18.9,3.2,4.8,7.6,0.0,62.0,260
2025-05-08,H.U. Río Hortega,Valladolid,JUEVES,5,2025,260,13.1,21.0,6.3,5.0,14.8,0.0,60.0,288
2025-05-09,H.U. Río Hortega,Valladolid,VIERNES,5,2025,288,12.3,17.9,8.5,5.4,13.0,3.81,79.0,269
2025-05-10,H.U. Río Hortega,Valladolid,SÁBADO,5,2025,269,10.6,15.4,7.5,6.1,14.8,1.02,82.0,211
2025-05-11,H.U. Río Hortega,Valladolid,DOMINGO,5,2025,211,10.8,16.4,7.2,9.1,13.0,8.89,74.0,253
2025-05-12,H.U. Río Hortega,Valladolid,LUNES,5,2025,253,10.9,16.0,6.6,8.1,13.0,0.0,80.0,279
2025-05-13,H.U. Río Hortega,Valladolid,MARTES,5,2025,279,13.3,19.0,9.6,5.7,11.1,2.54,72.0,255
2025-05-14,H.U. Río Hortega,Valladolid,MIÉRCOLES,5,2025,255,13.5,20.1,8.7,4.6,9.4,0.51,76.0,277
2025-05-15,H.U. Río Hortega,Valladolid,JUEVES,5,2025,277,13.2,18.3,9.4,5.2,9.4,8.38,79.0,295
2025-05-16,H.U. Río Hortega,Valladolid,VIERNES,5,2025,295,14.6,21.9,7.1,3.9,7.6,0.25,57.0,266
2025-05-17,H.U. Río Hortega,Valladolid,SÁBADO,5,2025,266,15.9,23.7,7.5,3.7,5.4,0.0,55.0,194
2025-05-18,H.U. Río Hortega,Valladolid,DOMINGO,5,2025,194,18.8,27.2,9.9,6.7,14.8,0.0,49.0,251
2025-05-19,H.U. Río Hortega,Valladolid,LUNES,5,2025,251,14.9,20.2,9.9,8.3,14.8,0.0,64.0,310
2025-05-20,H.U. Río Hortega,Valladolid,MARTES,5,2025,310,16.2,22.7,8.9,3.9,9.4,0.0,57.0,273
2025-05-21,H.U. Río Hortega,Valladolid,MIÉRCOLES,5,2025,273,17.2,25.4,9.0,5.7,11.1,0.0,60.0,283
2025-05-22,H.U. Río Hortega,Valladolid,JUEVES,5,2025,283,13.8,19.1,7.8,5.7,11.1,0.0,61.0,275
2025-05-23,H.U. Río Hortega,Valladolid,VIERNES,5,2025,275,14.3,22.0,6.3,6.1,9.4,0.0,56.0,241
2025-05-24,H.U. Río Hortega,Valladolid,SÁBADO,5,2025,241,16.7,24.6,7.3,4.1,7.6,0.0,50.0,221
2025-05-25,H.U. Río Hortega,Valladolid,DOMINGO,5,2025,221,12.8,14.7,11.2,3.3,5.4,0.0,72.0,228
2025-05-26,H.U. Río Hortega,Valladolid,LUNES,5,2025,228,17.9,25.4,10.6,4.4,7.6,0.0,59.0,335
2025-05-27,H.U. Río Hortega,Valladolid,MARTES,5,2025,335,19.7,28.8,10.1,3.9,7.6,0.0,52.0,285
2025-05-28,H.U. Río Hortega,Valladolid,MIÉRCOLES,5,2025,285,19.1,31.1,12.0,3.0,3.5,0.0,52.0,260
2025-05-29,H.U. Río Hortega,Valladolid,JUEVES,5,2025,260,23.8,33.0,13.5,3.1,5.4,0.0,43.0,253
2025-05-30,H.U. Río Hortega,Valladolid,VIERNES,5,2025,253,22.1,32.6,17.1,4.4,9.4,0.0,57.0,287
2025-05-31,H.U. Río Hortega,Valladolid,SÁBADO,5,2025,287,21.4,32.5,13.5,3.9,7.6,13.46,64.0,352
2025-06-01,H.U. Río Hortega,Valladolid,DOMINGO,6,2025,352,23.3,30.7,19.0,5.4,11.1,0.0,57.0,297
2025-06-02,H.U. Río Hortega,Valladolid,LUNES,6,2025,297,19.3,24.5,13.5,5.0,5.4,0.0,73.0,333
2025-06-03,H.U. Río Hortega,Valladolid,MARTES,6,2025,333,16.3,23.7,13.1,5.9,14.8,1.02,85.0,254
2025-06-04,H.U. Río Hortega,Valladolid,MIÉRCOLES,6,2025,254,15.8,22.6,11.1,6.7,14.8,26.42,76.0,284
2025-06-05,H.U. Río Hortega,Valladolid,JUEVES,6,2025,284,18.1,26.4,10.8,5.7,9.4,0.25,57.0,296
2025-06-06,H.U. Río Hortega,Valladolid,VIERNES,6,2025,296,19.2,26.7,12.1,5.7,11.1,0.0,60.0,265
2025-06-07,H.U. Río Hortega,Valladolid,SÁBADO,6,2025,265,20.3,28.3,12.9,6.3,11.1,0.0,51.0,251
2025-06-08,H.U. Río Hortega,Valladolid,DOMINGO,6,2025,251,18.3,28.4,11.7,4.1,5.4,0.0,64.0,248
2025-06-09,H.U. Río Hortega,Valladolid,LUNES,6,2025,248,22.6,33.1,13.0,4.1,7.6,0.0,53.0,315
2025-06-10,H.U. Río Hortega,Valladolid,MARTES,6,2025,315,25.1,34.1,16.8,5.2,11.1,0.0,46.0,282
2025-06-11,H.U. Río Hortega,Valladolid,MIÉRCOLES,6,2025,282,22.7,27.2,19.1,6.5,14.8,0.51,60.0,262
2025-06-12,H.U. Río Hortega,Valladolid,JUEVES,6,2025,262,20.3,26.6,13.7,5.4,9.4,1.27,54.0,303
2025-06-13,H.U. Río Hortega,Valladolid,VIERNES,6,2025,303,22.1,30.5,13.6,4.8,11.1,0.0,50.0,285
2025-06-14,H.U. Río Hortega,Valladolid,SÁBADO,6,2025,285,22.2,29.7,14.8,5.4,13.0,0.0,53.0,249
2025-06-15,H.U. Río Hortega,Valladolid,DOMINGO,6,2025,249,19.7,27.5,14.6,5.9,9.4,0.0,67.0,287
2025-06-16,H.U. Río Hortega,Valladolid,LUNES,6,2025,287,22.6,33.7,12.5,4.8,7.6,0.0,53.0,269
2025-06-17,H.U. Río Hortega,Valladolid,MARTES,6,2025,269,26.4,36.1,17.0,3.9,7.6,0.0,46.0,256
2025-06-18,H.U. Río Hortega,Valladolid,MIÉRCOLES,6,2025,256,28.0,37.0,18.1,5.9,16.5,0.0,39.0,248
2025-06-19,H.U. Río Hortega,Valladolid,JUEVES,6,2025,248,25.3,30.4,19.3,5.7,14.8,0.0,40.0,289
2025-06-20,H.U. Río Hortega,Valladolid,VIERNES,6,2025,289,26.3,35.7,18.0,4.6,13.0,0.0,41.0,266
2025-06-21,H.U. Río Hortega,Valladolid,SÁBADO,6,2025,266,27.9,37.2,19.3,6.3,14.8,0.0,39.0,246
2025-06-22,H.U. Río Hortega,Valladolid,DOMINGO,6,2025,246,27.2,35.7,19.4,6.3,13.0,0.0,40.0,265
2025-06-23,H.U. Río Hortega,Valladolid,LUNES,6,2025,265,26.4,34.0,17.5,5.6,16.5,0.0,41.0,297
2025-06-24,H.U. Río Hortega,Valladolid,MARTES,6,2025,297,20.7,27.1,17.1,7.4,16.5,1.52,69.0,318
2025-06-25,H.U. Río Hortega,Valladolid,MIÉRCOLES,6,2025,318,20.8,26.6,15.8,8.3,14.8,6.35,59.0,263
2025-06-26,H.U. Río Hortega,Valladolid,JUEVES,6,2025,263,22.9,30.7,14.4,3.7,5.4,0.0,49.0,258
2025-06-27,H.U. Río Hortega,Valladolid,VIERNES,6,2025,258,26.1,35.1,16.3,4.4,9.4,0.0,39.0,268
2025-06-28,H.U. Río Hortega,Valladolid,SÁBADO,6,2025,268,27.8,36.7,17.6,4.4,11.1,0.0,34.0,212
2025-06-29,H.U. Río Hortega,Valladolid,DOMINGO,6,2025,212,28.2,37.8,19.1,5.4,13.0,0.0,35.0,258
2025-06-30,H.U. Río Hortega,Valladolid,LUNES,6,2025,258,28.7,37.9,19.4,5.9,13.0,0.0,32.0,289
2025-07-01,H.U. Río Hortega,Valladolid,MARTES,7,2025,289,29.2,38.0,19.3,5.2,11.1,0.0,30.0,260
2025-07-02,H.U. Río Hortega,Valladolid,MIÉRCOLES,7,2025,260,28.1,37.1,19.8,6.1,11.1,0.0,37.0,294
2025-07-03,H.U. Río Hortega,Valladolid,JUEVES,7,2025,294,23.4,34.3,16.7,5.6,11.1,0.0,60.0,270
2025-07-04,H.U. Río Hortega,Valladolid,VIERNES,7,2025,270,25.1,34.8,17.3,5.6,11.1,2.29,55.0,244
2025-07-05,H.U. Río Hortega,Valladolid,SÁBADO,7,2025,244,25.0,34.1,16.9,5.2,11.1,2.03,50.0,261
2025-07-06,H.U. Río Hortega,Valladolid,DOMINGO,7,2025,261,24.9,33.1,16.3,6.1,11.1,0.25,45.0,244
2025-07-07,H.U. Río Hortega,Valladolid,LUNES,7,2025,244,22.1,30.2,15.7,6.3,13.0,0.0,52.0,290
2025-07-08,H.U. Río Hortega,Valladolid,MARTES,7,2025,290,21.1,30.2,12.2,5.7,7.6,0.0,42.0,285
2025-07-09,H.U. Río Hortega,Valladolid,MIÉRCOLES,7,2025,285,24.4,35.0,13.0,5.2,7.6,0.0,41.0,278
2025-07-10,H.U. Río Hortega,Valladolid,JUEVES,7,2025,278,27.2,35.7,17.4,5.6,11.1,0.0,33.0,293
2025-07-11,H.U. Río Hortega,Valladolid,VIERNES,7,2025,293,25.1,32.6,18.1,6.5,13.0,0.0,40.0,265
2025-07-12,H.U. Río Hortega,Valladolid,SÁBADO,7,2025,265,22.4,30.6,16.4,5.0,9.4,0.0,56.0,237
2025-07-13,H.U. Río Hortega,Valladolid,DOMINGO,7,2025,237,23.9,31.0,17.3,5.9,13.0,0.51,51.0,254
2025-07-14,H.U. Río Hortega,Valladolid,LUNES,7,2025,254,25.3,33.4,16.5,6.5,11.1,0.0,46.0,290
2025-07-15,H.U. Río Hortega,Valladolid,MARTES,7,2025,290,24.3,33.1,15.4,5.0,7.6,0.0,47.0,272
2025-07-16,H.U. Río Hortega,Valladolid,MIÉRCOLES,7,2025,272,27.7,38.0,16.3,4.8,11.1,0.0,32.0,250
2025-07-17,H.U. Río Hortega,Valladolid,JUEVES,7,2025,250,27.7,36.5,18.0,6.5,14.8,0.0,32.0,258
2025-07-18,H.U. Río Hortega,Valladolid,VIERNES,7,2025,258,23.8,31.1,16.8,7.4,14.8,0.0,47.0,252
2025-07-19,H.U. Río Hortega,Valladolid,SÁBADO,7,2025,252,21.8,28.4,15.7,8.1,14.8,0.0,51.0,248
2025-07-20,H.U. Río Hortega,Valladolid,DOMINGO,7,2025,248,20.3,26.6,15.4,11.3,18.3,0.0,49.0,269
2025-07-21,H.U. Río Hortega,Valladolid,LUNES,7,2025,269,20.2,28.0,11.8,5.6,9.4,0.0,37.0,278
2025-07-22,H.U. Río Hortega,Valladolid,MARTES,7,2025,278,23.1,31.9,12.9,5.6,11.1,0.0,40.0,260
2025-07-23,H.U. Río Hortega,Valladolid,MIÉRCOLES,7,2025,260,22.1,29.5,15.9,5.7,9.4,0.0,51.0,242
2025-07-24,H.U. Río Hortega,Valladolid,JUEVES,7,2025,242,18.4,24.6,12.7,7.4,11.1,0.0,55.0,249
2025-07-25,H.U. Río Hortega,Valladolid,VIERNES,7,2025,249,19.7,27.2,12.1,6.9,9.4,0.0,49.0,235
2025-07-26,H.U. Río Hortega,Valladolid,SÁBADO,7,2025,235,21.7,30.9,12.1,5.6,9.4,0.0,45.0,217
2025-07-27,H.U. Río Hortega,Valladolid,DOMINGO,7,2025,217,23.8,32.6,14.4,5.4,9.4,0.0,40.0,220
2025-07-28,H.U. Río Hortega,Valladolid,LUNES,7,2025,220,20.5,26.7,15.1,7.2,11.1,0.0,55.0,262
2025-07-29,H.U. Río Hortega,Valladolid,MARTES,7,2025,262,21.4,26.9,13.6,7.2,9.4,0.0,47.0,246
2025-07-30,H.U. Río Hortega,Valladolid,MIÉRCOLES,7,2025,246,22.1,30.7,12.5,4.8,7.6,0.0,46.0,264
2025-07-31,H.U. Río Hortega,Valladolid,JUEVES,7,2025,264,22.8,32.4,13.7,5.2,9.4,0.0,45.0,271
2025-08-01,H.U. Río Hortega,Valladolid,VIERNES,8,2025,271,22.6,32.0,13.8,5.7,11.1,0.0,47.0,232
2025-08-02,H.U. Río Hortega,Valladolid,SÁBADO,8,2025,232,23.4,33.3,14.6,6.1,13.0,0.0,46.0,215
2025-08-03,H.U. Río Hortega,Valladolid,DOMINGO,8,2025,215,24.1,34.2,14.7,4.6,7.6,0.0,36.0,227
2025-08-04,H.U. Río Hortega,Valladolid,LUNES,8,2025,227,26.8,37.7,15.9,4.1,9.4,0.0,31.0,281
2025-08-05,H.U. Río Hortega,Valladolid,MARTES,8,2025,281,26.1,34.8,19.6,5.2,7.6,0.0,39.0,242
2025-08-06,H.U. Río Hortega,Valladolid,MIÉRCOLES,8,2025,242,25.5,36.1,15.9,5.7,11.1,0.0,39.0,220
2025-08-07,H.U. Río Hortega,Valladolid,JUEVES,8,2025,220,28.5,38.9,17.9,4.1,9.4,0.0,27.0,264
2025-08-08,H.U. Río Hortega,Valladolid,VIERNES,8,2025,264,28.9,38.0,19.2,4.3,11.1,0.0,27.0,252
2025-08-09,H.U. Río Hortega,Valladolid,SÁBADO,8,2025,252,30.1,38.9,20.6,4.3,9.4,0.0,30.0,224
2025-08-10,H.U. Río Hortega,Valladolid,DOMINGO,8,2025,224,30.4,39.3,20.1,5.7,9.4,0.0,28.0,240
2025-08-11,H.U. Río Hortega,Valladolid,LUNES,8,2025,240,30.8,39.2,21.6,4.8,9.4,0.0,24.0,268
2025-08-12,H.U. Río Hortega,Valladolid,MARTES,8,2025,268,28.1,39.5,21.2,6.3,20.6,0.0,32.0,244
2025-08-13,H.U. Río Hortega,Valladolid,MIÉRCOLES,8,2025,244,28.1,35.4,22.7,5.4,16.5,0.0,33.0,275
2025-08-14,H.U. Río Hortega,Valladolid,JUEVES,8,2025,275,28.3,37.2,18.9,4.4,9.4,0.0,36.0,243
2025-08-15,H.U. Río Hortega,Valladolid,VIERNES,8,2025,243,30.9,39.5,21.9,5.0,9.4,0.0,25.0,276
2025-08-16,H.U. Río Hortega,Valladolid,SÁBADO,8,2025,276,30.3,39.5,20.0,3.7,9.4,0.0,21.0,244
2025-08-17,H.U. Río Hortega,Valladolid,DOMINGO,8,2025,244,30.6,39.7,22.4,5.0,13.0,0.0,25.0,269
2025-08-18,H.U. Río Hortega,Valladolid,LUNES,8,2025,269,25.1,31.2,18.0,4.8,9.4,0.0,35.0,262
2025-08-19,H.U. Río Hortega,Valladolid,MARTES,8,2025,262,20.5,28.2,14.7,5.0,7.6,0.0,55.0,262
2025-08-20,H.U. Río Hortega,Valladolid,MIÉRCOLES,8,2025,262,20.3,27.6,14.3,5.9,13.0,0.0,49.0,308
2025-08-21,H.U. Río Hortega,Valladolid,JUEVES,8,2025,308,19.4,26.8,12.5,5.2,14.8,0.0,53.0,274
2025-08-22,H.U. Río Hortega,Valladolid,VIERNES,8,2025,274,20.4,28.1,13.3,4.8,9.4,0.0,46.0,258
2025-08-23,H.U. Río Hortega,Valladolid,SÁBADO,8,2025,258,22.0,31.7,12.1,3.5,7.6,0.0,41.0,214
2025-08-24,H.U. Río Hortega,Valladolid,DOMINGO,8,2025,214,25.7,34.1,16.0,4.3,11.1,0.0,31.0,232
2025-08-25,H.U. Río Hortega,Valladolid,LUNES,8,2025,232,0.0,0.0,0.0,0.0,0.0,0.0,0.0,272
2025-08-26,H.U. Río Hortega,Valladolid,MARTES,8,2025,272,0.0,0.0,0.0,0.0,0.0,0.0,0.0,252
2025-08-27,H.U. Río Hortega,Valladolid,MIÉRCOLES,8,2025,252,0.0,0.0,0.0,0.0,0.0,0.0,0.0,243
2025-08-28,H.U. Río Hortega,Valladolid,JUEVES,8,2025,243,0.0,0.0,0.0,0.0,0.0,0.0,0.0,254
2025-08-29,H.U. Río Hortega,Valladolid,VIERNES,8,2025,254,0.0,0.0,0.0,0.0,0.0,0.0,0.0,281
2025-08-30,H.U. Río Hortega,Valladolid,SÁBADO,8,2025,281,0.0,0.0,0.0,0.0,0.0,0.0,0.0,223
2025-08-31,H.U. Río Hortega,Valladolid,DOMINGO,8,2025,223,0.0,0.0,0.0,0.0,0.0,0.0,0.0,250
2024-01-01,C.A. Zamora,Zamora,LUNES,1,2024,78,6.3,10.4,3.3,5.6,11.1,1.27,81.0,78
2024-01-02,C.A. Zamora,Zamora,MARTES,1,2024,78,9.9,12.9,6.2,10.4,16.5,0.25,86.0,105
2024-01-03,C.A. Zamora,Zamora,MIÉRCOLES,1,2024,105,10.9,12.5,7.8,7.0,11.1,10.41,90.0,89
2024-01-04,C.A. Zamora,Zamora,JUEVES,1,2024,89,7.8,10.6,6.1,3.1,5.4,0.51,93.0,75
2024-01-05,C.A. Zamora,Zamora,VIERNES,1,2024,75,5.3,8.9,2.2,7.6,11.1,3.3,84.0,79
2024-01-06,C.A. Zamora,Zamora,SÁBADO,1,2024,79,4.2,10.5,1.1,5.7,14.8,0.25,76.0,54
2024-01-07,C.A. Zamora,Zamora,DOMINGO,1,2024,54,2.3,9.3,-1.8,2.6,5.4,0.0,80.0,68
2024-01-08,C.A. Zamora,Zamora,LUNES,1,2024,68,1.4,5.8,-3.6,3.1,7.6,0.0,85.0,68
2024-01-09,C.A. Zamora,Zamora,MARTES,1,2024,68,4.3,6.8,2.8,4.6,7.6,0.51,89.0,69
2024-01-10,C.A. Zamora,Zamora,MIÉRCOLES,1,2024,69,6.1,8.3,3.9,5.2,9.4,0.25,92.0,81
2024-01-11,C.A. Zamora,Zamora,JUEVES,1,2024,81,2.3,5.7,0.3,5.4,9.4,1.78,92.0,67
2024-01-12,C.A. Zamora,Zamora,VIERNES,1,2024,67,0.7,6.0,-3.0,5.0,9.4,0.0,88.0,64
2024-01-13,C.A. Zamora,Zamora,SÁBADO,1,2024,64,2.8,6.4,-0.6,4.8,9.4,0.0,91.0,65
2024-01-14,C.A. Zamora,Zamora,DOMINGO,1,2024,65,7.9,12.1,4.9,5.6,13.0,16.0,98.0,53
2024-01-15,C.A. Zamora,Zamora,LUNES,1,2024,53,12.6,14.4,11.0,5.7,9.4,12.7,95.0,73
2024-01-16,C.A. Zamora,Zamora,MARTES,1,2024,73,12.9,15.5,10.7,6.9,14.8,3.81,85.0,68
2024-01-17,C.A. Zamora,Zamora,MIÉRCOLES,1,2024,68,11.4,14.0,9.9,14.6,20.6,7.62,82.0,60
2024-01-18,C.A. Zamora,Zamora,JUEVES,1,2024,60,10.2,12.0,8.5,10.9,18.3,0.76,82.0,69
2024-01-19,C.A. Zamora,Zamora,VIERNES,1,2024,69,4.4,8.3,-0.6,14.8,29.4,3.81,71.0,67
2024-01-20,C.A. Zamora,Zamora,SÁBADO,1,2024,67,0.1,7.0,-4.7,4.4,13.0,0.25,72.0,62
2024-01-21,C.A. Zamora,Zamora,DOMINGO,1,2024,62,2.2,9.4,-2.9,2.8,5.4,0.0,88.0,48
2024-01-22,C.A. Zamora,Zamora,LUNES,1,2024,48,9.8,13.5,4.3,5.0,13.0,0.0,87.0,73
2024-01-23,C.A. Zamora,Zamora,MARTES,1,2024,73,11.1,12.2,10.1,3.7,7.6,0.0,94.0,80
2024-01-24,C.A. Zamora,Zamora,MIÉRCOLES,1,2024,80,9.4,10.7,8.3,4.4,7.6,0.25,98.0,63
2024-01-25,C.A. Zamora,Zamora,JUEVES,1,2024,63,6.8,9.1,5.2,4.3,5.4,0.51,98.0,70
2024-01-26,C.A. Zamora,Zamora,VIERNES,1,2024,70,5.1,7.8,3.2,5.6,9.4,0.51,99.0,66
2024-01-27,C.A. Zamora,Zamora,SÁBADO,1,2024,66,5.3,10.6,1.3,2.4,5.4,0.0,97.0,62
2024-01-28,C.A. Zamora,Zamora,DOMINGO,1,2024,62,5.3,8.1,3.1,2.6,5.4,0.0,99.0,54
2024-01-29,C.A. Zamora,Zamora,LUNES,1,2024,54,7.5,13.1,3.8,2.8,5.4,0.0,94.0,77
2024-01-30,C.A. Zamora,Zamora,MARTES,1,2024,77,5.3,8.8,2.6,2.8,5.4,0.0,99.0,64
2024-01-31,C.A. Zamora,Zamora,MIÉRCOLES,1,2024,64,4.5,7.4,2.5,3.1,7.6,0.25,99.0,69
2024-02-01,C.A. Zamora,Zamora,JUEVES,2,2024,69,5.4,13.1,1.0,2.4,5.4,0.0,92.0,88
2024-02-02,C.A. Zamora,Zamora,VIERNES,2,2024,88,6.8,14.3,1.8,6.5,16.5,0.0,86.0,71
2024-02-03,C.A. Zamora,Zamora,SÁBADO,2,2024,71,6.3,13.1,1.1,3.1,5.4,0.0,86.0,58
2024-02-04,C.A. Zamora,Zamora,DOMINGO,2,2024,58,6.6,15.6,0.2,1.5,5.4,0.0,83.0,53
2024-02-05,C.A. Zamora,Zamora,LUNES,2,2024,53,6.6,13.6,2.0,2.2,3.5,0.0,87.0,84
2024-02-06,C.A. Zamora,Zamora,MARTES,2,2024,84,8.9,16.5,3.9,4.1,9.4,0.0,72.0,66
2024-02-07,C.A. Zamora,Zamora,MIÉRCOLES,2,2024,66,9.7,14.0,6.1,7.0,14.8,0.0,84.0,73
2024-02-08,C.A. Zamora,Zamora,JUEVES,2,2024,73,10.9,12.5,9.5,12.2,22.2,0.0,69.0,82
2024-02-09,C.A. Zamora,Zamora,VIERNES,2,2024,82,9.9,11.9,7.9,7.2,13.0,1.27,89.0,57
2024-02-10,C.A. Zamora,Zamora,SÁBADO,2,2024,57,6.3,9.5,4.0,10.4,16.5,9.65,75.0,66
2024-02-11,C.A. Zamora,Zamora,DOMINGO,2,2024,66,6.7,9.8,3.8,7.2,13.0,0.25,83.0,42
2024-02-12,C.A. Zamora,Zamora,LUNES,2,2024,42,12.0,16.6,7.1,9.6,14.8,2.54,73.0,85
2024-02-13,C.A. Zamora,Zamora,MARTES,2,2024,85,12.5,18.5,9.8,5.7,9.4,0.0,86.0,75
2024-02-14,C.A. Zamora,Zamora,MIÉRCOLES,2,2024,75,12.9,16.8,9.3,5.2,9.4,0.0,89.0,66
2024-02-15,C.A. Zamora,Zamora,JUEVES,2,2024,66,11.0,18.1,8.6,6.3,13.0,0.0,89.0,72
2024-02-16,C.A. Zamora,Zamora,VIERNES,2,2024,72,11.2,15.4,7.0,3.7,9.4,0.0,73.0,74
2024-02-17,C.A. Zamora,Zamora,SÁBADO,2,2024,74,8.2,15.8,2.3,3.3,9.4,0.0,79.0,60
2024-02-18,C.A. Zamora,Zamora,DOMINGO,2,2024,60,8.9,17.5,2.8,2.8,5.4,0.0,76.0,59
2024-02-19,C.A. Zamora,Zamora,LUNES,2,2024,59,10.4,18.3,5.5,4.8,9.4,0.0,78.0,76
2024-02-20,C.A. Zamora,Zamora,MARTES,2,2024,76,7.8,16.2,0.5,3.1,7.6,0.0,72.0,71
2024-02-21,C.A. Zamora,Zamora,MIÉRCOLES,2,2024,71,8.8,15.2,1.7,6.1,13.0,0.0,75.0,61
2024-02-22,C.A. Zamora,Zamora,JUEVES,2,2024,61,9.9,13.9,4.5,12.2,18.3,0.0,80.0,69
2024-02-23,C.A. Zamora,Zamora,VIERNES,2,2024,69,5.4,8.6,3.2,12.0,18.3,1.02,76.0,62
2024-02-24,C.A. Zamora,Zamora,SÁBADO,2,2024,62,6.4,10.7,2.8,12.6,18.3,0.76,72.0,63
2024-02-25,C.A. Zamora,Zamora,DOMINGO,2,2024,63,10.1,13.2,6.9,15.0,22.2,0.51,84.0,37
2024-02-26,C.A. Zamora,Zamora,LUNES,2,2024,37,6.9,11.4,3.8,11.3,33.5,3.05,67.0,88
2024-02-27,C.A. Zamora,Zamora,MARTES,2,2024,88,5.6,11.7,1.2,8.5,25.9,0.0,58.0,69
2024-02-28,C.A. Zamora,Zamora,MIÉRCOLES,2,2024,69,5.9,14.3,-1.5,4.3,9.4,0.0,69.0,74
2024-02-29,C.A. Zamora,Zamora,JUEVES,2,2024,74,6.6,13.4,2.2,6.7,14.8,0.0,70.0,82
2024-03-01,C.A. Zamora,Zamora,VIERNES,3,2024,82,6.0,10.8,1.6,10.4,16.5,0.0,77.0,84
2024-03-02,C.A. Zamora,Zamora,SÁBADO,3,2024,84,5.7,8.2,2.0,12.0,20.6,0.25,86.0,46
2024-03-03,C.A. Zamora,Zamora,DOMINGO,3,2024,46,5.4,10.1,1.2,9.6,13.0,11.68,77.0,57
2024-03-04,C.A. Zamora,Zamora,LUNES,3,2024,57,9.1,13.2,6.7,10.4,16.5,0.0,74.0,71
2024-03-05,C.A. Zamora,Zamora,MARTES,3,2024,71,8.0,13.2,4.3,6.1,9.4,0.51,67.0,63
2024-03-06,C.A. Zamora,Zamora,MIÉRCOLES,3,2024,63,7.0,15.6,-0.3,4.1,11.1,0.0,67.0,65
2024-03-07,C.A. Zamora,Zamora,JUEVES,3,2024,65,6.5,10.9,3.8,6.5,11.1,0.0,79.0,85
2024-03-08,C.A. Zamora,Zamora,VIERNES,3,2024,85,6.3,10.9,1.4,11.7,22.2,3.05,81.0,76
2024-03-09,C.A. Zamora,Zamora,SÁBADO,3,2024,76,5.7,9.1,3.7,11.7,16.5,10.92,76.0,65
2024-03-10,C.A. Zamora,Zamora,DOMINGO,3,2024,65,8.2,13.4,5.1,11.9,18.3,1.27,73.0,67
2024-03-11,C.A. Zamora,Zamora,LUNES,3,2024,67,8.1,14.1,4.8,9.3,13.0,0.0,72.0,87
2024-03-12,C.A. Zamora,Zamora,MARTES,3,2024,87,0.0,0.0,0.0,0.0,0.0,0.0,0.0,81
2024-03-13,C.A. Zamora,Zamora,MIÉRCOLES,3,2024,81,0.0,0.0,0.0,0.0,0.0,0.0,0.0,78
2024-03-14,C.A. Zamora,Zamora,JUEVES,3,2024,78,13.8,16.6,7.8,7.4,11.1,0.0,65.0,78
2024-03-15,C.A. Zamora,Zamora,VIERNES,3,2024,78,13.6,18.6,10.4,5.6,9.4,0.25,74.0,60
2024-03-16,C.A. Zamora,Zamora,SÁBADO,3,2024,60,12.6,19.0,6.2,4.3,7.6,0.0,75.0,72
2024-03-17,C.A. Zamora,Zamora,DOMINGO,3,2024,72,14.4,21.0,8.2,3.1,5.4,0.0,72.0,69
2024-03-18,C.A. Zamora,Zamora,LUNES,3,2024,69,14.9,23.2,7.3,3.9,9.4,0.0,68.0,98
2024-03-19,C.A. Zamora,Zamora,MARTES,3,2024,98,15.0,23.0,7.4,3.3,9.4,0.0,69.0,81
2024-03-20,C.A. Zamora,Zamora,MIÉRCOLES,3,2024,81,14.7,21.4,8.1,3.5,7.6,0.0,74.0,84
2024-03-21,C.A. Zamora,Zamora,JUEVES,3,2024,84,15.3,22.6,10.8,12.0,20.6,11.94,74.0,65
2024-03-22,C.A. Zamora,Zamora,VIERNES,3,2024,65,15.3,23.7,8.2,6.1,9.4,0.0,74.0,63
2024-03-23,C.A. Zamora,Zamora,SÁBADO,3,2024,63,13.9,19.5,9.4,12.6,22.2,0.0,68.0,62
2024-03-24,C.A. Zamora,Zamora,DOMINGO,3,2024,62,10.7,18.9,3.8,10.9,18.3,0.0,61.0,60
2024-03-25,C.A. Zamora,Zamora,LUNES,3,2024,60,9.6,17.1,5.7,8.5,14.8,0.0,65.0,79
2024-03-26,C.A. Zamora,Zamora,MARTES,3,2024,79,4.4,8.9,3.0,8.7,14.8,0.0,72.0,72
2024-03-27,C.A. Zamora,Zamora,MIÉRCOLES,3,2024,72,9.7,14.1,3.2,17.6,27.8,3.56,69.0,79
2024-03-28,C.A. Zamora,Zamora,JUEVES,3,2024,79,0.0,0.0,0.0,0.0,0.0,0.0,0.0,68
2024-03-29,C.A. Zamora,Zamora,VIERNES,3,2024,68,0.0,0.0,0.0,0.0,0.0,0.0,0.0,70
2024-03-30,C.A. Zamora,Zamora,SÁBADO,3,2024,70,0.0,0.0,0.0,0.0,0.0,0.0,0.0,67
2024-03-31,C.A. Zamora,Zamora,DOMINGO,3,2024,67,0.0,0.0,0.0,0.0,0.0,0.0,0.0,61
2024-04-01,C.A. Zamora,Zamora,LUNES,4,2024,61,7.9,12.1,6.6,5.7,11.1,0.0,69.0,71
2024-04-02,C.A. Zamora,Zamora,MARTES,4,2024,71,7.3,11.0,5.6,5.7,11.1,0.0,83.0,67
2024-04-03,C.A. Zamora,Zamora,MIÉRCOLES,4,2024,67,13.3,18.1,9.2,8.7,13.0,0.25,66.0,70
2024-04-04,C.A. Zamora,Zamora,JUEVES,4,2024,70,14.2,21.4,7.2,6.1,11.1,0.0,62.0,63
2024-04-05,C.A. Zamora,Zamora,VIERNES,4,2024,63,16.9,23.9,8.6,6.1,9.4,0.0,44.0,89
2024-04-06,C.A. Zamora,Zamora,SÁBADO,4,2024,89,15.5,16.6,13.6,5.7,11.1,0.0,54.0,77
2024-04-07,C.A. Zamora,Zamora,DOMINGO,4,2024,77,14.6,19.9,11.3,5.4,9.4,1.52,72.0,60
2024-04-08,C.A. Zamora,Zamora,LUNES,4,2024,60,10.6,14.2,5.1,9.3,20.6,4.57,72.0,76
2024-04-09,C.A. Zamora,Zamora,MARTES,4,2024,76,9.1,16.1,2.3,5.2,11.1,6.1,58.0,102
2024-04-10,C.A. Zamora,Zamora,MIÉRCOLES,4,2024,102,11.7,20.0,3.7,4.6,9.4,0.0,67.0,66
2024-04-11,C.A. Zamora,Zamora,JUEVES,4,2024,66,15.2,24.2,6.5,5.0,9.4,0.0,70.0,57
2024-04-12,C.A. Zamora,Zamora,VIERNES,4,2024,57,18.4,27.5,10.0,3.5,7.6,0.0,61.0,72
2024-04-13,C.A. Zamora,Zamora,SÁBADO,4,2024,72,18.6,28.4,10.1,3.3,7.6,0.0,60.0,72
2024-04-14,C.A. Zamora,Zamora,DOMINGO,4,2024,72,19.8,29.2,11.7,4.1,9.4,0.0,55.0,70
2024-04-15,C.A. Zamora,Zamora,LUNES,4,2024,70,19.1,25.9,12.5,5.6,11.1,0.0,57.0,78
2024-04-16,C.A. Zamora,Zamora,MARTES,4,2024,78,14.5,22.9,6.4,7.0,13.0,0.0,62.0,73
2024-04-17,C.A. Zamora,Zamora,MIÉRCOLES,4,2024,73,11.9,19.5,5.5,9.3,14.8,0.0,63.0,78
2024-04-18,C.A. Zamora,Zamora,JUEVES,4,2024,78,11.9,20.6,3.6,10.0,14.8,0.0,58.0,93
2024-04-19,C.A. Zamora,Zamora,VIERNES,4,2024,93,13.1,23.5,3.5,7.4,13.0,0.0,52.0,89
2024-04-20,C.A. Zamora,Zamora,SÁBADO,4,2024,89,14.4,23.5,6.4,10.2,16.5,0.0,46.0,63
2024-04-21,C.A. Zamora,Zamora,DOMINGO,4,2024,63,12.7,22.0,4.4,11.5,16.5,0.0,47.0,81
2024-04-22,C.A. Zamora,Zamora,LUNES,4,2024,81,9.8,17.2,2.8,12.0,20.6,0.0,46.0,86
2024-04-23,C.A. Zamora,Zamora,MARTES,4,2024,86,9.4,18.5,0.5,7.0,14.8,0.0,50.0,66
2024-04-24,C.A. Zamora,Zamora,MIÉRCOLES,4,2024,66,11.3,19.3,2.4,5.6,9.4,0.0,50.0,92
2024-04-25,C.A. Zamora,Zamora,JUEVES,4,2024,92,11.7,17.6,6.6,6.1,11.1,0.0,56.0,68
2024-04-26,C.A. Zamora,Zamora,VIERNES,4,2024,68,10.7,16.9,7.3,8.0,11.1,0.0,71.0,71
2024-04-27,C.A. Zamora,Zamora,SÁBADO,4,2024,71,8.8,14.0,5.5,8.7,13.0,6.1,73.0,57
2024-04-28,C.A. Zamora,Zamora,DOMINGO,4,2024,57,9.8,16.5,3.7,5.2,13.0,2.03,64.0,55
2024-04-29,C.A. Zamora,Zamora,LUNES,4,2024,55,11.4,19.8,3.9,6.7,9.4,0.25,58.0,75
2024-04-30,C.A. Zamora,Zamora,MARTES,4,2024,75,10.8,15.7,6.7,9.1,14.8,0.0,71.0,68
2024-05-01,C.A. Zamora,Zamora,MIÉRCOLES,5,2024,68,0.0,0.0,0.0,0.0,0.0,0.0,0.0,76
2024-05-02,C.A. Zamora,Zamora,JUEVES,5,2024,76,8.4,13.6,3.5,8.1,14.8,0.0,72.0,62
2024-05-03,C.A. Zamora,Zamora,VIERNES,5,2024,62,11.1,17.1,5.6,7.6,13.0,1.52,71.0,76
2024-05-04,C.A. Zamora,Zamora,SÁBADO,5,2024,76,14.7,20.5,10.8,10.2,20.6,0.0,65.0,64
2024-05-05,C.A. Zamora,Zamora,DOMINGO,5,2024,64,14.2,19.1,11.8,9.3,16.5,0.51,81.0,62
2024-05-06,C.A. Zamora,Zamora,LUNES,5,2024,62,13.7,19.8,7.7,5.2,11.1,5.08,60.0,95
2024-05-07,C.A. Zamora,Zamora,MARTES,5,2024,95,13.4,22.0,5.3,6.5,13.0,0.25,58.0,77
2024-05-08,C.A. Zamora,Zamora,MIÉRCOLES,5,2024,77,13.8,23.4,6.5,7.8,14.8,0.0,56.0,69
2024-05-09,C.A. Zamora,Zamora,JUEVES,5,2024,69,17.0,26.6,6.6,4.1,9.4,0.0,51.0,79
2024-05-10,C.A. Zamora,Zamora,VIERNES,5,2024,79,19.6,28.5,9.4,3.5,7.6,0.0,46.0,84
2024-05-11,C.A. Zamora,Zamora,SÁBADO,5,2024,84,18.6,26.2,13.0,6.1,24.1,0.0,59.0,60
2024-05-12,C.A. Zamora,Zamora,DOMINGO,5,2024,60,18.7,25.4,10.4,5.2,13.0,3.05,53.0,69
2024-05-13,C.A. Zamora,Zamora,LUNES,5,2024,69,16.0,23.1,10.3,9.3,14.8,0.0,68.0,86
2024-05-14,C.A. Zamora,Zamora,MARTES,5,2024,86,11.4,15.4,8.4,9.8,16.5,3.3,71.0,73
2024-05-15,C.A. Zamora,Zamora,MIÉRCOLES,5,2024,73,10.8,16.3,6.1,9.8,14.8,2.03,62.0,73
2024-05-16,C.A. Zamora,Zamora,JUEVES,5,2024,73,11.0,16.5,6.6,8.1,11.1,0.25,66.0,52
2024-05-17,C.A. Zamora,Zamora,VIERNES,5,2024,52,12.5,18.7,9.3,5.7,13.0,11.18,73.0,60
2024-05-18,C.A. Zamora,Zamora,SÁBADO,5,2024,60,12.1,18.4,7.6,6.7,13.0,0.25,72.0,52
2024-05-19,C.A. Zamora,Zamora,DOMINGO,5,2024,52,13.1,19.8,9.1,6.1,9.4,0.76,71.0,64
2024-05-20,C.A. Zamora,Zamora,LUNES,5,2024,64,12.8,20.0,7.8,5.2,18.3,2.29,72.0,73
2024-05-21,C.A. Zamora,Zamora,MARTES,5,2024,73,13.4,19.5,8.4,7.6,11.1,0.51,67.0,70
2024-05-22,C.A. Zamora,Zamora,MIÉRCOLES,5,2024,70,13.6,19.7,8.3,8.7,13.0,0.0,60.0,72
2024-05-23,C.A. Zamora,Zamora,JUEVES,5,2024,72,14.2,22.0,6.8,8.3,13.0,0.0,55.0,85
2024-05-24,C.A. Zamora,Zamora,VIERNES,5,2024,85,21.1,26.0,12.0,5.9,9.4,0.0,35.0,80
2024-05-25,C.A. Zamora,Zamora,SÁBADO,5,2024,80,18.9,26.7,11.8,6.5,11.1,0.0,41.0,79
2024-05-26,C.A. Zamora,Zamora,DOMINGO,5,2024,79,18.8,25.5,12.7,7.2,11.1,0.0,53.0,56
2024-05-27,C.A. Zamora,Zamora,LUNES,5,2024,56,17.8,26.3,8.8,8.3,13.0,0.0,51.0,101
2024-05-28,C.A. Zamora,Zamora,MARTES,5,2024,101,20.4,30.2,9.5,6.5,13.0,0.0,45.0,72
2024-05-29,C.A. Zamora,Zamora,MIÉRCOLES,5,2024,72,23.1,32.6,12.3,6.3,16.5,0.0,40.0,78
2024-05-30,C.A. Zamora,Zamora,JUEVES,5,2024,78,22.6,32.7,14.7,9.1,20.6,0.0,51.0,74
2024-05-31,C.A. Zamora,Zamora,VIERNES,5,2024,74,17.2,24.8,9.2,14.1,18.3,0.0,43.0,72
2024-06-01,C.A. Zamora,Zamora,SÁBADO,6,2024,72,16.2,24.7,8.0,15.4,22.2,0.0,48.0,72
2024-06-02,C.A. Zamora,Zamora,DOMINGO,6,2024,72,17.3,26.5,8.0,12.0,18.3,0.0,49.0,55
2024-06-03,C.A. Zamora,Zamora,LUNES,6,2024,55,19.6,29.2,9.8,8.7,13.0,0.0,46.0,87
2024-06-04,C.A. Zamora,Zamora,MARTES,6,2024,87,21.6,30.9,11.0,6.1,11.1,0.0,44.0,87
2024-06-05,C.A. Zamora,Zamora,MIÉRCOLES,6,2024,87,23.6,32.6,15.9,5.6,9.4,0.0,42.0,74
2024-06-06,C.A. Zamora,Zamora,JUEVES,6,2024,74,25.6,33.3,16.9,5.7,11.1,0.0,43.0,86
2024-06-07,C.A. Zamora,Zamora,VIERNES,6,2024,86,26.0,33.8,20.2,10.2,27.8,0.0,45.0,92
2024-06-08,C.A. Zamora,Zamora,SÁBADO,6,2024,92,20.5,26.6,16.4,7.0,16.5,0.0,64.0,82
2024-06-09,C.A. Zamora,Zamora,DOMINGO,6,2024,82,18.1,24.0,14.2,8.3,14.8,3.3,74.0,71
2024-06-10,C.A. Zamora,Zamora,LUNES,6,2024,71,17.7,24.4,12.3,11.9,16.5,0.25,50.0,76
2024-06-11,C.A. Zamora,Zamora,MARTES,6,2024,76,17.4,25.9,8.3,8.1,20.6,0.0,47.0,88
2024-06-12,C.A. Zamora,Zamora,MIÉRCOLES,6,2024,88,17.1,23.6,11.0,10.6,18.3,0.0,50.0,61
2024-06-13,C.A. Zamora,Zamora,JUEVES,6,2024,61,19.1,28.0,8.7,7.2,13.0,0.0,43.0,75
2024-06-14,C.A. Zamora,Zamora,VIERNES,6,2024,75,20.5,26.1,15.0,9.1,14.8,0.0,50.0,76
2024-06-15,C.A. Zamora,Zamora,SÁBADO,6,2024,76,17.8,25.8,9.9,6.1,9.4,0.0,45.0,65
2024-06-16,C.A. Zamora,Zamora,DOMINGO,6,2024,65,19.2,26.7,12.2,8.1,14.8,0.0,51.0,68
2024-06-17,C.A. Zamora,Zamora,LUNES,6,2024,68,19.7,26.5,12.6,6.9,13.0,0.0,56.0,78
2024-06-18,C.A. Zamora,Zamora,MARTES,6,2024,78,16.6,21.0,13.5,5.9,13.0,3.05,76.0,68
2024-06-19,C.A. Zamora,Zamora,MIÉRCOLES,6,2024,68,16.6,22.7,10.9,4.6,9.4,12.7,63.0,75
2024-06-20,C.A. Zamora,Zamora,JUEVES,6,2024,75,16.2,22.1,11.7,6.7,18.3,0.0,73.0,78
2024-06-21,C.A. Zamora,Zamora,VIERNES,6,2024,78,17.8,27.0,10.5,4.6,9.4,6.35,61.0,53
2024-06-22,C.A. Zamora,Zamora,SÁBADO,6,2024,53,0.0,0.0,0.0,0.0,0.0,0.0,0.0,80
2024-06-23,C.A. Zamora,Zamora,DOMINGO,6,2024,80,0.0,0.0,0.0,0.0,0.0,0.0,0.0,53
2024-06-24,C.A. Zamora,Zamora,LUNES,6,2024,53,27.9,32.3,22.1,5.0,7.6,0.0,41.0,95
2024-06-25,C.A. Zamora,Zamora,MARTES,6,2024,95,25.9,34.3,16.5,6.3,11.1,0.0,44.0,69
2024-06-26,C.A. Zamora,Zamora,MIÉRCOLES,6,2024,69,23.4,33.2,17.6,5.9,13.0,0.0,59.0,79
2024-06-27,C.A. Zamora,Zamora,JUEVES,6,2024,79,25.3,34.4,18.0,8.9,18.3,23.37,59.0,89
2024-06-28,C.A. Zamora,Zamora,VIERNES,6,2024,89,22.1,30.4,16.8,10.0,20.6,0.0,68.0,80
2024-06-29,C.A. Zamora,Zamora,SÁBADO,6,2024,80,18.4,21.9,16.7,8.5,11.1,9.14,83.0,75
2024-06-30,C.A. Zamora,Zamora,DOMINGO,6,2024,75,20.0,26.3,13.8,6.3,9.4,1.52,60.0,70
2024-07-01,C.A. Zamora,Zamora,LUNES,7,2024,70,21.5,28.3,13.8,8.9,11.1,0.0,51.0,82
2024-07-02,C.A. Zamora,Zamora,MARTES,7,2024,82,22.6,30.7,13.7,6.7,11.1,0.0,49.0,72
2024-07-03,C.A. Zamora,Zamora,MIÉRCOLES,7,2024,72,24.7,33.7,14.1,6.5,14.8,0.0,40.0,65
2024-07-04,C.A. Zamora,Zamora,JUEVES,7,2024,65,25.9,35.4,14.9,6.3,11.1,0.0,32.0,56
2024-07-05,C.A. Zamora,Zamora,VIERNES,7,2024,56,27.5,36.7,18.3,7.4,13.0,0.0,41.0,69
2024-07-06,C.A. Zamora,Zamora,SÁBADO,7,2024,69,23.3,30.8,16.0,8.5,18.3,0.0,45.0,68
2024-07-07,C.A. Zamora,Zamora,DOMINGO,7,2024,68,20.6,29.5,11.6,7.8,13.0,0.0,45.0,66
2024-07-08,C.A. Zamora,Zamora,LUNES,7,2024,66,23.6,31.0,15.2,6.3,11.1,0.0,41.0,94
2024-07-09,C.A. Zamora,Zamora,MARTES,7,2024,94,23.0,29.1,18.5,7.2,13.0,0.0,51.0,72
2024-07-10,C.A. Zamora,Zamora,MIÉRCOLES,7,2024,72,24.6,31.8,18.1,6.1,11.1,0.0,56.0,86
2024-07-11,C.A. Zamora,Zamora,JUEVES,7,2024,86,24.4,30.8,18.8,7.4,13.0,0.0,49.0,77
2024-07-12,C.A. Zamora,Zamora,VIERNES,7,2024,77,23.0,31.1,15.3,6.3,11.1,0.0,47.0,63
2024-07-13,C.A. Zamora,Zamora,SÁBADO,7,2024,63,23.8,31.0,14.1,7.4,11.1,0.0,39.0,66
2024-07-14,C.A. Zamora,Zamora,DOMINGO,7,2024,66,23.7,29.1,15.4,8.1,13.0,0.0,29.0,64
2024-07-15,C.A. Zamora,Zamora,LUNES,7,2024,64,21.3,25.9,17.5,9.1,16.5,2.29,56.0,76
2024-07-16,C.A. Zamora,Zamora,MARTES,7,2024,76,21.6,29.9,12.6,5.7,11.1,1.02,44.0,80
2024-07-17,C.A. Zamora,Zamora,MIÉRCOLES,7,2024,80,24.7,34.4,14.0,7.4,11.1,0.0,39.0,74
2024-07-18,C.A. Zamora,Zamora,JUEVES,7,2024,74,26.9,35.5,16.4,5.0,9.4,0.0,33.0,71
2024-07-19,C.A. Zamora,Zamora,VIERNES,7,2024,71,28.6,36.9,19.7,5.2,11.1,0.0,33.0,76
2024-07-20,C.A. Zamora,Zamora,SÁBADO,7,2024,76,25.6,29.9,19.4,9.1,13.0,0.0,48.0,72
2024-07-21,C.A. Zamora,Zamora,DOMINGO,7,2024,72,22.5,31.3,13.4,7.0,13.0,0.0,36.0,65
2024-07-22,C.A. Zamora,Zamora,LUNES,7,2024,65,24.3,35.4,13.0,8.0,11.1,0.0,35.0,76
2024-07-23,C.A. Zamora,Zamora,MARTES,7,2024,76,28.4,38.8,17.5,6.9,13.0,0.0,34.0,86
2024-07-24,C.A. Zamora,Zamora,MIÉRCOLES,7,2024,86,29.6,39.6,19.6,8.5,18.3,0.0,35.0,63
2024-07-25,C.A. Zamora,Zamora,JUEVES,7,2024,63,28.6,38.4,19.0,9.6,13.0,0.0,36.0,75
2024-07-26,C.A. Zamora,Zamora,VIERNES,7,2024,75,27.9,38.1,18.2,7.0,14.8,0.0,33.0,69
2024-07-27,C.A. Zamora,Zamora,SÁBADO,7,2024,69,28.4,37.1,19.3,6.3,14.8,0.0,38.0,63
2024-07-28,C.A. Zamora,Zamora,DOMINGO,7,2024,63,28.5,38.6,18.9,8.0,14.8,0.0,40.0,77
2024-07-29,C.A. Zamora,Zamora,LUNES,7,2024,77,27.8,33.8,20.9,5.6,11.1,0.0,41.0,90
2024-07-30,C.A. Zamora,Zamora,MARTES,7,2024,90,28.2,36.7,19.9,7.0,13.0,0.0,37.0,85
2024-07-31,C.A. Zamora,Zamora,MIÉRCOLES,7,2024,85,28.0,36.4,19.6,5.2,9.4,0.0,38.0,68
2024-08-01,C.A. Zamora,Zamora,JUEVES,8,2024,68,28.1,36.8,20.4,6.5,14.8,0.0,40.0,81
2024-08-02,C.A. Zamora,Zamora,VIERNES,8,2024,81,24.8,32.7,17.8,9.6,16.5,0.0,52.0,65
2024-08-03,C.A. Zamora,Zamora,SÁBADO,8,2024,65,25.2,34.3,16.6,8.1,11.1,0.0,45.0,64
2024-08-04,C.A. Zamora,Zamora,DOMINGO,8,2024,64,27.2,37.5,17.0,6.5,11.1,0.0,30.0,65
2024-08-05,C.A. Zamora,Zamora,LUNES,8,2024,65,28.2,36.5,19.6,6.3,9.4,0.0,32.0,84
2024-08-06,C.A. Zamora,Zamora,MARTES,8,2024,84,26.3,35.1,17.0,6.3,13.0,0.0,39.0,59
2024-08-07,C.A. Zamora,Zamora,MIÉRCOLES,8,2024,59,26.4,35.7,17.7,7.4,13.0,0.0,44.0,88
2024-08-08,C.A. Zamora,Zamora,JUEVES,8,2024,88,27.6,38.2,17.7,8.9,16.5,0.0,41.0,85
2024-08-09,C.A. Zamora,Zamora,VIERNES,8,2024,85,29.7,40.1,19.9,8.0,14.8,0.0,36.0,67
2024-08-10,C.A. Zamora,Zamora,SÁBADO,8,2024,67,30.0,41.1,21.5,8.5,13.0,0.0,36.0,61
2024-08-11,C.A. Zamora,Zamora,DOMINGO,8,2024,61,0.0,0.0,0.0,0.0,0.0,0.0,0.0,72
2024-08-12,C.A. Zamora,Zamora,LUNES,8,2024,72,0.0,0.0,0.0,0.0,0.0,0.0,0.0,82
2024-08-13,C.A. Zamora,Zamora,MARTES,8,2024,82,21.8,27.9,17.8,5.0,9.4,0.0,60.0,70
2024-08-14,C.A. Zamora,Zamora,MIÉRCOLES,8,2024,70,22.6,30.2,15.6,8.1,18.3,0.51,50.0,89
2024-08-15,C.A. Zamora,Zamora,JUEVES,8,2024,89,21.2,30.7,11.6,7.0,13.0,0.0,39.0,66
2024-08-16,C.A. Zamora,Zamora,VIERNES,8,2024,66,24.6,34.6,13.5,4.6,9.4,0.0,31.0,84
2024-08-17,C.A. Zamora,Zamora,SÁBADO,8,2024,84,26.1,35.3,17.2,5.9,9.4,0.0,37.0,69
2024-08-18,C.A. Zamora,Zamora,DOMINGO,8,2024,69,25.5,33.3,18.0,6.7,14.8,0.0,45.0,89
2024-08-19,C.A. Zamora,Zamora,LUNES,8,2024,89,24.4,34.3,15.2,7.0,13.0,0.0,41.0,94
2024-08-20,C.A. Zamora,Zamora,MARTES,8,2024,94,27.9,35.2,17.2,8.7,13.0,0.0,30.0,86
2024-08-21,C.A. Zamora,Zamora,MIÉRCOLES,8,2024,86,25.2,35.2,16.4,8.5,18.3,0.0,43.0,76
2024-08-22,C.A. Zamora,Zamora,JUEVES,8,2024,76,26.6,35.7,17.8,5.2,11.1,0.0,33.0,77
2024-08-23,C.A. Zamora,Zamora,VIERNES,8,2024,77,26.0,35.3,17.0,5.6,9.4,0.0,33.0,78
2024-08-24,C.A. Zamora,Zamora,SÁBADO,8,2024,78,25.2,33.0,19.0,8.5,18.3,0.0,40.0,70
2024-08-25,C.A. Zamora,Zamora,DOMINGO,8,2024,70,21.2,30.1,14.4,11.7,20.6,0.0,54.0,56
2024-08-26,C.A. Zamora,Zamora,LUNES,8,2024,56,21.4,31.7,12.4,7.4,13.0,0.0,44.0,70
2024-08-27,C.A. Zamora,Zamora,MARTES,8,2024,70,24.4,35.2,14.5,5.2,9.4,0.0,32.0,90
2024-08-28,C.A. Zamora,Zamora,MIÉRCOLES,8,2024,90,25.3,34.9,15.3,5.2,13.0,0.0,33.0,68
2024-08-29,C.A. Zamora,Zamora,JUEVES,8,2024,68,23.6,31.2,18.5,8.7,20.6,0.0,52.0,67
2024-08-30,C.A. Zamora,Zamora,VIERNES,8,2024,67,23.8,32.2,15.6,7.2,13.0,0.0,51.0,78
2024-08-31,C.A. Zamora,Zamora,SÁBADO,8,2024,78,22.8,30.1,17.9,6.5,13.0,0.0,65.0,72
2024-09-01,C.A. Zamora,Zamora,DOMINGO,9,2024,72,23.3,31.5,16.2,5.0,9.4,0.0,53.0,56
2024-09-02,C.A. Zamora,Zamora,LUNES,9,2024,56,23.6,30.9,18.1,7.2,24.1,0.0,48.0,85
2024-09-03,C.A. Zamora,Zamora,MARTES,9,2024,85,20.2,26.9,16.7,13.9,18.3,0.0,63.0,78
2024-09-04,C.A. Zamora,Zamora,MIÉRCOLES,9,2024,78,19.7,27.2,13.9,9.8,16.5,0.0,52.0,76
2024-09-05,C.A. Zamora,Zamora,JUEVES,9,2024,76,13.3,15.3,11.6,4.1,7.6,0.0,74.0,65
2024-09-06,C.A. Zamora,Zamora,VIERNES,9,2024,65,17.6,21.7,11.5,6.7,13.0,0.0,44.0,72
2024-09-07,C.A. Zamora,Zamora,SÁBADO,9,2024,72,16.2,22.7,10.6,6.7,13.0,0.0,57.0,54
2024-09-08,C.A. Zamora,Zamora,DOMINGO,9,2024,54,19.4,26.9,13.0,4.4,7.6,0.0,42.0,63
2024-09-09,C.A. Zamora,Zamora,LUNES,9,2024,63,19.2,28.4,11.1,4.3,5.4,0.0,48.0,71
2024-09-10,C.A. Zamora,Zamora,MARTES,9,2024,71,20.1,29.6,11.9,5.7,9.4,0.0,51.0,76
2024-09-11,C.A. Zamora,Zamora,MIÉRCOLES,9,2024,76,18.6,27.6,10.3,6.9,16.5,0.0,50.0,67
2024-09-12,C.A. Zamora,Zamora,JUEVES,9,2024,67,19.9,27.8,13.8,8.7,18.3,0.0,51.0,71
2024-09-13,C.A. Zamora,Zamora,VIERNES,9,2024,71,13.0,18.7,9.3,10.9,18.3,0.0,64.0,69
2024-09-14,C.A. Zamora,Zamora,SÁBADO,9,2024,69,15.8,26.5,7.1,7.6,13.0,0.0,38.0,63
2024-09-15,C.A. Zamora,Zamora,DOMINGO,9,2024,63,17.9,29.3,7.8,7.6,14.8,0.0,28.0,66
2024-09-16,C.A. Zamora,Zamora,LUNES,9,2024,66,14.1,25.3,8.4,8.7,20.6,0.0,33.0,86
2024-09-17,C.A. Zamora,Zamora,MARTES,9,2024,86,19.2,23.6,13.4,17.6,22.2,0.0,47.0,82
2024-09-18,C.A. Zamora,Zamora,MIÉRCOLES,9,2024,82,18.1,27.7,10.6,6.3,11.1,0.0,49.0,73
2024-09-19,C.A. Zamora,Zamora,JUEVES,9,2024,73,18.6,26.9,12.3,5.0,11.1,0.0,59.0,100
2024-09-20,C.A. Zamora,Zamora,VIERNES,9,2024,100,17.5,24.3,14.2,4.8,13.0,0.76,72.0,64
2024-09-21,C.A. Zamora,Zamora,SÁBADO,9,2024,64,16.7,21.2,13.9,3.7,7.6,2.29,82.0,61
2024-09-22,C.A. Zamora,Zamora,DOMINGO,9,2024,61,17.1,22.4,11.8,5.2,11.1,2.29,66.0,57
2024-09-23,C.A. Zamora,Zamora,LUNES,9,2024,57,16.2,23.6,9.9,5.4,11.1,0.0,54.0,73
2024-09-24,C.A. Zamora,Zamora,MARTES,9,2024,73,15.1,18.0,12.3,8.5,11.1,0.0,70.0,73
2024-09-25,C.A. Zamora,Zamora,MIÉRCOLES,9,2024,73,19.1,23.6,14.5,12.0,22.2,0.0,77.0,69
2024-09-26,C.A. Zamora,Zamora,JUEVES,9,2024,69,18.5,22.5,13.9,14.8,18.3,0.0,69.0,70
2024-09-27,C.A. Zamora,Zamora,VIERNES,9,2024,70,13.9,19.6,9.2,9.8,16.5,4.06,58.0,79
2024-09-28,C.A. Zamora,Zamora,SÁBADO,9,2024,79,12.2,20.4,5.1,4.8,11.1,0.0,56.0,59
2024-09-29,C.A. Zamora,Zamora,DOMINGO,9,2024,59,16.2,25.8,6.8,4.6,9.4,0.0,40.0,78
2024-09-30,C.A. Zamora,Zamora,LUNES,9,2024,78,18.8,28.3,9.1,3.7,9.4,0.0,45.0,78
2024-10-01,C.A. Zamora,Zamora,MARTES,10,2024,78,19.7,25.5,15.6,7.4,13.0,0.0,67.0,81
2024-10-02,C.A. Zamora,Zamora,MIÉRCOLES,10,2024,81,18.7,20.5,17.2,10.2,14.8,0.0,85.0,85
2024-10-03,C.A. Zamora,Zamora,JUEVES,10,2024,85,17.6,23.1,13.9,3.7,7.6,1.52,80.0,46
2024-10-04,C.A. Zamora,Zamora,VIERNES,10,2024,46,16.4,23.8,11.1,2.8,5.4,0.76,70.0,75
2024-10-05,C.A. Zamora,Zamora,SÁBADO,10,2024,75,18.1,24.8,11.7,7.8,14.8,0.0,75.0,62
2024-10-06,C.A. Zamora,Zamora,DOMINGO,10,2024,62,17.8,18.7,16.4,9.4,14.8,0.0,85.0,65
2024-10-07,C.A. Zamora,Zamora,LUNES,10,2024,65,15.7,18.1,13.2,8.1,13.0,52.83,82.0,90
2024-10-08,C.A. Zamora,Zamora,MARTES,10,2024,90,14.8,18.2,12.6,10.9,14.8,12.19,82.0,66
2024-10-09,C.A. Zamora,Zamora,MIÉRCOLES,10,2024,66,16.9,22.4,11.7,16.3,29.4,1.02,79.0,65
2024-10-10,C.A. Zamora,Zamora,JUEVES,10,2024,65,13.2,19.4,9.0,5.7,13.0,1.52,69.0,59
2024-10-11,C.A. Zamora,Zamora,VIERNES,10,2024,59,13.6,19.0,7.9,5.0,9.4,0.0,82.0,61
2024-10-12,C.A. Zamora,Zamora,SÁBADO,10,2024,61,18.2,23.0,15.6,4.6,9.4,2.79,76.0,66
2024-10-13,C.A. Zamora,Zamora,DOMINGO,10,2024,66,16.6,23.1,11.4,3.9,9.4,0.0,81.0,66
2024-10-14,C.A. Zamora,Zamora,LUNES,10,2024,66,16.8,21.9,11.4,3.9,9.4,0.0,82.0,68
2024-10-15,C.A. Zamora,Zamora,MARTES,10,2024,68,16.7,19.1,15.3,4.8,9.4,3.05,90.0,64
2024-10-16,C.A. Zamora,Zamora,MIÉRCOLES,10,2024,64,16.5,20.8,13.1,8.1,14.8,28.7,86.0,74
2024-10-17,C.A. Zamora,Zamora,JUEVES,10,2024,74,13.1,17.7,9.6,8.0,11.1,4.06,75.0,79
2024-10-18,C.A. Zamora,Zamora,VIERNES,10,2024,79,12.3,17.2,7.7,6.5,11.1,0.0,84.0,68
2024-10-19,C.A. Zamora,Zamora,SÁBADO,10,2024,68,15.2,17.5,12.9,7.8,11.1,0.25,84.0,70
2024-10-20,C.A. Zamora,Zamora,DOMINGO,10,2024,70,16.0,21.1,12.3,4.6,7.6,0.0,76.0,59
2024-10-21,C.A. Zamora,Zamora,LUNES,10,2024,59,14.9,21.8,8.5,3.5,11.1,0.0,79.0,75
2024-10-22,C.A. Zamora,Zamora,MARTES,10,2024,75,14.9,20.3,11.7,10.4,14.8,0.0,79.0,72
2024-10-23,C.A. Zamora,Zamora,MIÉRCOLES,10,2024,72,14.1,22.5,8.5,5.7,11.1,0.0,77.0,69
2024-10-24,C.A. Zamora,Zamora,JUEVES,10,2024,69,15.3,21.8,8.4,4.6,11.1,0.0,77.0,83
2024-10-25,C.A. Zamora,Zamora,VIERNES,10,2024,83,11.4,15.5,6.6,8.0,11.1,0.0,60.0,75
2024-10-26,C.A. Zamora,Zamora,SÁBADO,10,2024,75,7.9,12.8,5.3,4.6,11.1,0.0,81.0,67
2024-10-27,C.A. Zamora,Zamora,DOMINGO,10,2024,67,7.3,10.4,3.2,5.6,16.5,0.0,91.0,57
2024-10-28,C.A. Zamora,Zamora,LUNES,10,2024,57,12.7,18.8,7.2,13.7,22.2,2.54,80.0,72
2024-10-29,C.A. Zamora,Zamora,MARTES,10,2024,72,13.0,19.3,7.6,13.0,22.2,0.0,81.0,90
2024-10-30,C.A. Zamora,Zamora,MIÉRCOLES,10,2024,90,13.6,19.8,10.5,11.3,18.3,2.29,83.0,73
2024-10-31,C.A. Zamora,Zamora,JUEVES,10,2024,73,13.8,18.0,10.0,6.9,14.8,1.52,80.0,70
2024-11-01,C.A. Zamora,Zamora,VIERNES,11,2024,70,14.3,20.0,11.0,4.8,11.1,0.0,85.0,61
2024-11-02,C.A. Zamora,Zamora,SÁBADO,11,2024,61,13.5,19.5,9.4,5.7,11.1,5.84,85.0,69
2024-11-03,C.A. Zamora,Zamora,DOMINGO,11,2024,69,12.3,20.0,8.3,3.9,7.6,0.0,82.0,65
2024-11-04,C.A. Zamora,Zamora,LUNES,11,2024,65,13.0,20.3,7.5,4.4,7.6,0.0,80.0,68
2024-11-05,C.A. Zamora,Zamora,MARTES,11,2024,68,15.0,18.4,12.6,3.5,7.6,1.27,86.0,74
2024-11-06,C.A. Zamora,Zamora,MIÉRCOLES,11,2024,74,14.5,21.2,9.8,3.9,7.6,0.25,81.0,75
2024-11-07,C.A. Zamora,Zamora,JUEVES,11,2024,75,12.1,19.5,7.0,3.1,5.4,0.0,85.0,69
2024-11-08,C.A. Zamora,Zamora,VIERNES,11,2024,69,12.5,18.8,8.1,3.0,7.6,0.0,85.0,70
2024-11-09,C.A. Zamora,Zamora,SÁBADO,11,2024,70,13.5,19.0,10.9,3.9,5.4,0.0,75.0,67
2024-11-10,C.A. Zamora,Zamora,DOMINGO,11,2024,67,12.8,15.9,10.7,4.8,11.1,0.0,88.0,56
2024-11-11,C.A. Zamora,Zamora,LUNES,11,2024,56,10.9,16.4,6.7,8.1,20.6,1.78,78.0,70
2024-11-12,C.A. Zamora,Zamora,MARTES,11,2024,70,8.6,15.2,4.5,8.5,14.8,0.0,79.0,66
2024-11-13,C.A. Zamora,Zamora,MIÉRCOLES,11,2024,66,6.7,8.5,3.0,15.7,22.2,0.0,83.0,67
2024-11-14,C.A. Zamora,Zamora,JUEVES,11,2024,67,10.6,15.6,8.3,11.1,16.5,0.0,84.0,73
2024-11-15,C.A. Zamora,Zamora,VIERNES,11,2024,73,12.4,18.2,9.3,6.9,13.0,0.0,79.0,74
2024-11-16,C.A. Zamora,Zamora,SÁBADO,11,2024,74,11.2,15.9,8.2,8.0,11.1,0.0,81.0,59
2024-11-17,C.A. Zamora,Zamora,DOMINGO,11,2024,59,9.9,17.1,5.6,4.1,7.6,0.0,83.0,74
2024-11-18,C.A. Zamora,Zamora,LUNES,11,2024,74,0.0,0.0,0.0,0.0,0.0,0.0,0.0,82
2024-11-19,C.A. Zamora,Zamora,MARTES,11,2024,82,0.0,0.0,0.0,0.0,0.0,0.0,0.0,68
2024-11-20,C.A. Zamora,Zamora,MIÉRCOLES,11,2024,68,0.0,0.0,0.0,0.0,0.0,0.0,0.0,72
2024-11-21,C.A. Zamora,Zamora,JUEVES,11,2024,72,0.0,0.0,0.0,0.0,0.0,0.0,0.0,83
2024-11-22,C.A. Zamora,Zamora,VIERNES,11,2024,83,0.0,0.0,0.0,0.0,0.0,0.0,0.0,74
2024-11-23,C.A. Zamora,Zamora,SÁBADO,11,2024,74,11.4,18.1,6.0,3.9,7.6,0.51,84.0,67
2024-11-24,C.A. Zamora,Zamora,DOMINGO,11,2024,67,14.9,20.1,8.7,10.4,18.3,0.0,58.0,64
2024-11-25,C.A. Zamora,Zamora,LUNES,11,2024,64,11.2,17.2,7.2,8.1,16.5,18.03,78.0,88
2024-11-26,C.A. Zamora,Zamora,MARTES,11,2024,88,7.6,11.6,4.5,3.7,9.4,2.03,87.0,65
2024-11-27,C.A. Zamora,Zamora,MIÉRCOLES,11,2024,65,4.1,6.7,1.4,3.0,5.4,0.0,98.0,80
2024-11-28,C.A. Zamora,Zamora,JUEVES,11,2024,80,4.6,6.1,3.4,5.6,11.1,0.0,99.0,52
2024-11-29,C.A. Zamora,Zamora,VIERNES,11,2024,52,7.2,12.0,3.0,3.0,5.4,0.0,94.0,67
2024-11-30,C.A. Zamora,Zamora,SÁBADO,11,2024,67,11.3,17.1,7.6,2.8,7.6,0.0,90.0,63
2024-12-01,C.A. Zamora,Zamora,DOMINGO,12,2024,63,0.0,0.0,0.0,0.0,0.0,0.0,0.0,68
2024-12-02,C.A. Zamora,Zamora,LUNES,12,2024,68,10.8,16.4,7.8,3.1,7.6,0.51,90.0,74
2024-12-03,C.A. Zamora,Zamora,MARTES,12,2024,74,8.3,10.5,6.6,3.9,13.0,0.25,95.0,87
2024-12-04,C.A. Zamora,Zamora,MIÉRCOLES,12,2024,87,9.7,13.9,6.1,5.2,11.1,0.25,83.0,74
2024-12-05,C.A. Zamora,Zamora,JUEVES,12,2024,74,9.3,12.5,6.6,4.4,9.4,0.0,90.0,76
2024-12-06,C.A. Zamora,Zamora,VIERNES,12,2024,76,11.2,13.0,9.5,6.3,11.1,0.0,94.0,86
2024-12-07,C.A. Zamora,Zamora,SÁBADO,12,2024,86,10.1,14.6,5.2,9.3,16.5,0.0,72.0,70
2024-12-08,C.A. Zamora,Zamora,DOMINGO,12,2024,70,5.3,12.0,2.2,7.2,18.3,0.0,69.0,56
2024-12-09,C.A. Zamora,Zamora,LUNES,12,2024,56,4.4,10.6,1.0,7.4,16.5,0.0,72.0,56
2024-12-10,C.A. Zamora,Zamora,MARTES,12,2024,56,3.1,9.7,-1.5,3.7,9.4,0.0,81.0,75
2024-12-11,C.A. Zamora,Zamora,MIÉRCOLES,12,2024,75,3.9,5.5,3.1,4.1,7.6,0.0,88.0,63
2024-12-12,C.A. Zamora,Zamora,JUEVES,12,2024,63,4.6,10.5,1.1,4.4,9.4,0.0,79.0,82
2024-12-13,C.A. Zamora,Zamora,VIERNES,12,2024,82,2.9,9.1,-1.0,3.0,5.4,0.0,85.0,69
2024-12-14,C.A. Zamora,Zamora,SÁBADO,12,2024,69,2.3,10.7,-2.1,1.9,5.4,0.0,87.0,58
2024-12-15,C.A. Zamora,Zamora,DOMINGO,12,2024,58,-1.1,1.8,-4.4,3.1,5.4,0.0,98.0,48
2024-12-16,C.A. Zamora,Zamora,LUNES,12,2024,48,-0.6,1.7,-2.5,3.5,5.4,0.0,98.0,62
2024-12-17,C.A. Zamora,Zamora,MARTES,12,2024,62,2.6,5.8,-2.0,3.0,7.6,0.0,94.0,71
2024-12-18,C.A. Zamora,Zamora,MIÉRCOLES,12,2024,71,7.2,13.9,0.8,5.6,13.0,0.0,87.0,63
2024-12-19,C.A. Zamora,Zamora,JUEVES,12,2024,63,10.1,14.6,3.3,9.6,16.5,5.59,83.0,67
2024-12-20,C.A. Zamora,Zamora,VIERNES,12,2024,67,3.2,9.5,-0.5,3.3,7.6,0.0,84.0,74
2024-12-21,C.A. Zamora,Zamora,SÁBADO,12,2024,74,2.2,10.0,-2.6,2.6,5.4,0.0,87.0,65
2024-12-22,C.A. Zamora,Zamora,DOMINGO,12,2024,65,4.1,11.9,-1.2,3.5,7.6,0.0,88.0,64
2024-12-23,C.A. Zamora,Zamora,LUNES,12,2024,64,5.3,11.1,1.4,6.3,14.8,0.0,79.0,84
2024-12-24,C.A. Zamora,Zamora,MARTES,12,2024,84,0.4,5.9,-1.3,3.5,9.4,0.0,95.0,86
2024-12-25,C.A. Zamora,Zamora,MIÉRCOLES,12,2024,86,0.0,0.0,0.0,0.0,0.0,0.0,0.0,42
2024-12-26,C.A. Zamora,Zamora,JUEVES,12,2024,42,4.3,5.4,3.1,3.9,5.4,0.51,100.0,87
2024-12-27,C.A. Zamora,Zamora,VIERNES,12,2024,87,3.9,6.0,1.6,4.4,9.4,0.25,99.0,71
2024-12-28,C.A. Zamora,Zamora,SÁBADO,12,2024,71,5.6,6.8,4.2,4.3,7.6,0.0,95.0,64
2024-12-29,C.A. Zamora,Zamora,DOMINGO,12,2024,64,2.8,4.2,1.6,6.1,9.4,0.0,97.0,63
2024-12-30,C.A. Zamora,Zamora,LUNES,12,2024,63,1.4,2.4,0.6,4.4,7.6,0.0,98.0,66
2024-12-31,C.A. Zamora,Zamora,MARTES,12,2024,66,0.3,1.6,-0.5,6.3,11.1,0.0,99.0,76
2025-01-01,C.A. Zamora,Zamora,MIÉRCOLES,1,2025,76,-0.2,0.9,-1.2,4.8,9.4,0.0,100.0,98
2025-01-02,C.A. Zamora,Zamora,JUEVES,1,2025,98,3.3,10.2,-0.7,4.1,7.6,0.0,90.0,126
2025-01-03,C.A. Zamora,Zamora,VIERNES,1,2025,126,7.4,10.5,3.7,5.6,9.4,0.0,87.0,131
2025-01-04,C.A. Zamora,Zamora,SÁBADO,1,2025,131,8.7,12.6,6.2,7.4,13.0,0.25,83.0,114
2025-01-05,C.A. Zamora,Zamora,DOMINGO,1,2025,114,9.4,12.0,6.0,9.1,16.5,0.0,89.0,107
2025-01-06,C.A. Zamora,Zamora,LUNES,1,2025,107,7.5,10.2,4.1,10.2,18.3,17.53,82.0,93
2025-01-07,C.A. Zamora,Zamora,MARTES,1,2025,93,6.8,10.2,2.5,9.4,14.8,0.25,89.0,129
2025-01-08,C.A. Zamora,Zamora,MIÉRCOLES,1,2025,129,10.6,12.6,9.6,14.3,27.8,0.0,81.0,116
2025-01-09,C.A. Zamora,Zamora,JUEVES,1,2025,116,11.0,13.1,9.3,9.1,13.0,1.27,89.0,123
2025-01-10,C.A. Zamora,Zamora,VIERNES,1,2025,123,11.7,14.1,10.0,7.6,13.0,0.0,90.0,115
2025-01-11,C.A. Zamora,Zamora,SÁBADO,1,2025,115,12.6,15.6,7.9,6.1,13.0,0.0,88.0,102
2025-01-12,C.A. Zamora,Zamora,DOMINGO,1,2025,102,5.9,12.1,2.2,3.3,5.4,0.0,86.0,116
2025-01-13,C.A. Zamora,Zamora,LUNES,1,2025,116,2.7,9.6,-1.6,5.4,14.8,0.0,74.0,97
2025-01-14,C.A. Zamora,Zamora,MARTES,1,2025,97,0.3,8.0,-4.9,4.1,11.1,0.0,64.0,106
2025-01-15,C.A. Zamora,Zamora,MIÉRCOLES,1,2025,106,1.1,10.3,-5.0,2.6,5.4,0.0,67.0,95
2025-01-16,C.A. Zamora,Zamora,JUEVES,1,2025,95,3.1,12.2,-2.3,3.3,9.4,0.0,71.0,91
2025-01-17,C.A. Zamora,Zamora,VIERNES,1,2025,91,2.2,8.7,-2.2,5.2,11.1,0.0,82.0,118
2025-01-18,C.A. Zamora,Zamora,SÁBADO,1,2025,118,1.8,10.3,-3.2,3.0,7.6,0.0,81.0,76
2025-01-19,C.A. Zamora,Zamora,DOMINGO,1,2025,76,2.0,7.3,-3.9,3.5,5.4,0.0,86.0,83
2025-01-20,C.A. Zamora,Zamora,LUNES,1,2025,83,6.4,8.3,4.8,4.1,5.4,9.91,99.0,113
2025-01-21,C.A. Zamora,Zamora,MARTES,1,2025,113,8.1,12.2,5.5,4.3,9.4,6.86,98.0,95
2025-01-22,C.A. Zamora,Zamora,MIÉRCOLES,1,2025,95,9.5,12.1,6.9,4.3,7.6,10.92,96.0,123
2025-01-23,C.A. Zamora,Zamora,JUEVES,1,2025,123,9.1,10.2,7.5,3.1,5.4,0.0,97.0,111
2025-01-24,C.A. Zamora,Zamora,VIERNES,1,2025,111,10.6,13.4,8.0,8.1,16.5,0.0,86.0,113
2025-01-25,C.A. Zamora,Zamora,SÁBADO,1,2025,113,9.2,12.4,5.8,9.3,14.8,1.02,78.0,92
2025-01-26,C.A. Zamora,Zamora,DOMINGO,1,2025,92,9.9,13.9,4.7,15.6,25.9,1.02,83.0,118
2025-01-27,C.A. Zamora,Zamora,LUNES,1,2025,118,9.0,12.9,3.5,13.9,20.6,15.24,86.0,111
2025-01-28,C.A. Zamora,Zamora,MARTES,1,2025,111,5.9,9.6,2.2,11.1,16.5,9.65,81.0,102
2025-01-29,C.A. Zamora,Zamora,MIÉRCOLES,1,2025,102,7.1,10.2,4.6,12.2,18.3,0.0,79.0,124
2025-01-30,C.A. Zamora,Zamora,JUEVES,1,2025,124,5.7,10.1,3.2,11.9,24.1,4.32,71.0,106
2025-01-31,C.A. Zamora,Zamora,VIERNES,1,2025,106,4.3,10.7,-0.7,4.3,7.6,0.0,72.0,101
2025-02-01,C.A. Zamora,Zamora,SÁBADO,2,2025,101,6.8,15.8,1.3,5.2,13.0,0.0,75.0,88
2025-02-02,C.A. Zamora,Zamora,DOMINGO,2,2025,88,3.8,8.2,-0.3,4.1,14.8,0.0,93.0,71
2025-02-03,C.A. Zamora,Zamora,LUNES,2,2025,71,2.1,6.4,-0.7,4.6,9.4,1.52,94.0,105
2025-02-04,C.A. Zamora,Zamora,MARTES,2,2025,105,1.9,5.0,-0.3,4.4,7.6,0.0,99.0,122
2025-02-05,C.A. Zamora,Zamora,MIÉRCOLES,2,2025,122,3.9,7.5,1.6,5.4,7.6,0.0,93.0,100
2025-02-06,C.A. Zamora,Zamora,JUEVES,2,2025,100,0.6,3.1,-0.6,3.3,7.6,0.0,99.0,109
2025-02-07,C.A. Zamora,Zamora,VIERNES,2,2025,109,6.1,12.3,0.6,7.6,14.8,0.0,89.0,100
2025-02-08,C.A. Zamora,Zamora,SÁBADO,2,2025,100,5.9,11.4,-0.5,4.6,7.6,8.64,69.0,93
2025-02-09,C.A. Zamora,Zamora,DOMINGO,2,2025,93,10.2,13.3,8.1,5.7,9.4,0.0,87.0,79
2025-02-10,C.A. Zamora,Zamora,LUNES,2,2025,79,9.7,13.0,7.7,3.1,7.6,1.02,93.0,112
2025-02-11,C.A. Zamora,Zamora,MARTES,2,2025,112,8.0,12.7,4.4,3.9,7.6,2.79,91.0,112
2025-02-12,C.A. Zamora,Zamora,MIÉRCOLES,2,2025,112,8.9,13.3,4.7,5.7,9.4,7.37,78.0,95
2025-02-13,C.A. Zamora,Zamora,JUEVES,2,2025,95,9.7,13.4,6.8,4.8,9.4,0.0,83.0,108
2025-02-14,C.A. Zamora,Zamora,VIERNES,2,2025,108,9.9,15.5,5.6,3.7,7.6,0.0,84.0,107
2025-02-15,C.A. Zamora,Zamora,SÁBADO,2,2025,107,8.7,14.5,3.9,3.1,5.4,0.0,81.0,77
2025-02-16,C.A. Zamora,Zamora,DOMINGO,2,2025,77,9.1,15.3,3.4,4.8,11.1,0.0,79.0,87
2025-02-17,C.A. Zamora,Zamora,LUNES,2,2025,87,7.2,9.7,5.7,3.1,5.4,0.0,95.0,113
2025-02-18,C.A. Zamora,Zamora,MARTES,2,2025,113,7.3,12.4,3.0,4.1,9.4,0.0,91.0,118
2025-02-19,C.A. Zamora,Zamora,MIÉRCOLES,2,2025,118,9.8,14.8,5.8,3.0,5.4,0.0,88.0,90
2025-02-20,C.A. Zamora,Zamora,JUEVES,2,2025,90,11.0,16.1,6.1,4.4,7.6,0.0,83.0,94
2025-02-21,C.A. Zamora,Zamora,VIERNES,2,2025,94,10.1,15.3,6.6,6.5,16.5,0.0,84.0,109
2025-02-22,C.A. Zamora,Zamora,SÁBADO,2,2025,109,8.2,12.5,5.4,4.6,9.4,9.14,84.0,112
2025-02-23,C.A. Zamora,Zamora,DOMINGO,2,2025,112,7.1,15.3,-0.1,3.5,7.6,0.51,79.0,93
2025-02-24,C.A. Zamora,Zamora,LUNES,2,2025,93,10.5,15.7,6.0,7.4,14.8,0.0,64.0,120
2025-02-25,C.A. Zamora,Zamora,MARTES,2,2025,120,9.7,13.9,4.9,7.8,16.5,0.0,71.0,103
2025-02-26,C.A. Zamora,Zamora,MIÉRCOLES,2,2025,103,6.7,14.6,-0.5,3.1,5.4,0.0,67.0,110
2025-02-27,C.A. Zamora,Zamora,JUEVES,2,2025,110,8.3,11.9,5.2,5.4,9.4,0.51,79.0,96
2025-02-28,C.A. Zamora,Zamora,VIERNES,2,2025,96,7.6,10.5,6.1,9.8,14.8,0.0,81.0,104
2025-03-01,C.A. Zamora,Zamora,SÁBADO,3,2025,104,5.9,8.5,3.9,18.3,27.8,0.0,69.0,78
2025-03-02,C.A. Zamora,Zamora,DOMINGO,3,2025,78,2.1,4.4,-0.8,11.7,22.2,0.0,90.0,87
2025-03-03,C.A. Zamora,Zamora,LUNES,3,2025,87,7.9,12.0,3.4,10.7,16.5,3.81,85.0,93
2025-03-04,C.A. Zamora,Zamora,MARTES,3,2025,93,9.6,14.7,5.8,8.3,16.5,0.51,87.0,96
2025-03-05,C.A. Zamora,Zamora,MIÉRCOLES,3,2025,96,10.4,15.8,6.5,9.3,16.5,0.0,81.0,99
2025-03-06,C.A. Zamora,Zamora,JUEVES,3,2025,99,10.7,16.4,7.8,8.5,14.8,0.0,82.0,114
2025-03-07,C.A. Zamora,Zamora,VIERNES,3,2025,114,10.3,13.9,7.0,8.0,14.8,2.29,81.0,103
2025-03-08,C.A. Zamora,Zamora,SÁBADO,3,2025,103,8.2,11.8,5.9,10.0,18.3,2.54,82.0,86
2025-03-09,C.A. Zamora,Zamora,DOMINGO,3,2025,86,7.4,12.4,3.6,6.7,11.1,7.11,76.0,97
2025-03-10,C.A. Zamora,Zamora,LUNES,3,2025,97,6.6,11.3,2.6,6.3,13.0,0.76,88.0,113
2025-03-11,C.A. Zamora,Zamora,MARTES,3,2025,113,8.4,13.4,5.6,5.0,11.1,10.67,87.0,94
2025-03-12,C.A. Zamora,Zamora,MIÉRCOLES,3,2025,94,7.8,13.2,3.0,6.5,13.0,2.29,78.0,93
2025-03-13,C.A. Zamora,Zamora,JUEVES,3,2025,93,6.9,10.5,2.9,9.3,18.3,0.0,81.0,106
2025-03-14,C.A. Zamora,Zamora,VIERNES,3,2025,106,4.6,10.5,-1.2,7.2,14.8,0.0,64.0,127
2025-03-15,C.A. Zamora,Zamora,SÁBADO,3,2025,127,6.2,9.8,3.0,5.4,9.4,0.0,67.0,72
2025-03-16,C.A. Zamora,Zamora,DOMINGO,3,2025,72,5.5,10.6,1.0,6.7,13.0,1.52,72.0,72
2025-03-17,C.A. Zamora,Zamora,LUNES,3,2025,72,6.4,12.1,1.1,6.9,13.0,0.76,79.0,122
2025-03-18,C.A. Zamora,Zamora,MARTES,3,2025,122,8.9,12.2,5.9,4.8,11.1,0.51,90.0,113
2025-03-19,C.A. Zamora,Zamora,MIÉRCOLES,3,2025,113,11.4,14.8,7.7,10.2,24.1,0.51,76.0,95
2025-03-20,C.A. Zamora,Zamora,JUEVES,3,2025,95,12.4,16.9,8.1,18.1,29.4,1.52,65.0,92
2025-03-21,C.A. Zamora,Zamora,VIERNES,3,2025,92,9.3,13.1,6.1,12.0,20.6,4.57,81.0,101
2025-03-22,C.A. Zamora,Zamora,SÁBADO,3,2025,101,6.8,10.0,4.0,9.4,14.8,3.81,86.0,93
2025-03-23,C.A. Zamora,Zamora,DOMINGO,3,2025,93,6.3,13.0,1.2,6.5,9.4,10.16,72.0,78
2025-03-24,C.A. Zamora,Zamora,LUNES,3,2025,78,9.3,16.9,4.9,6.9,14.8,1.52,74.0,112
2025-03-25,C.A. Zamora,Zamora,MARTES,3,2025,112,10.0,16.1,4.8,5.6,13.0,0.25,70.0,107
2025-03-26,C.A. Zamora,Zamora,MIÉRCOLES,3,2025,107,10.3,16.5,5.3,5.7,9.4,0.0,71.0,101
2025-03-27,C.A. Zamora,Zamora,JUEVES,3,2025,101,8.8,14.8,3.1,7.2,9.4,0.0,73.0,125
2025-03-28,C.A. Zamora,Zamora,VIERNES,3,2025,125,11.3,17.5,4.3,5.4,9.4,0.0,66.0,99
2025-03-29,C.A. Zamora,Zamora,SÁBADO,3,2025,99,9.8,16.9,3.2,6.9,13.0,0.0,66.0,76
2025-03-30,C.A. Zamora,Zamora,DOMINGO,3,2025,76,9.9,18.7,1.5,9.1,20.6,0.0,58.0,87
2025-03-31,C.A. Zamora,Zamora,LUNES,3,2025,87,13.8,23.8,4.4,6.5,11.1,0.0,58.0,116
2025-04-01,C.A. Zamora,Zamora,MARTES,4,2025,116,14.1,22.9,6.2,4.1,7.6,0.0,60.0,119
2025-04-02,C.A. Zamora,Zamora,MIÉRCOLES,4,2025,119,13.7,20.2,8.3,7.4,13.0,0.0,69.0,96
2025-04-03,C.A. Zamora,Zamora,JUEVES,4,2025,96,11.6,17.5,7.0,6.5,11.1,0.25,74.0,135
2025-04-04,C.A. Zamora,Zamora,VIERNES,4,2025,135,12.3,16.2,9.5,11.5,20.6,1.78,74.0,133
2025-04-05,C.A. Zamora,Zamora,SÁBADO,4,2025,133,13.0,17.7,9.8,9.8,14.8,0.25,64.0,72
2025-04-06,C.A. Zamora,Zamora,DOMINGO,4,2025,72,12.1,18.7,6.0,4.3,7.6,0.0,68.0,104
2025-04-07,C.A. Zamora,Zamora,LUNES,4,2025,104,13.5,22.3,5.1,5.0,9.4,0.0,64.0,129
2025-04-08,C.A. Zamora,Zamora,MARTES,4,2025,129,15.0,24.6,6.2,5.2,7.6,0.0,60.0,89
2025-04-09,C.A. Zamora,Zamora,MIÉRCOLES,4,2025,89,16.1,26.0,7.1,4.4,7.6,0.0,56.0,100
2025-04-10,C.A. Zamora,Zamora,JUEVES,4,2025,100,17.1,25.4,8.6,8.1,13.0,0.0,55.0,90
2025-04-11,C.A. Zamora,Zamora,VIERNES,4,2025,90,14.6,18.7,11.9,6.3,11.1,0.0,70.0,101
2025-04-12,C.A. Zamora,Zamora,SÁBADO,4,2025,101,13.7,18.8,9.6,5.4,11.1,1.52,80.0,89
2025-04-13,C.A. Zamora,Zamora,DOMINGO,4,2025,89,15.1,21.1,10.9,6.5,11.1,0.0,67.0,98
2025-04-14,C.A. Zamora,Zamora,LUNES,4,2025,98,11.5,16.3,8.6,10.6,16.5,0.0,72.0,112
2025-04-15,C.A. Zamora,Zamora,MARTES,4,2025,112,8.4,13.3,4.3,10.0,13.0,1.02,63.0,101
2025-04-16,C.A. Zamora,Zamora,MIÉRCOLES,4,2025,101,7.1,13.3,2.4,7.8,13.0,0.0,76.0,94
2025-04-17,C.A. Zamora,Zamora,JUEVES,4,2025,94,10.8,17.3,3.3,7.4,13.0,1.78,70.0,97
2025-04-18,C.A. Zamora,Zamora,VIERNES,4,2025,97,12.3,16.3,9.4,10.4,16.5,0.0,80.0,91
2025-04-19,C.A. Zamora,Zamora,SÁBADO,4,2025,91,7.7,11.9,4.1,12.8,18.3,7.11,75.0,108
2025-04-20,C.A. Zamora,Zamora,DOMINGO,4,2025,108,10.7,17.6,4.8,8.5,14.8,1.27,71.0,90
2025-04-21,C.A. Zamora,Zamora,LUNES,4,2025,90,10.9,16.9,6.2,6.9,11.1,0.0,77.0,111
2025-04-22,C.A. Zamora,Zamora,MARTES,4,2025,111,12.9,19.1,8.1,5.0,9.4,0.0,67.0,131
2025-04-23,C.A. Zamora,Zamora,MIÉRCOLES,4,2025,131,14.7,23.7,5.2,4.6,11.1,0.25,59.0,92
2025-04-24,C.A. Zamora,Zamora,JUEVES,4,2025,92,16.5,26.1,7.3,5.2,9.4,0.0,60.0,102
2025-04-25,C.A. Zamora,Zamora,VIERNES,4,2025,102,16.7,24.8,9.0,6.9,16.5,0.0,59.0,121
2025-04-26,C.A. Zamora,Zamora,SÁBADO,4,2025,121,13.9,21.3,7.0,8.7,20.6,0.0,52.0,115
2025-04-27,C.A. Zamora,Zamora,DOMINGO,4,2025,115,12.7,20.7,3.6,8.1,14.8,0.0,61.0,89
2025-04-28,C.A. Zamora,Zamora,LUNES,4,2025,89,13.3,26.1,5.1,6.1,7.6,0.0,62.0,110
2025-04-29,C.A. Zamora,Zamora,MARTES,4,2025,110,18.7,26.0,11.8,11.1,16.5,0.0,46.0,110
2025-04-30,C.A. Zamora,Zamora,MIÉRCOLES,4,2025,110,15.1,21.3,9.4,9.3,18.3,0.0,65.0,120
2025-05-01,C.A. Zamora,Zamora,JUEVES,5,2025,120,13.0,20.9,6.2,4.8,9.4,10.92,72.0,77
2025-05-02,C.A. Zamora,Zamora,VIERNES,5,2025,77,12.5,13.9,11.4,8.3,16.5,0.0,81.0,127
2025-05-03,C.A. Zamora,Zamora,SÁBADO,5,2025,127,14.6,20.4,12.8,7.8,16.5,0.25,69.0,92
2025-05-04,C.A. Zamora,Zamora,DOMINGO,5,2025,92,12.9,17.0,10.8,5.7,11.1,2.29,82.0,87
2025-05-05,C.A. Zamora,Zamora,LUNES,5,2025,87,12.6,17.6,9.8,5.4,13.0,36.83,88.0,118
2025-05-06,C.A. Zamora,Zamora,MARTES,5,2025,118,10.1,16.2,5.2,8.1,13.0,8.89,68.0,122
2025-05-07,C.A. Zamora,Zamora,MIÉRCOLES,5,2025,122,11.2,18.9,3.2,7.4,13.0,0.0,64.0,90
2025-05-08,C.A. Zamora,Zamora,JUEVES,5,2025,90,13.3,21.9,7.7,8.1,13.0,0.0,66.0,90
2025-05-09,C.A. Zamora,Zamora,VIERNES,5,2025,90,11.2,15.0,9.5,5.7,9.4,2.79,89.0,129
2025-05-10,C.A. Zamora,Zamora,SÁBADO,5,2025,129,10.8,15.4,8.3,7.8,14.8,20.83,83.0,96
2025-05-11,C.A. Zamora,Zamora,DOMINGO,5,2025,96,11.2,17.1,6.0,8.5,13.0,3.56,71.0,79
2025-05-12,C.A. Zamora,Zamora,LUNES,5,2025,79,10.8,16.0,6.6,7.2,11.1,0.0,80.0,108
2025-05-13,C.A. Zamora,Zamora,MARTES,5,2025,108,13.1,18.0,8.3,5.4,9.4,1.27,77.0,107
2025-05-14,C.A. Zamora,Zamora,MIÉRCOLES,5,2025,107,14.2,20.2,9.4,4.4,7.6,1.52,66.0,118
2025-05-15,C.A. Zamora,Zamora,JUEVES,5,2025,118,14.2,19.1,9.7,10.0,14.8,0.0,73.0,106
2025-05-16,C.A. Zamora,Zamora,VIERNES,5,2025,106,15.8,23.5,7.6,5.6,9.4,0.0,61.0,90
2025-05-17,C.A. Zamora,Zamora,SÁBADO,5,2025,90,16.8,24.9,7.2,5.6,9.4,0.0,55.0,92
2025-05-18,C.A. Zamora,Zamora,DOMINGO,5,2025,92,18.0,27.4,9.9,8.0,13.0,0.0,56.0,107
2025-05-19,C.A. Zamora,Zamora,LUNES,5,2025,107,14.9,20.1,9.7,8.1,11.1,0.0,63.0,106
2025-05-20,C.A. Zamora,Zamora,MARTES,5,2025,106,17.3,24.7,9.0,4.6,9.4,0.0,57.0,102
2025-05-21,C.A. Zamora,Zamora,MIÉRCOLES,5,2025,102,18.5,27.0,10.0,6.7,14.8,0.0,55.0,97
2025-05-22,C.A. Zamora,Zamora,JUEVES,5,2025,97,15.3,21.4,9.6,9.3,14.8,0.0,60.0,105
2025-05-23,C.A. Zamora,Zamora,VIERNES,5,2025,105,15.6,23.6,6.7,9.8,16.5,0.0,51.0,107
2025-05-24,C.A. Zamora,Zamora,SÁBADO,5,2025,107,18.0,27.0,7.4,5.0,9.4,0.0,47.0,84
2025-05-25,C.A. Zamora,Zamora,DOMINGO,5,2025,84,14.9,17.6,12.4,2.6,5.4,0.0,67.0,100
2025-05-26,C.A. Zamora,Zamora,LUNES,5,2025,100,19.3,27.4,10.8,6.7,9.4,0.0,54.0,132
2025-05-27,C.A. Zamora,Zamora,MARTES,5,2025,132,20.9,30.8,10.3,5.7,11.1,0.0,48.0,103
2025-05-28,C.A. Zamora,Zamora,MIÉRCOLES,5,2025,103,18.2,32.7,13.4,3.9,9.4,0.0,58.0,102
2025-05-29,C.A. Zamora,Zamora,JUEVES,5,2025,102,26.4,35.0,15.0,5.6,11.1,0.0,37.0,113
2025-05-30,C.A. Zamora,Zamora,VIERNES,5,2025,113,26.7,34.2,19.8,5.6,7.6,0.0,40.0,116
2025-05-31,C.A. Zamora,Zamora,SÁBADO,5,2025,116,24.9,34.0,16.0,6.9,14.8,0.0,46.0,106
2025-06-01,C.A. Zamora,Zamora,DOMINGO,6,2025,106,25.0,31.0,20.8,5.2,9.4,0.0,43.0,107
2025-06-02,C.A. Zamora,Zamora,LUNES,6,2025,107,21.9,28.3,14.1,9.1,14.8,0.51,59.0,109
2025-06-03,C.A. Zamora,Zamora,MARTES,6,2025,109,17.3,22.1,14.2,8.1,14.8,3.81,74.0,105
2025-06-04,C.A. Zamora,Zamora,MIÉRCOLES,6,2025,105,17.4,23.2,11.6,7.4,11.1,0.76,60.0,108
2025-06-05,C.A. Zamora,Zamora,JUEVES,6,2025,108,19.4,26.4,11.9,7.2,11.1,0.0,53.0,101
2025-06-06,C.A. Zamora,Zamora,VIERNES,6,2025,101,19.9,27.0,12.6,7.2,9.4,0.0,57.0,111
2025-06-07,C.A. Zamora,Zamora,SÁBADO,6,2025,111,20.8,28.1,13.2,6.9,11.1,0.0,49.0,83
2025-06-08,C.A. Zamora,Zamora,DOMINGO,6,2025,83,19.9,31.3,11.6,5.9,11.1,0.0,55.0,73
2025-06-09,C.A. Zamora,Zamora,LUNES,6,2025,73,24.0,35.3,13.8,7.4,11.1,0.0,47.0,114
2025-06-10,C.A. Zamora,Zamora,MARTES,6,2025,114,25.6,32.2,17.6,6.7,13.0,0.0,44.0,119
2025-06-11,C.A. Zamora,Zamora,MIÉRCOLES,6,2025,119,25.8,30.6,21.4,9.4,14.8,0.0,41.0,102
2025-06-12,C.A. Zamora,Zamora,JUEVES,6,2025,102,20.8,27.3,13.3,6.3,11.1,0.0,53.0,125
2025-06-13,C.A. Zamora,Zamora,VIERNES,6,2025,125,22.7,30.2,14.3,5.9,11.1,0.0,50.0,124
2025-06-14,C.A. Zamora,Zamora,SÁBADO,6,2025,124,20.7,28.8,14.8,5.9,9.4,0.0,57.0,115
2025-06-15,C.A. Zamora,Zamora,DOMINGO,6,2025,115,0.0,0.0,0.0,0.0,0.0,0.0,0.0,109
2025-06-16,C.A. Zamora,Zamora,LUNES,6,2025,109,27.9,35.4,14.5,7.2,11.1,0.0,37.0,117
2025-06-17,C.A. Zamora,Zamora,MARTES,6,2025,117,27.4,36.6,17.3,5.0,9.4,0.0,42.0,107
2025-06-18,C.A. Zamora,Zamora,MIÉRCOLES,6,2025,107,28.5,37.0,18.8,7.4,13.0,0.0,35.0,127
2025-06-19,C.A. Zamora,Zamora,JUEVES,6,2025,127,26.7,35.1,20.7,7.0,14.8,0.0,36.0,111
2025-06-20,C.A. Zamora,Zamora,VIERNES,6,2025,111,27.4,38.3,17.2,8.9,24.1,0.0,40.0,121
2025-06-21,C.A. Zamora,Zamora,SÁBADO,6,2025,121,28.3,36.5,20.4,6.5,14.8,0.51,38.0,87
2025-06-22,C.A. Zamora,Zamora,DOMINGO,6,2025,87,27.1,35.7,18.5,5.4,13.0,0.0,35.0,117
2025-06-23,C.A. Zamora,Zamora,LUNES,6,2025,117,26.5,34.7,18.0,6.9,13.0,0.0,41.0,124
2025-06-24,C.A. Zamora,Zamora,MARTES,6,2025,124,20.0,23.0,16.7,8.1,18.3,2.03,72.0,107
2025-06-25,C.A. Zamora,Zamora,MIÉRCOLES,6,2025,107,20.9,26.2,15.8,6.7,11.1,1.52,57.0,96
2025-06-26,C.A. Zamora,Zamora,JUEVES,6,2025,96,23.7,32.5,15.0,5.4,9.4,0.0,48.0,100
2025-06-27,C.A. Zamora,Zamora,VIERNES,6,2025,100,27.1,36.8,17.2,5.7,11.1,0.0,39.0,99
2025-06-28,C.A. Zamora,Zamora,SÁBADO,6,2025,99,28.7,38.7,18.3,5.7,9.4,0.0,37.0,92
2025-06-29,C.A. Zamora,Zamora,DOMINGO,6,2025,92,28.1,39.9,18.8,6.9,14.8,0.0,36.0,80
2025-06-30,C.A. Zamora,Zamora,LUNES,6,2025,80,28.6,39.5,18.4,7.6,14.8,0.25,30.0,110
2025-07-01,C.A. Zamora,Zamora,MARTES,7,2025,110,29.4,39.0,18.8,5.0,9.4,0.0,31.0,113
2025-07-02,C.A. Zamora,Zamora,MIÉRCOLES,7,2025,113,28.7,38.2,19.8,6.5,22.2,0.0,38.0,116
2025-07-03,C.A. Zamora,Zamora,JUEVES,7,2025,116,24.6,36.8,17.2,11.3,25.9,0.0,56.0,106
2025-07-04,C.A. Zamora,Zamora,VIERNES,7,2025,106,26.3,36.7,17.5,8.3,22.2,0.51,49.0,115
2025-07-05,C.A. Zamora,Zamora,SÁBADO,7,2025,115,26.6,35.8,18.3,8.1,18.3,0.0,46.0,86
2025-07-06,C.A. Zamora,Zamora,DOMINGO,7,2025,86,26.5,35.2,17.6,7.6,11.1,0.0,39.0,106
2025-07-07,C.A. Zamora,Zamora,LUNES,7,2025,106,24.1,32.6,16.5,10.6,18.3,0.0,46.0,130
2025-07-08,C.A. Zamora,Zamora,MARTES,7,2025,130,22.4,32.2,13.0,11.3,16.5,0.0,39.0,106
2025-07-09,C.A. Zamora,Zamora,MIÉRCOLES,7,2025,106,25.5,36.4,14.4,8.0,14.8,0.0,37.0,116
2025-07-10,C.A. Zamora,Zamora,JUEVES,7,2025,116,28.4,36.9,20.1,6.3,11.1,0.0,34.0,95
2025-07-11,C.A. Zamora,Zamora,VIERNES,7,2025,95,23.3,29.6,16.9,8.1,13.0,0.0,48.0,114
2025-07-12,C.A. Zamora,Zamora,SÁBADO,7,2025,114,23.6,31.8,16.2,6.5,9.4,0.0,53.0,72
2025-07-13,C.A. Zamora,Zamora,DOMINGO,7,2025,72,23.9,31.5,16.5,7.0,11.1,0.0,49.0,99
2025-07-14,C.A. Zamora,Zamora,LUNES,7,2025,99,26.0,34.1,17.0,7.2,13.0,0.0,39.0,119
2025-07-15,C.A. Zamora,Zamora,MARTES,7,2025,119,25.3,34.8,15.8,7.4,11.1,0.0,43.0,89
2025-07-16,C.A. Zamora,Zamora,MIÉRCOLES,7,2025,89,28.7,39.6,17.1,6.5,11.1,0.0,30.0,89
2025-07-17,C.A. Zamora,Zamora,JUEVES,7,2025,89,28.3,36.0,20.1,5.7,11.1,0.0,34.0,127
2025-07-18,C.A. Zamora,Zamora,VIERNES,7,2025,127,23.6,30.2,17.9,7.0,11.1,0.0,46.0,104
2025-07-19,C.A. Zamora,Zamora,SÁBADO,7,2025,104,21.6,28.1,15.5,9.1,13.0,0.0,49.0,101
2025-07-20,C.A. Zamora,Zamora,DOMINGO,7,2025,101,20.2,26.4,15.5,10.2,18.3,0.0,50.0,103
2025-07-21,C.A. Zamora,Zamora,LUNES,7,2025,103,20.7,30.0,11.9,5.6,9.4,0.0,39.0,122
2025-07-22,C.A. Zamora,Zamora,MARTES,7,2025,122,23.6,32.4,13.4,5.9,9.4,0.0,41.0,117
2025-07-23,C.A. Zamora,Zamora,MIÉRCOLES,7,2025,117,24.0,31.3,17.6,9.6,24.1,0.0,40.0,124
2025-07-24,C.A. Zamora,Zamora,JUEVES,7,2025,124,19.5,26.6,12.7,13.7,22.2,0.0,51.0,93
2025-07-25,C.A. Zamora,Zamora,VIERNES,7,2025,93,20.4,29.5,11.5,10.0,16.5,0.0,43.0,105
2025-07-26,C.A. Zamora,Zamora,SÁBADO,7,2025,105,22.7,32.6,12.5,6.7,11.1,0.0,40.0,97
2025-07-27,C.A. Zamora,Zamora,DOMINGO,7,2025,97,25.2,35.4,15.1,6.7,13.0,0.0,36.0,84
2025-07-28,C.A. Zamora,Zamora,LUNES,7,2025,84,21.7,28.1,15.2,14.3,22.2,0.0,50.0,99
2025-07-29,C.A. Zamora,Zamora,MARTES,7,2025,99,22.8,29.3,12.9,13.1,18.3,0.0,43.0,135
2025-07-30,C.A. Zamora,Zamora,MIÉRCOLES,7,2025,135,22.9,32.5,12.5,9.1,18.3,0.0,41.0,113
2025-07-31,C.A. Zamora,Zamora,JUEVES,7,2025,113,24.1,34.0,14.4,8.5,14.8,0.0,41.0,94
2025-08-01,C.A. Zamora,Zamora,VIERNES,8,2025,94,23.9,34.0,14.6,10.6,14.8,0.0,44.0,124
2025-08-02,C.A. Zamora,Zamora,SÁBADO,8,2025,124,24.7,35.7,15.3,9.8,14.8,0.0,43.0,107
2025-08-03,C.A. Zamora,Zamora,DOMINGO,8,2025,107,25.6,36.1,16.0,10.2,14.8,0.0,35.0,79
2025-08-04,C.A. Zamora,Zamora,LUNES,8,2025,79,27.7,38.5,16.9,5.7,9.4,0.0,30.0,131
2025-08-05,C.A. Zamora,Zamora,MARTES,8,2025,131,27.8,39.2,20.3,8.1,22.2,0.0,35.0,129
2025-08-06,C.A. Zamora,Zamora,MIÉRCOLES,8,2025,129,26.5,37.6,17.0,8.5,14.8,0.0,35.0,127
2025-08-07,C.A. Zamora,Zamora,JUEVES,8,2025,127,29.6,39.5,19.5,5.2,11.1,0.0,27.0,126
2025-08-08,C.A. Zamora,Zamora,VIERNES,8,2025,126,28.7,39.3,19.9,4.4,7.6,0.0,33.0,121
2025-08-09,C.A. Zamora,Zamora,SÁBADO,8,2025,121,30.1,39.9,20.5,4.4,9.4,1.52,33.0,103
2025-08-10,C.A. Zamora,Zamora,DOMINGO,8,2025,103,30.7,41.2,20.7,6.5,11.1,0.0,30.0,103
2025-08-11,C.A. Zamora,Zamora,LUNES,8,2025,103,30.9,40.5,21.8,4.8,9.4,0.0,28.0,124
2025-08-12,C.A. Zamora,Zamora,MARTES,8,2025,124,27.5,40.0,20.9,6.3,24.1,0.0,35.0,113
2025-08-13,C.A. Zamora,Zamora,MIÉRCOLES,8,2025,113,27.8,36.6,21.0,6.1,13.0,1.02,39.0,114
2025-08-14,C.A. Zamora,Zamora,JUEVES,8,2025,114,28.1,38.3,18.1,5.7,9.4,0.0,38.0,100
2025-08-15,C.A. Zamora,Zamora,VIERNES,8,2025,100,30.1,40.4,20.3,6.1,11.1,0.0,26.0,105
2025-08-16,C.A. Zamora,Zamora,SÁBADO,8,2025,105,30.2,40.9,18.7,5.2,11.1,0.0,23.0,103
2025-08-17,C.A. Zamora,Zamora,DOMINGO,8,2025,103,30.1,39.1,21.9,5.2,11.1,0.0,25.0,107
2025-08-18,C.A. Zamora,Zamora,LUNES,8,2025,107,25.1,32.6,19.4,8.1,16.5,0.0,34.0,131
2025-08-19,C.A. Zamora,Zamora,MARTES,8,2025,131,21.4,29.5,14.8,6.9,11.1,0.0,50.0,121
2025-08-20,C.A. Zamora,Zamora,MIÉRCOLES,8,2025,121,21.1,29.2,14.2,6.3,13.0,0.0,45.0,118
2025-08-21,C.A. Zamora,Zamora,JUEVES,8,2025,118,20.6,28.8,12.7,5.9,11.1,0.0,49.0,120
2025-08-22,C.A. Zamora,Zamora,VIERNES,8,2025,120,21.4,29.9,13.1,6.5,11.1,0.0,43.0,122
2025-08-23,C.A. Zamora,Zamora,SÁBADO,8,2025,122,22.6,33.3,12.8,6.1,11.1,0.0,40.0,92
2025-08-24,C.A. Zamora,Zamora,DOMINGO,8,2025,92,25.5,35.1,16.0,5.6,9.4,0.0,32.0,89
2025-08-25,C.A. Zamora,Zamora,LUNES,8,2025,89,0.0,0.0,0.0,0.0,0.0,0.0,0.0,131
2025-08-26,C.A. Zamora,Zamora,MARTES,8,2025,131,0.0,0.0,0.0,0.0,0.0,0.0,0.0,128
2025-08-27,C.A. Zamora,Zamora,MIÉRCOLES,8,2025,128,0.0,0.0,0.0,0.0,0.0,0.0,0.0,89
2025-08-28,C.A. Zamora,Zamora,JUEVES,8,2025,89,0.0,0.0,0.0,0.0,0.0,0.0,0.0,108
2025-08-29,C.A. Zamora,Zamora,VIERNES,8,2025,108,0.0,0.0,0.0,0.0,0.0,0.0,0.0,104
2025-08-30,C.A. Zamora,Zamora,SÁBADO,8,2025,104,0.0,0.0,0.0,0.0,0.0,0.0,0.0,96
2025-08-31,C.A. Zamora,Zamora,DOMINGO,8,2025,96,0.0,0.0,0.0,0.0,0.0,0.0,0.0,95
2024-01-01,C.A. Ávila,Ávila,LUNES,1,2024,57,12.2,15.0,9.1,13.9,25.9,0.0,52.0,57
2024-01-02,C.A. Ávila,Ávila,MARTES,1,2024,57,15.6,21.0,11.9,17.6,48.2,0.0,59.0,75
2024-01-03,C.A. Ávila,Ávila,MIÉRCOLES,1,2024,75,13.9,15.1,12.8,19.3,35.2,10.41,64.0,83
2024-01-04,C.A. Ávila,Ávila,JUEVES,1,2024,83,10.6,13.0,8.0,17.0,35.2,0.0,68.0,75
2024-01-05,C.A. Ávila,Ávila,VIERNES,1,2024,75,8.0,10.2,6.0,17.0,25.9,6.1,83.0,77
2024-01-06,C.A. Ávila,Ávila,SÁBADO,1,2024,77,8.3,10.8,6.6,12.2,24.1,14.73,84.0,51
2024-01-07,C.A. Ávila,Ávila,DOMINGO,1,2024,51,7.3,11.2,5.0,9.6,16.5,5.59,84.0,61
2024-01-08,C.A. Ávila,Ávila,LUNES,1,2024,61,5.7,9.2,2.2,8.1,20.6,1.52,82.0,74
2024-01-09,C.A. Ávila,Ávila,MARTES,1,2024,74,5.6,8.2,3.0,7.8,18.3,0.0,82.0,79
2024-01-10,C.A. Ávila,Ávila,MIÉRCOLES,1,2024,79,6.8,9.1,5.6,5.7,20.6,2.29,93.0,76
2024-01-11,C.A. Ávila,Ávila,JUEVES,1,2024,76,5.8,8.0,4.0,5.4,13.0,19.81,89.0,71
2024-01-12,C.A. Ávila,Ávila,VIERNES,1,2024,71,6.1,10.3,2.9,7.6,18.3,2.03,81.0,70
2024-01-13,C.A. Ávila,Ávila,SÁBADO,1,2024,70,9.2,13.0,3.7,5.2,16.5,0.0,75.0,49
2024-01-14,C.A. Ávila,Ávila,DOMINGO,1,2024,49,12.8,16.0,10.2,7.2,18.3,0.51,90.0,50
2024-01-15,C.A. Ávila,Ávila,LUNES,1,2024,50,13.4,15.3,11.2,8.3,16.5,5.33,96.0,61
2024-01-16,C.A. Ávila,Ávila,MARTES,1,2024,61,12.4,17.0,10.0,7.2,16.5,2.79,92.0,75
2024-01-17,C.A. Ávila,Ávila,MIÉRCOLES,1,2024,75,15.7,18.0,12.0,16.9,35.2,2.29,62.0,61
2024-01-18,C.A. Ávila,Ávila,JUEVES,1,2024,61,11.8,17.0,7.0,14.8,35.2,0.0,74.0,66
2024-01-19,C.A. Ávila,Ávila,VIERNES,1,2024,66,6.9,9.2,2.3,19.4,33.5,12.45,70.0,60
2024-01-20,C.A. Ávila,Ávila,SÁBADO,1,2024,60,5.3,11.0,-0.3,7.0,18.3,0.0,60.0,55
2024-01-21,C.A. Ávila,Ávila,DOMINGO,1,2024,55,12.9,18.0,4.4,10.4,22.2,0.0,61.0,54
2024-01-22,C.A. Ávila,Ávila,LUNES,1,2024,54,16.6,21.0,11.1,19.1,31.7,0.25,67.0,74
2024-01-23,C.A. Ávila,Ávila,MARTES,1,2024,74,14.2,19.0,10.7,4.6,14.8,0.51,87.0,79
2024-01-24,C.A. Ávila,Ávila,MIÉRCOLES,1,2024,79,13.4,17.0,10.8,5.9,13.0,0.0,88.0,59
2024-01-25,C.A. Ávila,Ávila,JUEVES,1,2024,59,12.8,17.0,8.9,8.7,22.2,0.0,81.0,57
2024-01-26,C.A. Ávila,Ávila,VIERNES,1,2024,57,11.6,17.1,8.0,8.0,16.5,0.0,86.0,64
2024-01-27,C.A. Ávila,Ávila,SÁBADO,1,2024,64,11.1,15.3,6.2,4.6,16.5,0.0,89.0,52
2024-01-28,C.A. Ávila,Ávila,DOMINGO,1,2024,52,14.2,20.0,10.0,6.7,18.3,0.0,56.0,48
2024-01-29,C.A. Ávila,Ávila,LUNES,1,2024,48,14.6,20.0,8.9,6.1,18.3,0.0,58.0,68
2024-01-30,C.A. Ávila,Ávila,MARTES,1,2024,68,11.0,16.3,6.6,6.5,20.6,0.0,83.0,69
2024-01-31,C.A. Ávila,Ávila,MIÉRCOLES,1,2024,69,11.4,17.0,6.9,4.8,16.5,0.0,81.0,59
2024-02-01,C.A. Ávila,Ávila,JUEVES,2,2024,59,11.0,13.0,8.5,4.8,11.1,0.0,89.0,62
2024-02-02,C.A. Ávila,Ávila,VIERNES,2,2024,62,11.2,14.7,6.1,10.6,18.3,0.0,84.0,64
2024-02-03,C.A. Ávila,Ávila,SÁBADO,2,2024,64,11.2,14.0,6.9,8.1,14.8,0.0,86.0,61
2024-02-04,C.A. Ávila,Ávila,DOMINGO,2,2024,61,9.9,15.0,6.0,4.8,14.8,0.0,89.0,64
2024-02-05,C.A. Ávila,Ávila,LUNES,2,2024,64,10.4,13.1,7.0,6.7,16.5,0.0,87.0,69
2024-02-06,C.A. Ávila,Ávila,MARTES,2,2024,69,11.4,17.0,7.5,6.9,16.5,0.0,81.0,52
2024-02-07,C.A. Ávila,Ávila,MIÉRCOLES,2,2024,52,14.7,20.0,8.0,14.1,29.4,0.0,58.0,61
2024-02-08,C.A. Ávila,Ávila,JUEVES,2,2024,61,18.1,21.0,15.0,16.5,29.4,0.0,40.0,55
2024-02-09,C.A. Ávila,Ávila,VIERNES,2,2024,55,13.5,18.0,9.6,12.6,31.7,0.0,69.0,76
2024-02-10,C.A. Ávila,Ávila,SÁBADO,2,2024,76,9.3,11.7,8.0,26.7,46.5,19.81,70.0,64
2024-02-11,C.A. Ávila,Ávila,DOMINGO,2,2024,64,10.2,13.8,8.0,12.4,22.2,0.76,69.0,70
2024-02-12,C.A. Ávila,Ávila,LUNES,2,2024,70,11.9,16.0,8.4,17.4,66.5,1.78,77.0,72
2024-02-13,C.A. Ávila,Ávila,MARTES,2,2024,72,13.0,19.0,8.0,5.7,16.5,0.25,71.0,66
2024-02-14,C.A. Ávila,Ávila,MIÉRCOLES,2,2024,66,14.8,20.0,11.0,7.8,16.5,0.0,72.0,64
2024-02-15,C.A. Ávila,Ávila,JUEVES,2,2024,64,16.1,24.0,11.8,13.7,50.0,0.0,70.0,79
2024-02-16,C.A. Ávila,Ávila,VIERNES,2,2024,79,12.3,15.0,9.7,7.0,16.5,2.29,82.0,62
2024-02-17,C.A. Ávila,Ávila,SÁBADO,2,2024,62,11.8,18.0,8.0,8.7,18.3,0.0,75.0,52
2024-02-18,C.A. Ávila,Ávila,DOMINGO,2,2024,52,12.5,17.0,8.9,8.3,14.8,0.0,83.0,55
2024-02-19,C.A. Ávila,Ávila,LUNES,2,2024,55,12.4,14.0,10.8,7.6,16.5,5.08,99.0,67
2024-02-20,C.A. Ávila,Ávila,MARTES,2,2024,67,12.2,16.0,9.8,6.9,18.3,0.0,86.0,78
2024-02-21,C.A. Ávila,Ávila,MIÉRCOLES,2,2024,78,14.3,19.0,9.0,9.8,31.7,0.0,64.0,67
2024-02-22,C.A. Ávila,Ávila,JUEVES,2,2024,67,14.2,21.0,7.0,33.9,79.5,0.0,55.0,56
2024-02-23,C.A. Ávila,Ávila,VIERNES,2,2024,56,7.0,9.0,5.8,26.3,48.2,11.18,79.0,79
2024-02-24,C.A. Ávila,Ávila,SÁBADO,2,2024,79,8.4,11.0,5.0,21.9,46.5,24.38,78.0,39
2024-02-25,C.A. Ávila,Ávila,DOMINGO,2,2024,39,13.1,16.0,8.5,32.8,59.4,13.97,77.0,53
2024-02-26,C.A. Ávila,Ávila,LUNES,2,2024,53,9.4,11.0,7.0,26.3,51.9,18.03,75.0,57
2024-02-27,C.A. Ávila,Ávila,MARTES,2,2024,57,9.9,12.7,7.6,10.9,22.2,11.94,65.0,59
2024-02-28,C.A. Ávila,Ávila,MIÉRCOLES,2,2024,59,10.4,13.4,7.3,11.9,18.3,0.0,76.0,44
2024-02-29,C.A. Ávila,Ávila,JUEVES,2,2024,44,9.6,13.5,6.0,22.4,63.0,0.0,78.0,58
2024-03-01,C.A. Ávila,Ávila,VIERNES,3,2024,58,10.0,13.4,6.2,23.5,35.2,15.75,75.0,77
2024-03-02,C.A. Ávila,Ávila,SÁBADO,3,2024,77,7.7,10.0,5.0,19.1,37.0,9.65,82.0,58
2024-03-03,C.A. Ávila,Ávila,DOMINGO,3,2024,58,6.7,10.0,4.4,16.1,35.2,32.26,84.0,51
2024-03-04,C.A. Ávila,Ávila,LUNES,3,2024,51,10.4,15.3,7.3,18.7,44.6,6.86,73.0,64
2024-03-05,C.A. Ávila,Ávila,MARTES,3,2024,64,10.1,13.5,6.9,13.5,24.1,1.52,66.0,67
2024-03-06,C.A. Ávila,Ávila,MIÉRCOLES,3,2024,67,9.9,15.1,4.9,11.5,24.1,0.0,66.0,64
2024-03-07,C.A. Ávila,Ávila,JUEVES,3,2024,64,12.6,18.0,8.8,11.9,25.9,0.0,52.0,71
2024-03-08,C.A. Ávila,Ávila,VIERNES,3,2024,71,8.4,10.9,4.0,9.4,27.8,0.0,73.0,55
2024-03-09,C.A. Ávila,Ávila,SÁBADO,3,2024,55,10.3,13.6,8.0,15.4,35.2,0.0,53.0,64
2024-03-10,C.A. Ávila,Ávila,DOMINGO,3,2024,64,10.3,13.0,8.5,30.0,50.0,7.87,76.0,60
2024-03-11,C.A. Ávila,Ávila,LUNES,3,2024,60,10.9,13.5,8.7,20.7,35.2,0.0,78.0,49
2024-03-12,C.A. Ávila,Ávila,MARTES,3,2024,49,12.9,16.0,10.0,10.2,16.5,0.0,70.0,79
2024-03-13,C.A. Ávila,Ávila,MIÉRCOLES,3,2024,79,12.7,20.0,8.0,8.7,18.3,0.0,70.0,67
2024-03-14,C.A. Ávila,Ávila,JUEVES,3,2024,67,14.4,21.5,9.0,6.9,24.1,0.0,69.0,70
2024-03-15,C.A. Ávila,Ávila,VIERNES,3,2024,70,13.8,17.2,9.2,4.6,13.0,0.0,82.0,65
2024-03-16,C.A. Ávila,Ávila,SÁBADO,3,2024,65,14.6,21.0,10.5,5.2,18.3,0.0,78.0,45
2024-03-17,C.A. Ávila,Ávila,DOMINGO,3,2024,45,15.9,21.0,13.0,5.2,18.3,0.0,81.0,64
2024-03-18,C.A. Ávila,Ávila,LUNES,3,2024,64,14.4,17.0,13.0,5.6,14.8,3.3,93.0,66
2024-03-19,C.A. Ávila,Ávila,MARTES,3,2024,66,13.1,14.0,12.6,4.4,13.0,0.25,98.0,85
2024-03-20,C.A. Ávila,Ávila,MIÉRCOLES,3,2024,85,12.9,15.1,11.0,6.7,16.5,0.0,94.0,74
2024-03-21,C.A. Ávila,Ávila,JUEVES,3,2024,74,13.6,18.0,10.5,8.3,20.6,1.78,88.0,69
2024-03-22,C.A. Ávila,Ávila,VIERNES,3,2024,69,12.9,14.0,11.0,4.8,11.1,0.0,97.0,68
2024-03-23,C.A. Ávila,Ávila,SÁBADO,3,2024,68,11.4,14.0,9.7,9.6,16.5,3.81,83.0,51
2024-03-24,C.A. Ávila,Ávila,DOMINGO,3,2024,51,11.3,14.0,7.4,11.1,22.2,0.0,73.0,62
2024-03-25,C.A. Ávila,Ávila,LUNES,3,2024,62,9.2,15.0,6.4,19.3,46.5,0.0,79.0,75
2024-03-26,C.A. Ávila,Ávila,MARTES,3,2024,75,7.6,11.6,5.0,17.2,25.9,2.54,65.0,57
2024-03-27,C.A. Ávila,Ávila,MIÉRCOLES,3,2024,57,11.7,16.0,5.8,24.6,37.0,3.56,61.0,49
2024-03-28,C.A. Ávila,Ávila,JUEVES,3,2024,49,0.0,0.0,0.0,0.0,0.0,0.0,0.0,49
2024-03-29,C.A. Ávila,Ávila,VIERNES,3,2024,49,0.0,0.0,0.0,0.0,0.0,0.0,0.0,54
2024-03-30,C.A. Ávila,Ávila,SÁBADO,3,2024,54,0.0,0.0,0.0,0.0,0.0,0.0,0.0,58
2024-03-31,C.A. Ávila,Ávila,DOMINGO,3,2024,58,0.0,0.0,0.0,0.0,0.0,0.0,0.0,46
2024-04-01,C.A. Ávila,Ávila,LUNES,4,2024,46,11.8,15.5,10.1,10.6,22.2,0.0,50.0,61
2024-04-02,C.A. Ávila,Ávila,MARTES,4,2024,61,11.6,14.0,8.2,8.9,22.2,0.0,60.0,63
2024-04-03,C.A. Ávila,Ávila,MIÉRCOLES,4,2024,63,17.4,22.0,13.5,15.2,29.4,1.52,51.0,67
2024-04-04,C.A. Ávila,Ávila,JUEVES,4,2024,67,17.7,23.0,13.1,6.7,14.8,0.0,56.0,63
2024-04-05,C.A. Ávila,Ávila,VIERNES,4,2024,63,20.6,29.0,12.5,8.7,25.9,0.0,44.0,81
2024-04-06,C.A. Ávila,Ávila,SÁBADO,4,2024,81,16.9,25.0,11.6,11.1,35.2,0.0,67.0,50
2024-04-07,C.A. Ávila,Ávila,DOMINGO,4,2024,50,14.2,18.0,10.3,6.9,14.8,0.51,83.0,77
2024-04-08,C.A. Ávila,Ávila,LUNES,4,2024,77,11.6,15.0,8.0,17.6,40.7,0.0,77.0,55
2024-04-09,C.A. Ávila,Ávila,MARTES,4,2024,55,10.4,14.2,6.9,15.2,25.9,12.45,76.0,71
2024-04-10,C.A. Ávila,Ávila,MIÉRCOLES,4,2024,71,12.4,17.0,7.5,6.1,14.8,0.0,69.0,67
2024-04-11,C.A. Ávila,Ávila,JUEVES,4,2024,67,14.4,20.0,9.4,8.9,25.9,0.0,71.0,52
2024-04-12,C.A. Ávila,Ávila,VIERNES,4,2024,52,19.4,27.0,11.0,5.9,20.6,0.0,61.0,68
2024-04-13,C.A. Ávila,Ávila,SÁBADO,4,2024,68,18.2,22.0,13.9,7.6,18.3,0.0,66.0,57
2024-04-14,C.A. Ávila,Ávila,DOMINGO,4,2024,57,14.2,18.2,12.0,6.1,13.0,0.0,90.0,61
2024-04-15,C.A. Ávila,Ávila,LUNES,4,2024,61,12.2,14.7,10.0,7.6,13.0,1.27,89.0,79
2024-04-16,C.A. Ávila,Ávila,MARTES,4,2024,79,11.7,13.8,10.1,7.6,13.0,1.02,76.0,83
2024-04-17,C.A. Ávila,Ávila,MIÉRCOLES,4,2024,83,11.6,15.3,8.6,8.0,20.6,0.25,80.0,66
2024-04-18,C.A. Ávila,Ávila,JUEVES,4,2024,66,11.6,14.0,7.0,12.2,25.9,0.0,79.0,61
2024-04-19,C.A. Ávila,Ávila,VIERNES,4,2024,61,11.7,16.0,5.6,12.2,22.2,0.0,73.0,66
2024-04-20,C.A. Ávila,Ávila,SÁBADO,4,2024,66,12.8,16.0,7.5,18.3,31.3,0.0,78.0,58
2024-04-21,C.A. Ávila,Ávila,DOMINGO,4,2024,58,11.9,15.0,9.0,23.2,33.5,0.0,71.0,55
2024-04-22,C.A. Ávila,Ávila,LUNES,4,2024,55,10.8,14.2,5.5,15.0,27.8,0.0,62.0,87
2024-04-23,C.A. Ávila,Ávila,MARTES,4,2024,87,8.8,11.7,4.5,11.1,25.9,0.0,77.0,58
2024-04-24,C.A. Ávila,Ávila,MIÉRCOLES,4,2024,58,9.6,13.4,5.4,9.1,16.5,1.02,79.0,63
2024-04-25,C.A. Ávila,Ávila,JUEVES,4,2024,63,11.5,15.1,9.0,13.5,24.1,0.0,82.0,62
2024-04-26,C.A. Ávila,Ávila,VIERNES,4,2024,62,10.6,13.6,8.0,8.9,16.5,2.54,89.0,73
2024-04-27,C.A. Ávila,Ávila,SÁBADO,4,2024,73,8.7,12.5,5.0,15.4,37.0,23.11,88.0,61
2024-04-28,C.A. Ávila,Ávila,DOMINGO,4,2024,61,10.9,14.0,7.7,17.0,29.4,29.21,73.0,44
2024-04-29,C.A. Ávila,Ávila,LUNES,4,2024,44,10.9,14.3,5.8,9.6,16.5,0.0,78.0,69
2024-04-30,C.A. Ávila,Ávila,MARTES,4,2024,69,11.3,16.0,9.0,11.9,31.7,0.0,84.0,54
2024-05-01,C.A. Ávila,Ávila,MIÉRCOLES,5,2024,54,8.4,10.0,7.7,18.9,24.1,0.0,81.0,46
2024-05-02,C.A. Ávila,Ávila,JUEVES,5,2024,46,10.3,15.2,6.9,14.4,33.5,1.02,77.0,58
2024-05-03,C.A. Ávila,Ávila,VIERNES,5,2024,58,12.3,16.3,9.3,8.7,20.6,2.79,81.0,73
2024-05-04,C.A. Ávila,Ávila,SÁBADO,5,2024,73,16.3,23.1,11.7,10.2,27.8,9.14,77.0,52
2024-05-05,C.A. Ávila,Ávila,DOMINGO,5,2024,52,12.8,14.1,11.0,13.3,27.8,1.52,92.0,47
2024-05-06,C.A. Ávila,Ávila,LUNES,5,2024,47,12.7,16.2,8.3,18.3,33.5,19.56,79.0,65
2024-05-07,C.A. Ávila,Ávila,MARTES,5,2024,65,13.0,15.4,9.8,9.3,14.8,0.0,84.0,67
2024-05-08,C.A. Ávila,Ávila,MIÉRCOLES,5,2024,67,13.6,18.0,8.3,13.0,24.1,0.0,82.0,64
2024-05-09,C.A. Ávila,Ávila,JUEVES,5,2024,64,15.2,21.0,9.9,10.4,27.8,0.0,84.0,58
2024-05-10,C.A. Ávila,Ávila,VIERNES,5,2024,58,16.4,22.0,12.0,5.2,14.8,0.0,84.0,68
2024-05-11,C.A. Ávila,Ávila,SÁBADO,5,2024,68,14.3,17.0,12.2,15.2,31.7,0.0,90.0,57
2024-05-12,C.A. Ávila,Ávila,DOMINGO,5,2024,57,14.6,17.6,11.8,11.5,22.2,0.0,78.0,70
2024-05-13,C.A. Ávila,Ávila,LUNES,5,2024,70,13.6,16.0,11.0,12.6,38.9,0.0,89.0,83
2024-05-14,C.A. Ávila,Ávila,MARTES,5,2024,83,13.1,15.6,11.0,21.5,44.6,10.92,77.0,93
2024-05-15,C.A. Ávila,Ávila,MIÉRCOLES,5,2024,93,12.8,16.0,10.6,17.0,25.9,2.79,70.0,77
2024-05-16,C.A. Ávila,Ávila,JUEVES,5,2024,77,13.3,18.0,10.6,18.0,29.4,0.51,73.0,51
2024-05-17,C.A. Ávila,Ávila,VIERNES,5,2024,51,13.3,16.4,10.4,17.0,31.7,0.0,83.0,64
2024-05-18,C.A. Ávila,Ávila,SÁBADO,5,2024,64,12.2,15.1,10.1,6.1,14.8,2.79,90.0,58
2024-05-19,C.A. Ávila,Ávila,DOMINGO,5,2024,58,13.1,16.4,10.6,9.1,16.5,12.7,86.0,54
2024-05-20,C.A. Ávila,Ávila,LUNES,5,2024,54,13.4,17.2,9.3,14.8,22.2,4.06,87.0,74
2024-05-21,C.A. Ávila,Ávila,MARTES,5,2024,74,13.7,16.3,12.0,12.8,25.9,5.33,88.0,69
2024-05-22,C.A. Ávila,Ávila,MIÉRCOLES,5,2024,69,13.3,17.0,10.7,18.5,37.0,2.79,85.0,71
2024-05-23,C.A. Ávila,Ávila,JUEVES,5,2024,71,13.1,16.7,9.4,13.0,29.4,2.79,83.0,63
2024-05-24,C.A. Ávila,Ávila,VIERNES,5,2024,63,14.1,18.0,11.2,8.0,20.6,0.0,85.0,74
2024-05-25,C.A. Ávila,Ávila,SÁBADO,5,2024,74,15.3,19.3,11.3,6.5,18.3,0.0,86.0,51
2024-05-26,C.A. Ávila,Ávila,DOMINGO,5,2024,51,14.7,17.2,12.6,10.2,18.3,3.81,87.0,56
2024-05-27,C.A. Ávila,Ávila,LUNES,5,2024,56,14.1,16.6,11.6,7.0,13.0,0.0,79.0,62
2024-05-28,C.A. Ávila,Ávila,MARTES,5,2024,62,15.4,18.0,12.2,5.9,13.0,0.0,79.0,83
2024-05-29,C.A. Ávila,Ávila,MIÉRCOLES,5,2024,83,15.5,19.0,11.1,10.7,18.3,0.0,90.0,62
2024-05-30,C.A. Ávila,Ávila,JUEVES,5,2024,62,15.1,16.7,13.0,9.3,16.5,1.52,89.0,68
2024-05-31,C.A. Ávila,Ávila,VIERNES,5,2024,68,14.5,17.1,10.0,10.7,20.6,2.79,81.0,51
2024-06-01,C.A. Ávila,Ávila,SÁBADO,6,2024,51,15.2,19.1,10.0,12.6,22.2,0.0,79.0,54
2024-06-02,C.A. Ávila,Ávila,DOMINGO,6,2024,54,15.6,19.0,11.5,15.7,27.8,0.0,82.0,53
2024-06-03,C.A. Ávila,Ávila,LUNES,6,2024,53,16.7,20.0,14.8,17.2,24.1,0.0,82.0,80
2024-06-04,C.A. Ávila,Ávila,MARTES,6,2024,80,17.2,21.0,14.7,9.6,22.2,0.0,84.0,84
2024-06-05,C.A. Ávila,Ávila,MIÉRCOLES,6,2024,84,16.1,18.0,14.6,5.6,11.1,0.0,96.0,70
2024-06-06,C.A. Ávila,Ávila,JUEVES,6,2024,70,16.2,17.0,15.4,10.7,20.6,0.0,91.0,70
2024-06-07,C.A. Ávila,Ávila,VIERNES,6,2024,70,16.5,19.5,15.0,12.8,18.3,0.0,89.0,56
2024-06-08,C.A. Ávila,Ávila,SÁBADO,6,2024,56,15.6,16.5,14.8,5.7,13.0,1.52,96.0,52
2024-06-09,C.A. Ávila,Ávila,DOMINGO,6,2024,52,15.1,17.0,12.9,5.2,9.4,1.27,83.0,78
2024-06-10,C.A. Ávila,Ávila,LUNES,6,2024,78,14.9,17.6,10.9,5.2,13.0,0.0,74.0,66
2024-06-11,C.A. Ávila,Ávila,MARTES,6,2024,66,14.3,17.6,11.3,7.8,14.8,0.0,82.0,71
2024-06-12,C.A. Ávila,Ávila,MIÉRCOLES,6,2024,71,14.9,18.7,11.7,9.4,18.3,1.27,79.0,71
2024-06-13,C.A. Ávila,Ávila,JUEVES,6,2024,71,14.9,18.0,10.0,6.5,16.5,0.0,84.0,53
2024-06-14,C.A. Ávila,Ávila,VIERNES,6,2024,53,16.1,18.0,13.6,17.4,31.7,1.78,82.0,56
2024-06-15,C.A. Ávila,Ávila,SÁBADO,6,2024,56,16.4,19.5,12.5,14.8,29.4,0.25,67.0,60
2024-06-16,C.A. Ávila,Ávila,DOMINGO,6,2024,60,19.3,25.0,15.5,11.7,27.8,0.0,70.0,49
2024-06-17,C.A. Ávila,Ávila,LUNES,6,2024,49,18.2,23.0,16.0,7.6,14.8,0.0,82.0,66
2024-06-18,C.A. Ávila,Ávila,MARTES,6,2024,66,16.4,19.6,15.0,8.5,18.3,26.42,94.0,78
2024-06-19,C.A. Ávila,Ávila,MIÉRCOLES,6,2024,78,15.6,18.7,14.0,9.6,16.5,11.43,96.0,71
2024-06-20,C.A. Ávila,Ávila,JUEVES,6,2024,71,15.0,17.2,13.8,18.7,33.5,1.27,94.0,73
2024-06-21,C.A. Ávila,Ávila,VIERNES,6,2024,73,15.4,18.5,13.3,13.9,25.9,13.21,83.0,62
2024-06-22,C.A. Ávila,Ávila,SÁBADO,6,2024,62,17.0,19.4,13.3,11.7,18.3,0.0,87.0,43
2024-06-23,C.A. Ávila,Ávila,DOMINGO,6,2024,43,17.2,19.8,16.0,10.6,20.6,0.0,95.0,59
2024-06-24,C.A. Ávila,Ávila,LUNES,6,2024,59,18.6,22.0,16.2,11.1,20.6,0.0,90.0,72
2024-06-25,C.A. Ávila,Ávila,MARTES,6,2024,72,18.6,21.7,16.8,7.8,18.3,0.0,92.0,64
2024-06-26,C.A. Ávila,Ávila,MIÉRCOLES,6,2024,64,18.2,21.0,15.7,9.3,24.1,7.62,96.0,75
2024-06-27,C.A. Ávila,Ávila,JUEVES,6,2024,75,17.5,19.5,16.7,7.6,14.8,0.0,96.0,74
2024-06-28,C.A. Ávila,Ávila,VIERNES,6,2024,74,17.0,18.0,15.6,10.9,18.3,0.25,93.0,64
2024-06-29,C.A. Ávila,Ávila,SÁBADO,6,2024,64,15.8,17.7,14.0,4.8,13.0,5.84,88.0,51
2024-06-30,C.A. Ávila,Ávila,DOMINGO,6,2024,51,17.1,21.0,13.3,7.2,16.5,1.02,83.0,49
2024-07-01,C.A. Ávila,Ávila,LUNES,7,2024,49,17.1,20.0,12.2,6.9,14.8,0.0,85.0,58
2024-07-02,C.A. Ávila,Ávila,MARTES,7,2024,58,17.3,19.8,15.9,6.9,13.0,0.0,83.0,75
2024-07-03,C.A. Ávila,Ávila,MIÉRCOLES,7,2024,75,17.3,19.8,15.0,5.6,13.0,0.0,80.0,52
2024-07-04,C.A. Ávila,Ávila,JUEVES,7,2024,52,17.2,20.0,14.0,9.8,18.3,0.0,91.0,66
2024-07-05,C.A. Ávila,Ávila,VIERNES,7,2024,66,18.2,20.1,16.0,7.8,14.8,0.0,92.0,61
2024-07-06,C.A. Ávila,Ávila,SÁBADO,7,2024,61,15.8,18.0,14.0,9.4,18.3,3.3,86.0,53
2024-07-07,C.A. Ávila,Ávila,DOMINGO,7,2024,53,16.1,19.8,12.3,9.4,14.8,7.87,78.0,57
2024-07-08,C.A. Ávila,Ávila,LUNES,7,2024,57,20.1,26.0,14.0,8.7,18.3,0.0,71.0,68
2024-07-09,C.A. Ávila,Ávila,MARTES,7,2024,68,19.8,25.0,16.9,7.2,18.3,2.79,87.0,65
2024-07-10,C.A. Ávila,Ávila,MIÉRCOLES,7,2024,65,20.3,24.4,17.6,5.7,13.0,4.06,91.0,88
2024-07-11,C.A. Ávila,Ávila,JUEVES,7,2024,88,20.1,23.5,17.0,14.4,29.4,2.29,90.0,51
2024-07-12,C.A. Ávila,Ávila,VIERNES,7,2024,51,16.8,18.5,14.5,7.0,11.1,0.25,79.0,60
2024-07-13,C.A. Ávila,Ávila,SÁBADO,7,2024,60,17.6,21.3,13.2,10.9,18.3,0.0,76.0,49
2024-07-14,C.A. Ávila,Ávila,DOMINGO,7,2024,49,19.4,24.0,15.6,7.4,20.6,0.51,74.0,42
2024-07-15,C.A. Ávila,Ávila,LUNES,7,2024,42,19.9,26.0,16.1,18.7,40.7,0.0,75.0,65
2024-07-16,C.A. Ávila,Ávila,MARTES,7,2024,65,18.1,21.0,14.5,10.0,18.3,0.0,78.0,61
2024-07-17,C.A. Ávila,Ávila,MIÉRCOLES,7,2024,61,19.7,24.0,14.2,9.6,18.3,0.0,80.0,62
2024-07-18,C.A. Ávila,Ávila,JUEVES,7,2024,62,19.4,22.0,15.9,8.9,20.6,0.0,88.0,56
2024-07-19,C.A. Ávila,Ávila,VIERNES,7,2024,56,20.3,23.0,16.9,4.6,11.1,0.0,86.0,61
2024-07-20,C.A. Ávila,Ávila,SÁBADO,7,2024,61,19.8,25.0,17.0,15.7,38.9,0.0,84.0,53
2024-07-21,C.A. Ávila,Ávila,DOMINGO,7,2024,53,17.5,20.4,15.2,10.4,24.1,6.1,74.0,43
2024-07-22,C.A. Ávila,Ávila,LUNES,7,2024,43,19.2,24.0,12.9,7.2,18.3,0.0,78.0,75
2024-07-23,C.A. Ávila,Ávila,MARTES,7,2024,75,20.5,25.0,15.0,9.4,18.3,0.0,86.0,58
2024-07-24,C.A. Ávila,Ávila,MIÉRCOLES,7,2024,58,20.7,24.0,18.3,9.8,18.3,0.0,88.0,52
2024-07-25,C.A. Ávila,Ávila,JUEVES,7,2024,52,19.5,22.1,17.9,7.8,14.8,0.76,92.0,58
2024-07-26,C.A. Ávila,Ávila,VIERNES,7,2024,58,20.6,23.0,18.1,5.0,13.0,0.0,86.0,59
2024-07-27,C.A. Ávila,Ávila,SÁBADO,7,2024,59,19.7,22.0,16.4,8.7,18.3,0.0,92.0,54
2024-07-28,C.A. Ávila,Ávila,DOMINGO,7,2024,54,20.9,24.0,18.8,10.7,22.2,3.56,96.0,51
2024-07-29,C.A. Ávila,Ávila,LUNES,7,2024,51,21.4,24.0,19.4,8.9,22.2,1.27,95.0,69
2024-07-30,C.A. Ávila,Ávila,MARTES,7,2024,69,23.1,28.0,19.1,7.2,20.6,2.79,86.0,85
2024-07-31,C.A. Ávila,Ávila,MIÉRCOLES,7,2024,85,20.2,22.4,18.7,10.0,20.6,0.25,96.0,56
2024-08-01,C.A. Ávila,Ávila,JUEVES,8,2024,56,19.6,21.2,18.4,7.4,14.8,0.0,93.0,82
2024-08-02,C.A. Ávila,Ávila,VIERNES,8,2024,82,19.2,21.1,17.9,2.6,11.1,0.0,86.0,61
2024-08-03,C.A. Ávila,Ávila,SÁBADO,8,2024,61,20.1,23.0,17.6,5.7,13.0,0.0,83.0,60
2024-08-04,C.A. Ávila,Ávila,DOMINGO,8,2024,60,20.9,24.0,18.0,5.7,16.5,0.0,85.0,55
2024-08-05,C.A. Ávila,Ávila,LUNES,8,2024,55,20.9,24.0,17.1,5.4,14.8,0.0,87.0,59
2024-08-06,C.A. Ávila,Ávila,MARTES,8,2024,59,20.9,25.0,17.9,6.7,14.8,0.0,87.0,69
2024-08-07,C.A. Ávila,Ávila,MIÉRCOLES,8,2024,69,19.3,21.5,17.6,8.3,16.5,1.78,89.0,77
2024-08-08,C.A. Ávila,Ávila,JUEVES,8,2024,77,20.8,23.0,18.7,8.5,16.5,0.51,86.0,60
2024-08-09,C.A. Ávila,Ávila,VIERNES,8,2024,60,21.8,25.0,19.2,7.2,14.8,0.0,84.0,74
2024-08-10,C.A. Ávila,Ávila,SÁBADO,8,2024,74,22.3,25.0,18.0,12.4,20.6,0.0,84.0,47
2024-08-11,C.A. Ávila,Ávila,DOMINGO,8,2024,47,23.3,29.0,19.6,10.4,29.4,0.0,85.0,44
2024-08-12,C.A. Ávila,Ávila,LUNES,8,2024,44,0.0,0.0,0.0,0.0,0.0,0.0,0.0,74
2024-08-13,C.A. Ávila,Ávila,MARTES,8,2024,74,19.7,23.0,17.6,9.8,25.9,0.0,84.0,55
2024-08-14,C.A. Ávila,Ávila,MIÉRCOLES,8,2024,55,18.8,22.6,15.5,9.6,20.6,0.51,78.0,79
2024-08-15,C.A. Ávila,Ávila,JUEVES,8,2024,79,18.7,24.0,13.4,7.0,16.5,0.0,77.0,63
2024-08-16,C.A. Ávila,Ávila,VIERNES,8,2024,63,19.7,24.0,14.9,8.1,14.8,0.0,82.0,66
2024-08-17,C.A. Ávila,Ávila,SÁBADO,8,2024,66,20.9,26.0,17.0,11.9,20.6,0.0,86.0,67
2024-08-18,C.A. Ávila,Ávila,DOMINGO,8,2024,67,20.3,22.1,18.0,7.8,18.3,4.83,92.0,54
2024-08-19,C.A. Ávila,Ávila,LUNES,8,2024,54,19.9,24.0,15.0,7.0,16.5,2.54,80.0,61
2024-08-20,C.A. Ávila,Ávila,MARTES,8,2024,61,20.1,24.6,16.9,10.9,27.8,0.0,86.0,73
2024-08-21,C.A. Ávila,Ávila,MIÉRCOLES,8,2024,73,18.9,21.0,16.8,11.7,20.6,3.56,88.0,59
2024-08-22,C.A. Ávila,Ávila,JUEVES,8,2024,59,19.7,22.3,17.1,8.5,20.6,0.0,88.0,57
2024-08-23,C.A. Ávila,Ávila,VIERNES,8,2024,57,21.1,26.0,16.8,7.8,14.8,0.0,81.0,54
2024-08-24,C.A. Ávila,Ávila,SÁBADO,8,2024,54,19.6,25.0,16.0,14.8,40.7,0.0,83.0,71
2024-08-25,C.A. Ávila,Ávila,DOMINGO,8,2024,71,18.4,22.0,15.0,8.5,18.3,2.79,72.0,49
2024-08-26,C.A. Ávila,Ávila,LUNES,8,2024,49,18.7,23.0,11.9,12.6,24.1,0.0,73.0,71
2024-08-27,C.A. Ávila,Ávila,MARTES,8,2024,71,19.1,23.0,15.0,11.9,25.9,0.0,84.0,65
2024-08-28,C.A. Ávila,Ávila,MIÉRCOLES,8,2024,65,20.1,23.0,17.0,5.4,13.0,0.0,84.0,55
2024-08-29,C.A. Ávila,Ávila,JUEVES,8,2024,55,18.9,21.0,16.7,3.7,13.0,0.0,94.0,51
2024-08-30,C.A. Ávila,Ávila,VIERNES,8,2024,51,19.9,21.4,17.9,7.0,13.0,13.72,98.0,61
2024-08-31,C.A. Ávila,Ávila,SÁBADO,8,2024,61,19.6,21.0,18.6,8.7,20.6,25.15,99.0,43
2024-09-01,C.A. Ávila,Ávila,DOMINGO,9,2024,43,20.0,24.0,18.0,6.1,13.0,2.54,92.0,52
2024-09-02,C.A. Ávila,Ávila,LUNES,9,2024,52,17.6,19.0,14.4,13.7,35.2,0.76,93.0,70
2024-09-03,C.A. Ávila,Ávila,MARTES,9,2024,70,16.2,19.0,14.3,9.3,16.5,10.41,89.0,64
2024-09-04,C.A. Ávila,Ávila,MIÉRCOLES,9,2024,64,16.5,20.3,13.0,9.4,18.3,0.0,86.0,56
2024-09-05,C.A. Ávila,Ávila,JUEVES,9,2024,56,14.6,16.0,12.0,11.9,24.1,1.27,90.0,62
2024-09-06,C.A. Ávila,Ávila,VIERNES,9,2024,62,14.1,18.2,11.2,11.7,22.2,3.05,78.0,42
2024-09-07,C.A. Ávila,Ávila,SÁBADO,9,2024,42,15.7,20.0,11.6,15.4,24.1,11.18,77.0,53
2024-09-08,C.A. Ávila,Ávila,DOMINGO,9,2024,53,16.8,21.0,12.3,13.0,18.3,0.0,79.0,53
2024-09-09,C.A. Ávila,Ávila,LUNES,9,2024,53,17.6,21.1,14.8,11.5,20.6,0.0,84.0,58
2024-09-10,C.A. Ávila,Ávila,MARTES,9,2024,58,16.9,18.3,14.0,4.8,11.1,0.0,82.0,66
2024-09-11,C.A. Ávila,Ávila,MIÉRCOLES,9,2024,66,16.9,21.0,13.0,20.4,31.7,0.0,85.0,65
2024-09-12,C.A. Ávila,Ávila,JUEVES,9,2024,65,15.9,17.1,13.5,8.9,25.9,5.33,96.0,52
2024-09-13,C.A. Ávila,Ávila,VIERNES,9,2024,52,14.4,18.0,12.0,10.0,20.6,10.92,84.0,60
2024-09-14,C.A. Ávila,Ávila,SÁBADO,9,2024,60,15.6,19.5,9.0,16.3,25.9,0.0,70.0,46
2024-09-15,C.A. Ávila,Ávila,DOMINGO,9,2024,46,16.1,20.1,9.6,13.0,24.1,0.0,75.0,47
2024-09-16,C.A. Ávila,Ávila,LUNES,9,2024,47,16.1,21.0,10.5,13.7,25.9,0.0,78.0,70
2024-09-17,C.A. Ávila,Ávila,MARTES,9,2024,70,16.7,20.1,10.9,17.0,31.7,0.0,78.0,48
2024-09-18,C.A. Ávila,Ávila,MIÉRCOLES,9,2024,48,17.3,21.0,11.3,13.9,22.2,0.0,82.0,69
2024-09-19,C.A. Ávila,Ávila,JUEVES,9,2024,69,17.3,20.0,13.3,5.4,14.8,11.68,90.0,68
2024-09-20,C.A. Ávila,Ávila,VIERNES,9,2024,68,17.1,20.3,14.0,3.9,14.8,0.0,93.0,64
2024-09-21,C.A. Ávila,Ávila,SÁBADO,9,2024,64,16.6,19.3,14.6,9.8,20.6,5.08,94.0,53
2024-09-22,C.A. Ávila,Ávila,DOMINGO,9,2024,53,16.2,19.0,13.7,12.2,20.6,6.86,88.0,50
2024-09-23,C.A. Ávila,Ávila,LUNES,9,2024,50,16.2,19.1,12.8,12.2,18.3,0.51,78.0,66
2024-09-24,C.A. Ávila,Ávila,MARTES,9,2024,66,17.5,21.0,14.0,10.6,18.3,1.02,78.0,80
2024-09-25,C.A. Ávila,Ávila,MIÉRCOLES,9,2024,80,20.1,28.0,14.1,16.5,42.4,0.0,76.0,78
2024-09-26,C.A. Ávila,Ávila,JUEVES,9,2024,78,17.6,19.4,14.0,20.0,44.6,19.3,84.0,52
2024-09-27,C.A. Ávila,Ávila,VIERNES,9,2024,52,14.5,17.0,11.1,24.1,44.6,7.62,75.0,70
2024-09-28,C.A. Ávila,Ávila,SÁBADO,9,2024,70,13.8,18.0,10.5,11.1,18.3,6.1,78.0,60
2024-09-29,C.A. Ávila,Ávila,DOMINGO,9,2024,60,18.9,26.0,12.2,8.3,20.6,0.0,62.0,44
2024-09-30,C.A. Ávila,Ávila,LUNES,9,2024,44,17.8,20.0,16.0,7.8,18.3,0.0,89.0,72
2024-10-01,C.A. Ávila,Ávila,MARTES,10,2024,72,19.4,25.0,16.0,12.6,31.7,0.0,85.0,60
2024-10-02,C.A. Ávila,Ávila,MIÉRCOLES,10,2024,60,15.9,17.1,13.4,8.7,22.2,18.8,100.0,63
2024-10-03,C.A. Ávila,Ávila,JUEVES,10,2024,63,15.6,19.0,12.0,6.1,18.3,57.4,89.0,79
2024-10-04,C.A. Ávila,Ávila,VIERNES,10,2024,79,16.3,20.0,11.8,4.1,13.0,0.0,86.0,62
2024-10-05,C.A. Ávila,Ávila,SÁBADO,10,2024,62,18.5,21.0,14.7,5.6,14.8,0.0,90.0,67
2024-10-06,C.A. Ávila,Ávila,DOMINGO,10,2024,67,17.8,21.0,14.7,10.2,31.7,5.08,88.0,45
2024-10-07,C.A. Ávila,Ávila,LUNES,10,2024,45,17.3,22.0,14.0,12.6,27.8,2.54,74.0,77
2024-10-08,C.A. Ávila,Ávila,MARTES,10,2024,77,17.8,22.0,14.8,13.1,24.1,0.51,69.0,67
2024-10-09,C.A. Ávila,Ávila,MIÉRCOLES,10,2024,67,16.8,22.0,14.0,20.2,59.4,12.95,85.0,70
2024-10-10,C.A. Ávila,Ávila,JUEVES,10,2024,70,14.9,18.0,12.0,10.9,16.5,17.27,81.0,76
2024-10-11,C.A. Ávila,Ávila,VIERNES,10,2024,76,15.1,20.0,9.7,8.5,22.2,0.0,80.0,61
2024-10-12,C.A. Ávila,Ávila,SÁBADO,10,2024,61,18.8,24.0,14.0,8.1,20.6,0.0,77.0,51
2024-10-13,C.A. Ávila,Ávila,DOMINGO,10,2024,51,17.9,23.0,13.0,5.9,13.0,0.0,82.0,59
2024-10-14,C.A. Ávila,Ávila,LUNES,10,2024,59,19.0,24.0,15.9,7.2,14.8,0.0,82.0,63
2024-10-15,C.A. Ávila,Ávila,MARTES,10,2024,63,17.7,21.0,16.0,6.5,14.8,0.0,94.0,76
2024-10-16,C.A. Ávila,Ávila,MIÉRCOLES,10,2024,76,16.7,19.0,14.0,14.4,35.2,15.49,94.0,70
2024-10-17,C.A. Ávila,Ávila,JUEVES,10,2024,70,14.6,18.0,12.0,16.3,31.7,16.51,83.0,78
2024-10-18,C.A. Ávila,Ávila,VIERNES,10,2024,78,15.3,19.0,10.6,10.9,18.3,1.27,77.0,63
2024-10-19,C.A. Ávila,Ávila,SÁBADO,10,2024,63,16.2,19.0,14.4,7.6,25.9,0.0,87.0,39
2024-10-20,C.A. Ávila,Ávila,DOMINGO,10,2024,39,19.4,24.0,15.0,4.6,14.8,0.51,78.0,53
2024-10-21,C.A. Ávila,Ávila,LUNES,10,2024,53,16.3,18.0,14.0,15.2,38.9,0.0,80.0,57
2024-10-22,C.A. Ávila,Ávila,MARTES,10,2024,57,15.1,17.2,13.2,6.9,18.3,0.25,88.0,53
2024-10-23,C.A. Ávila,Ávila,MIÉRCOLES,10,2024,53,15.1,19.2,10.1,9.4,20.6,0.0,83.0,72
2024-10-24,C.A. Ávila,Ávila,JUEVES,10,2024,72,18.0,27.0,13.0,14.1,38.9,0.0,71.0,58
2024-10-25,C.A. Ávila,Ávila,VIERNES,10,2024,58,12.9,15.0,8.7,17.2,27.8,5.08,72.0,70
2024-10-26,C.A. Ávila,Ávila,SÁBADO,10,2024,70,11.3,16.0,7.0,12.0,18.3,0.25,76.0,52
2024-10-27,C.A. Ávila,Ávila,DOMINGO,10,2024,52,12.2,16.0,8.9,9.4,16.5,0.0,87.0,61
2024-10-28,C.A. Ávila,Ávila,LUNES,10,2024,61,13.6,18.0,10.0,6.9,14.8,5.84,89.0,60
2024-10-29,C.A. Ávila,Ávila,MARTES,10,2024,60,14.1,17.0,9.5,8.9,18.3,0.0,90.0,69
2024-10-30,C.A. Ávila,Ávila,MIÉRCOLES,10,2024,69,16.1,19.0,12.9,11.7,25.9,0.0,91.0,79
2024-10-31,C.A. Ávila,Ávila,JUEVES,10,2024,79,16.1,22.0,11.2,7.2,20.6,0.0,84.0,60
2024-11-01,C.A. Ávila,Ávila,VIERNES,11,2024,60,16.0,23.0,13.0,5.9,20.6,0.0,83.0,54
2024-11-02,C.A. Ávila,Ávila,SÁBADO,11,2024,54,15.2,19.0,12.0,8.1,16.5,0.0,87.0,55
2024-11-03,C.A. Ávila,Ávila,DOMINGO,11,2024,55,15.1,20.0,11.0,5.0,16.5,0.0,88.0,61
2024-11-04,C.A. Ávila,Ávila,LUNES,11,2024,61,16.7,22.0,12.0,8.3,20.6,0.0,77.0,89
2024-11-05,C.A. Ávila,Ávila,MARTES,11,2024,89,17.9,22.0,14.7,7.0,14.8,0.0,74.0,66
2024-11-06,C.A. Ávila,Ávila,MIÉRCOLES,11,2024,66,15.9,20.8,13.0,8.5,18.3,0.0,86.0,75
2024-11-07,C.A. Ávila,Ávila,JUEVES,11,2024,75,16.1,21.0,12.0,6.1,18.3,0.0,82.0,73
2024-11-08,C.A. Ávila,Ávila,VIERNES,11,2024,73,16.6,23.0,14.0,9.6,31.7,0.0,78.0,67
2024-11-09,C.A. Ávila,Ávila,SÁBADO,11,2024,67,14.8,18.0,12.0,11.3,29.4,16.0,78.0,55
2024-11-10,C.A. Ávila,Ávila,DOMINGO,11,2024,55,15.7,17.3,13.7,7.4,20.6,3.81,95.0,48
2024-11-11,C.A. Ávila,Ávila,LUNES,11,2024,48,14.4,17.0,12.3,6.3,14.8,2.79,91.0,81
2024-11-12,C.A. Ávila,Ávila,MARTES,11,2024,81,12.6,15.0,9.0,7.8,20.6,1.78,78.0,64
2024-11-13,C.A. Ávila,Ávila,MIÉRCOLES,11,2024,64,10.1,13.0,7.0,13.7,29.4,14.22,82.0,65
2024-11-14,C.A. Ávila,Ávila,JUEVES,11,2024,65,12.4,13.2,11.0,16.3,25.9,0.0,84.0,56
2024-11-15,C.A. Ávila,Ávila,VIERNES,11,2024,56,11.6,16.0,8.0,5.0,11.1,0.0,91.0,81
2024-11-16,C.A. Ávila,Ávila,SÁBADO,11,2024,81,12.5,16.0,9.0,3.3,9.4,0.0,93.0,52
2024-11-17,C.A. Ávila,Ávila,DOMINGO,11,2024,52,13.5,14.0,12.9,6.1,13.0,0.0,93.0,62
2024-11-18,C.A. Ávila,Ávila,LUNES,11,2024,62,0.0,0.0,0.0,0.0,0.0,0.0,0.0,74
2024-11-19,C.A. Ávila,Ávila,MARTES,11,2024,74,0.0,0.0,0.0,0.0,0.0,0.0,0.0,63
2024-11-20,C.A. Ávila,Ávila,MIÉRCOLES,11,2024,63,0.0,0.0,0.0,0.0,0.0,0.0,0.0,67
2024-11-21,C.A. Ávila,Ávila,JUEVES,11,2024,67,0.0,0.0,0.0,0.0,0.0,0.0,0.0,57
2024-11-22,C.A. Ávila,Ávila,VIERNES,11,2024,57,9.8,13.0,6.0,11.1,24.1,0.0,70.0,61
2024-11-23,C.A. Ávila,Ávila,SÁBADO,11,2024,61,14.8,21.0,6.6,11.1,27.8,0.0,64.0,63
2024-11-24,C.A. Ávila,Ávila,DOMINGO,11,2024,63,20.9,25.0,14.0,18.1,33.5,0.0,46.0,55
2024-11-25,C.A. Ávila,Ávila,LUNES,11,2024,55,12.7,16.0,10.0,17.6,46.5,11.94,72.0,62
2024-11-26,C.A. Ávila,Ávila,MARTES,11,2024,62,13.4,18.0,10.0,8.0,14.8,0.0,64.0,52
2024-11-27,C.A. Ávila,Ávila,MIÉRCOLES,11,2024,52,12.8,17.0,9.0,9.3,16.5,0.0,74.0,68
2024-11-28,C.A. Ávila,Ávila,JUEVES,11,2024,68,13.7,20.0,10.0,7.6,20.6,0.0,72.0,62
2024-11-29,C.A. Ávila,Ávila,VIERNES,11,2024,62,16.0,22.0,11.5,9.3,22.2,0.0,63.0,69
2024-11-30,C.A. Ávila,Ávila,SÁBADO,11,2024,69,15.3,19.0,12.4,10.2,22.2,0.0,74.0,62
2024-12-01,C.A. Ávila,Ávila,DOMINGO,12,2024,62,0.0,0.0,0.0,0.0,0.0,0.0,0.0,41
2024-12-02,C.A. Ávila,Ávila,LUNES,12,2024,41,12.7,14.0,10.5,6.9,14.8,2.03,93.0,68
2024-12-03,C.A. Ávila,Ávila,MARTES,12,2024,68,10.7,14.2,8.0,12.0,38.9,2.79,92.0,70
2024-12-04,C.A. Ávila,Ávila,MIÉRCOLES,12,2024,70,11.7,14.0,9.0,4.8,29.4,7.62,92.0,70
2024-12-05,C.A. Ávila,Ávila,JUEVES,12,2024,70,15.4,19.0,10.4,12.8,24.1,0.0,77.0,68
2024-12-06,C.A. Ávila,Ávila,VIERNES,12,2024,68,16.1,19.0,12.0,14.1,31.7,0.25,79.0,52
2024-12-07,C.A. Ávila,Ávila,SÁBADO,12,2024,52,12.4,17.0,10.0,33.7,51.9,2.03,73.0,54
2024-12-08,C.A. Ávila,Ávila,DOMINGO,12,2024,54,10.2,12.0,8.0,20.6,35.2,2.29,72.0,37
2024-12-09,C.A. Ávila,Ávila,LUNES,12,2024,37,9.2,12.0,6.6,12.6,22.2,12.45,81.0,50
2024-12-10,C.A. Ávila,Ávila,MARTES,12,2024,50,7.9,10.5,6.0,5.7,13.0,9.91,93.0,85
2024-12-11,C.A. Ávila,Ávila,MIÉRCOLES,12,2024,85,7.1,9.0,6.0,4.1,11.1,8.13,91.0,65
2024-12-12,C.A. Ávila,Ávila,JUEVES,12,2024,65,7.7,14.0,4.0,5.9,16.5,1.78,74.0,63
2024-12-13,C.A. Ávila,Ávila,VIERNES,12,2024,63,7.4,12.2,4.0,12.4,20.6,0.0,73.0,47
2024-12-14,C.A. Ávila,Ávila,SÁBADO,12,2024,47,8.3,12.5,5.3,12.0,18.3,2.54,78.0,48
2024-12-15,C.A. Ávila,Ávila,DOMINGO,12,2024,48,8.5,13.0,5.0,10.9,22.2,3.56,80.0,60
2024-12-16,C.A. Ávila,Ávila,LUNES,12,2024,60,8.1,14.0,4.7,9.1,18.3,0.0,80.0,83
2024-12-17,C.A. Ávila,Ávila,MARTES,12,2024,83,12.6,19.0,8.0,9.4,24.1,0.0,59.0,63
2024-12-18,C.A. Ávila,Ávila,MIÉRCOLES,12,2024,63,15.9,19.0,13.0,10.0,27.8,0.0,71.0,63
2024-12-19,C.A. Ávila,Ávila,JUEVES,12,2024,63,11.8,17.0,7.7,14.8,46.5,10.41,78.0,87
2024-12-20,C.A. Ávila,Ávila,VIERNES,12,2024,87,9.1,13.0,6.7,13.9,20.6,10.41,82.0,70
2024-12-21,C.A. Ávila,Ávila,SÁBADO,12,2024,70,11.3,14.1,8.1,17.8,24.1,0.0,76.0,59
2024-12-22,C.A. Ávila,Ávila,DOMINGO,12,2024,59,11.9,15.0,8.7,21.3,38.9,0.0,80.0,46
2024-12-23,C.A. Ávila,Ávila,LUNES,12,2024,46,10.4,12.3,7.4,8.3,14.8,2.29,81.0,70
2024-12-24,C.A. Ávila,Ávila,MARTES,12,2024,70,9.7,15.0,6.8,8.0,16.5,0.0,84.0,48
2024-12-25,C.A. Ávila,Ávila,MIÉRCOLES,12,2024,48,10.9,13.4,6.2,8.1,16.5,0.0,92.0,42
2024-12-26,C.A. Ávila,Ávila,JUEVES,12,2024,42,10.1,12.0,7.8,7.2,14.8,0.0,93.0,68
2024-12-27,C.A. Ávila,Ávila,VIERNES,12,2024,68,8.9,10.0,6.5,6.3,14.8,0.0,95.0,68
2024-12-28,C.A. Ávila,Ávila,SÁBADO,12,2024,68,9.7,12.4,7.0,9.8,16.5,0.0,88.0,72
2024-12-29,C.A. Ávila,Ávila,DOMINGO,12,2024,72,10.6,13.8,6.0,6.3,13.0,0.0,83.0,50
2024-12-30,C.A. Ávila,Ávila,LUNES,12,2024,50,8.0,13.0,4.9,7.4,18.3,0.0,88.0,88
2024-12-31,C.A. Ávila,Ávila,MARTES,12,2024,88,7.4,13.1,4.0,9.4,18.3,0.0,81.0,68
2025-01-01,C.A. Ávila,Ávila,MIÉRCOLES,1,2025,68,7.5,13.0,3.0,10.2,18.3,0.0,70.0,85
2025-01-02,C.A. Ávila,Ávila,JUEVES,1,2025,85,13.1,16.1,5.5,18.7,31.7,0.0,53.0,113
2025-01-03,C.A. Ávila,Ávila,VIERNES,1,2025,113,13.9,16.3,9.0,23.7,31.7,3.05,73.0,142
2025-01-04,C.A. Ávila,Ávila,SÁBADO,1,2025,142,15.8,19.0,11.9,16.1,37.0,3.3,61.0,103
2025-01-05,C.A. Ávila,Ávila,DOMINGO,1,2025,103,15.6,19.8,11.8,8.3,27.8,1.52,62.0,100
2025-01-06,C.A. Ávila,Ávila,LUNES,1,2025,100,10.2,14.0,8.0,23.9,46.5,1.52,74.0,78
2025-01-07,C.A. Ávila,Ávila,MARTES,1,2025,78,13.4,18.6,8.1,20.2,37.0,2.54,64.0,115
2025-01-08,C.A. Ávila,Ávila,MIÉRCOLES,1,2025,115,16.1,18.6,13.0,21.3,51.9,1.02,56.0,116
2025-01-09,C.A. Ávila,Ávila,JUEVES,1,2025,116,13.9,16.0,11.0,19.6,44.6,2.54,74.0,107
2025-01-10,C.A. Ávila,Ávila,VIERNES,1,2025,107,16.2,20.0,10.9,18.3,33.5,0.0,69.0,114
2025-01-11,C.A. Ávila,Ávila,SÁBADO,1,2025,114,13.2,15.0,8.0,9.3,31.7,27.69,96.0,100
2025-01-12,C.A. Ávila,Ávila,DOMINGO,1,2025,100,9.4,14.0,5.0,10.2,20.6,1.52,90.0,113
2025-01-13,C.A. Ávila,Ávila,LUNES,1,2025,113,5.6,9.3,1.4,11.5,35.2,0.0,82.0,118
2025-01-14,C.A. Ávila,Ávila,MARTES,1,2025,118,5.3,10.3,-0.2,9.3,18.3,0.0,76.0,112
2025-01-15,C.A. Ávila,Ávila,MIÉRCOLES,1,2025,112,5.3,11.2,0.0,8.0,18.3,0.0,80.0,92
2025-01-16,C.A. Ávila,Ávila,JUEVES,1,2025,92,7.1,12.6,1.2,8.5,16.5,0.0,82.0,93
2025-01-17,C.A. Ávila,Ávila,VIERNES,1,2025,93,7.1,12.0,3.0,6.9,18.3,0.0,80.0,100
2025-01-18,C.A. Ávila,Ávila,SÁBADO,1,2025,100,7.6,14.0,4.0,11.9,18.3,0.0,60.0,114
2025-01-19,C.A. Ávila,Ávila,DOMINGO,1,2025,114,6.3,10.0,2.0,10.9,22.2,0.0,71.0,89
2025-01-20,C.A. Ávila,Ávila,LUNES,1,2025,89,9.3,14.2,6.0,8.5,14.8,7.87,86.0,121
2025-01-21,C.A. Ávila,Ávila,MARTES,1,2025,121,11.7,17.3,7.0,4.3,14.8,1.02,77.0,116
2025-01-22,C.A. Ávila,Ávila,MIÉRCOLES,1,2025,116,11.5,14.0,9.2,5.9,18.3,0.0,87.0,92
2025-01-23,C.A. Ávila,Ávila,JUEVES,1,2025,92,10.4,14.3,9.0,7.2,18.3,0.0,84.0,116
2025-01-24,C.A. Ávila,Ávila,VIERNES,1,2025,116,15.0,19.0,8.4,9.1,44.6,0.0,50.0,119
2025-01-25,C.A. Ávila,Ávila,SÁBADO,1,2025,119,10.4,17.3,5.6,15.2,51.9,3.81,78.0,73
2025-01-26,C.A. Ávila,Ávila,DOMINGO,1,2025,73,13.7,18.3,5.4,18.7,48.2,3.3,66.0,87
2025-01-27,C.A. Ávila,Ávila,LUNES,1,2025,87,10.6,14.0,6.3,29.6,51.9,7.11,68.0,100
2025-01-28,C.A. Ávila,Ávila,MARTES,1,2025,100,9.2,11.0,6.2,28.0,50.0,2.29,69.0,98
2025-01-29,C.A. Ávila,Ávila,MIÉRCOLES,1,2025,98,10.7,14.0,8.0,23.3,63.0,9.65,64.0,97
2025-01-30,C.A. Ávila,Ávila,JUEVES,1,2025,97,9.7,11.1,7.0,20.7,48.2,20.57,72.0,106
2025-01-31,C.A. Ávila,Ávila,VIERNES,1,2025,106,8.3,13.0,3.8,10.4,20.6,2.79,65.0,109
2025-02-01,C.A. Ávila,Ávila,SÁBADO,2,2025,109,10.4,12.9,8.0,9.6,20.6,2.54,90.0,96
2025-02-02,C.A. Ávila,Ávila,DOMINGO,2,2025,96,9.2,11.7,6.0,16.3,44.6,1.52,87.0,102
2025-02-03,C.A. Ávila,Ávila,LUNES,2,2025,102,9.1,12.6,6.1,9.6,16.5,32.77,91.0,116
2025-02-04,C.A. Ávila,Ávila,MARTES,2,2025,116,9.4,14.1,5.0,8.9,20.6,0.51,78.0,114
2025-02-05,C.A. Ávila,Ávila,MIÉRCOLES,2,2025,114,9.6,14.0,5.8,9.6,18.3,0.0,80.0,109
2025-02-06,C.A. Ávila,Ávila,JUEVES,2,2025,109,8.4,13.0,4.2,6.7,22.2,0.0,87.0,116
2025-02-07,C.A. Ávila,Ávila,VIERNES,2,2025,116,7.4,9.0,5.4,9.3,18.3,10.92,91.0,113
2025-02-08,C.A. Ávila,Ávila,SÁBADO,2,2025,113,7.3,11.1,3.3,12.2,22.2,12.7,71.0,92
2025-02-09,C.A. Ávila,Ávila,DOMINGO,2,2025,92,12.8,16.0,7.6,8.5,18.3,1.78,88.0,104
2025-02-10,C.A. Ávila,Ávila,LUNES,2,2025,104,12.2,15.0,10.0,7.4,16.5,2.54,94.0,120
2025-02-11,C.A. Ávila,Ávila,MARTES,2,2025,120,11.8,18.0,8.0,9.1,25.9,2.79,84.0,119
2025-02-12,C.A. Ávila,Ávila,MIÉRCOLES,2,2025,119,10.8,13.5,8.3,12.2,29.4,3.81,80.0,113
2025-02-13,C.A. Ávila,Ávila,JUEVES,2,2025,113,13.2,17.0,8.1,5.6,16.5,1.02,85.0,106
2025-02-14,C.A. Ávila,Ávila,VIERNES,2,2025,106,12.6,17.0,9.5,6.7,14.8,0.0,86.0,119
2025-02-15,C.A. Ávila,Ávila,SÁBADO,2,2025,119,11.7,16.0,9.0,4.8,16.5,0.0,88.0,85
2025-02-16,C.A. Ávila,Ávila,DOMINGO,2,2025,85,11.2,13.4,8.0,8.0,27.8,0.0,87.0,91
2025-02-17,C.A. Ávila,Ávila,LUNES,2,2025,91,10.7,16.0,6.5,9.3,20.6,0.25,86.0,139
2025-02-18,C.A. Ávila,Ávila,MARTES,2,2025,139,11.9,17.0,8.0,6.3,16.5,0.0,78.0,126
2025-02-19,C.A. Ávila,Ávila,MIÉRCOLES,2,2025,126,13.8,17.1,10.0,5.9,13.0,0.0,81.0,108
2025-02-20,C.A. Ávila,Ávila,JUEVES,2,2025,108,15.4,20.4,11.0,8.1,14.8,0.0,71.0,130
2025-02-21,C.A. Ávila,Ávila,VIERNES,2,2025,130,15.1,20.0,11.0,13.3,44.6,0.0,68.0,117
2025-02-22,C.A. Ávila,Ávila,SÁBADO,2,2025,117,11.1,15.0,7.8,11.5,18.3,1.52,77.0,77
2025-02-23,C.A. Ávila,Ávila,DOMINGO,2,2025,77,11.6,17.3,5.6,8.3,18.3,0.0,72.0,90
2025-02-24,C.A. Ávila,Ávila,LUNES,2,2025,90,12.6,15.4,9.4,10.7,44.6,0.0,78.0,102
2025-02-25,C.A. Ávila,Ávila,MARTES,2,2025,102,10.6,13.0,7.5,19.4,44.6,30.48,82.0,99
2025-02-26,C.A. Ávila,Ávila,MIÉRCOLES,2,2025,99,9.2,13.6,5.0,10.9,18.3,5.08,74.0,103
2025-02-27,C.A. Ávila,Ávila,JUEVES,2,2025,103,10.3,14.0,6.7,12.4,25.9,0.0,76.0,113
2025-02-28,C.A. Ávila,Ávila,VIERNES,2,2025,113,9.7,10.4,9.0,12.4,20.6,12.7,89.0,106
2025-03-01,C.A. Ávila,Ávila,SÁBADO,3,2025,106,9.1,11.0,7.3,14.8,27.8,3.3,68.0,66
2025-03-02,C.A. Ávila,Ávila,DOMINGO,3,2025,66,8.1,11.0,5.0,9.8,18.3,0.25,73.0,90
2025-03-03,C.A. Ávila,Ávila,LUNES,3,2025,90,10.2,15.0,3.9,10.0,25.9,0.51,79.0,101
2025-03-04,C.A. Ávila,Ávila,MARTES,3,2025,101,11.4,15.0,7.0,7.2,14.8,0.0,90.0,107
2025-03-05,C.A. Ávila,Ávila,MIÉRCOLES,3,2025,107,13.6,20.0,8.8,6.7,18.3,1.52,79.0,116
2025-03-06,C.A. Ávila,Ávila,JUEVES,3,2025,116,13.8,21.0,10.7,9.6,25.9,0.0,74.0,98
2025-03-07,C.A. Ávila,Ávila,VIERNES,3,2025,98,13.4,18.0,8.0,10.4,29.4,2.03,74.0,124
2025-03-08,C.A. Ávila,Ávila,SÁBADO,3,2025,124,13.3,17.0,7.5,14.1,33.5,0.0,59.0,98
2025-03-09,C.A. Ávila,Ávila,DOMINGO,3,2025,98,12.1,16.0,6.8,9.4,24.1,0.0,57.0,81
2025-03-10,C.A. Ávila,Ávila,LUNES,3,2025,81,11.1,17.0,6.0,10.9,22.2,0.0,68.0,130
2025-03-11,C.A. Ávila,Ávila,MARTES,3,2025,130,10.9,14.5,7.9,11.3,16.5,1.52,89.0,120
2025-03-12,C.A. Ávila,Ávila,MIÉRCOLES,3,2025,120,9.8,13.1,7.2,13.5,24.1,0.0,82.0,98
2025-03-13,C.A. Ávila,Ávila,JUEVES,3,2025,98,8.3,11.5,6.0,8.1,18.3,7.11,78.0,105
2025-03-14,C.A. Ávila,Ávila,VIERNES,3,2025,105,6.5,11.1,3.5,10.0,18.3,5.08,81.0,114
2025-03-15,C.A. Ávila,Ávila,SÁBADO,3,2025,114,7.2,11.0,4.1,8.1,18.3,3.81,78.0,78
2025-03-16,C.A. Ávila,Ávila,DOMINGO,3,2025,78,7.0,10.3,3.7,9.6,14.8,0.76,74.0,100
2025-03-17,C.A. Ávila,Ávila,LUNES,3,2025,100,8.2,13.3,2.0,12.8,25.9,0.76,71.0,110
2025-03-18,C.A. Ávila,Ávila,MARTES,3,2025,110,11.8,17.0,6.6,9.1,20.6,0.0,71.0,114
2025-03-19,C.A. Ávila,Ávila,MIÉRCOLES,3,2025,114,15.7,21.2,8.2,13.5,29.4,0.0,52.0,100
2025-03-20,C.A. Ávila,Ávila,JUEVES,3,2025,100,16.1,20.0,11.4,15.2,51.9,0.0,51.0,105
2025-03-21,C.A. Ávila,Ávila,VIERNES,3,2025,105,15.3,19.0,11.0,11.9,27.8,0.0,51.0,109
2025-03-22,C.A. Ávila,Ávila,SÁBADO,3,2025,109,9.2,11.0,6.7,21.9,38.9,7.37,85.0,85
2025-03-23,C.A. Ávila,Ávila,DOMINGO,3,2025,85,8.4,12.0,6.0,22.8,33.5,18.29,81.0,70
2025-03-24,C.A. Ávila,Ávila,LUNES,3,2025,70,11.1,12.0,7.4,13.3,20.6,27.18,91.0,92
2025-03-25,C.A. Ávila,Ávila,MARTES,3,2025,92,11.6,14.0,10.0,6.5,13.0,7.11,89.0,116
2025-03-26,C.A. Ávila,Ávila,MIÉRCOLES,3,2025,116,11.1,14.0,7.4,7.8,20.6,0.25,83.0,124
2025-03-27,C.A. Ávila,Ávila,JUEVES,3,2025,124,10.8,15.0,5.6,10.6,18.3,0.0,81.0,100
2025-03-28,C.A. Ávila,Ávila,VIERNES,3,2025,100,11.7,14.3,6.4,11.9,20.6,0.0,80.0,125
2025-03-29,C.A. Ávila,Ávila,SÁBADO,3,2025,125,11.0,14.0,7.3,7.0,14.8,3.05,81.0,84
2025-03-30,C.A. Ávila,Ávila,DOMINGO,3,2025,84,10.6,15.0,5.0,11.5,24.1,0.0,74.0,81
2025-03-31,C.A. Ávila,Ávila,LUNES,3,2025,81,11.7,17.0,5.8,14.1,24.1,0.0,80.0,122
2025-04-01,C.A. Ávila,Ávila,MARTES,4,2025,122,13.3,20.0,8.0,12.0,24.1,0.0,80.0,133
2025-04-02,C.A. Ávila,Ávila,MIÉRCOLES,4,2025,133,12.5,15.0,10.4,12.0,25.9,0.0,86.0,127
2025-04-03,C.A. Ávila,Ávila,JUEVES,4,2025,127,13.2,17.0,9.0,10.4,24.1,5.08,81.0,114
2025-04-04,C.A. Ávila,Ávila,VIERNES,4,2025,114,16.7,23.0,11.2,11.9,24.1,0.0,58.0,107
2025-04-05,C.A. Ávila,Ávila,SÁBADO,4,2025,107,14.6,17.0,11.4,7.8,16.5,0.0,74.0,98
2025-04-06,C.A. Ávila,Ávila,DOMINGO,4,2025,98,14.3,19.0,10.7,10.0,22.2,1.52,87.0,82
2025-04-07,C.A. Ávila,Ávila,LUNES,4,2025,82,13.4,17.0,11.2,10.0,16.5,0.0,89.0,97
2025-04-08,C.A. Ávila,Ávila,MARTES,4,2025,97,13.4,19.0,10.7,10.4,20.6,0.0,91.0,127
2025-04-09,C.A. Ávila,Ávila,MIÉRCOLES,4,2025,127,13.4,18.0,10.7,10.6,18.3,0.0,89.0,113
2025-04-10,C.A. Ávila,Ávila,JUEVES,4,2025,113,14.1,19.0,8.5,14.1,25.9,0.0,81.0,108
2025-04-11,C.A. Ávila,Ávila,VIERNES,4,2025,108,14.1,18.0,10.6,8.0,18.3,0.0,90.0,133
2025-04-12,C.A. Ávila,Ávila,SÁBADO,4,2025,133,13.9,16.0,12.0,10.4,24.1,0.0,96.0,101
2025-04-13,C.A. Ávila,Ávila,DOMINGO,4,2025,101,12.2,14.4,8.5,8.7,14.8,1.78,84.0,105
2025-04-14,C.A. Ávila,Ávila,LUNES,4,2025,105,12.7,18.0,8.2,14.4,42.4,0.0,76.0,118
2025-04-15,C.A. Ávila,Ávila,MARTES,4,2025,118,9.4,13.0,6.0,21.1,46.5,0.51,74.0,109
2025-04-16,C.A. Ávila,Ávila,MIÉRCOLES,4,2025,109,9.4,13.0,5.6,19.3,33.5,5.59,74.0,95
2025-04-17,C.A. Ávila,Ávila,JUEVES,4,2025,95,12.7,18.0,7.4,10.7,18.3,3.81,66.0,85
2025-04-18,C.A. Ávila,Ávila,VIERNES,4,2025,85,13.7,17.0,9.4,9.4,42.4,1.78,87.0,83
2025-04-19,C.A. Ávila,Ávila,SÁBADO,4,2025,83,10.8,16.0,8.0,21.9,37.0,11.94,68.0,86
2025-04-20,C.A. Ávila,Ávila,DOMINGO,4,2025,86,11.5,15.1,7.9,18.5,38.9,4.06,87.0,91
2025-04-21,C.A. Ávila,Ávila,LUNES,4,2025,91,12.2,15.0,10.6,10.4,22.2,3.3,87.0,131
2025-04-22,C.A. Ávila,Ávila,MARTES,4,2025,131,12.2,16.0,8.0,7.4,13.0,0.76,78.0,126
2025-04-23,C.A. Ávila,Ávila,MIÉRCOLES,4,2025,126,13.8,17.1,10.2,14.8,24.1,0.0,79.0,100
2025-04-24,C.A. Ávila,Ávila,JUEVES,4,2025,100,14.5,18.0,11.7,11.1,24.1,0.0,83.0,123
2025-04-25,C.A. Ávila,Ávila,VIERNES,4,2025,123,13.0,14.0,11.0,13.0,33.5,0.0,93.0,113
2025-04-26,C.A. Ávila,Ávila,SÁBADO,4,2025,113,13.1,16.0,9.0,16.7,31.7,7.11,85.0,82
2025-04-27,C.A. Ávila,Ávila,DOMINGO,4,2025,82,12.6,16.2,7.5,11.9,25.9,0.51,82.0,84
2025-04-28,C.A. Ávila,Ávila,LUNES,4,2025,84,15.3,21.0,9.2,8.5,14.8,0.0,80.0,83
2025-04-29,C.A. Ávila,Ávila,MARTES,4,2025,83,21.3,26.0,12.9,10.4,20.6,0.0,53.0,97
2025-04-30,C.A. Ávila,Ávila,MIÉRCOLES,4,2025,97,16.8,22.0,13.0,9.8,35.2,0.0,76.0,116
2025-05-01,C.A. Ávila,Ávila,JUEVES,5,2025,116,14.6,18.3,10.0,13.0,25.9,4.57,82.0,95
2025-05-02,C.A. Ávila,Ávila,VIERNES,5,2025,95,15.4,20.0,13.3,8.3,29.4,0.51,91.0,89
2025-05-03,C.A. Ávila,Ávila,SÁBADO,5,2025,89,15.7,18.1,12.5,8.0,16.5,1.27,82.0,94
2025-05-04,C.A. Ávila,Ávila,DOMINGO,5,2025,94,14.1,17.0,11.3,5.2,11.1,3.05,91.0,80
2025-05-05,C.A. Ávila,Ávila,LUNES,5,2025,80,13.1,16.2,10.0,10.7,22.2,5.33,80.0,132
2025-05-06,C.A. Ávila,Ávila,MARTES,5,2025,132,11.3,14.7,7.6,11.1,18.3,0.51,74.0,118
2025-05-07,C.A. Ávila,Ávila,MIÉRCOLES,5,2025,118,13.1,17.0,7.4,16.5,25.9,0.0,72.0,104
2025-05-08,C.A. Ávila,Ávila,JUEVES,5,2025,104,13.7,16.6,8.3,12.4,22.2,0.0,79.0,108
2025-05-09,C.A. Ávila,Ávila,VIERNES,5,2025,108,13.0,15.7,10.5,9.1,16.5,0.0,83.0,118
2025-05-10,C.A. Ávila,Ávila,SÁBADO,5,2025,118,11.7,15.3,8.0,10.9,20.6,0.0,90.0,92
2025-05-11,C.A. Ávila,Ávila,DOMINGO,5,2025,92,12.2,15.0,9.7,19.1,40.7,22.61,81.0,91
2025-05-12,C.A. Ávila,Ávila,LUNES,5,2025,91,13.5,17.0,10.1,14.1,22.2,5.59,78.0,127
2025-05-13,C.A. Ávila,Ávila,MARTES,5,2025,127,12.9,15.7,9.0,6.9,13.0,4.57,86.0,120
2025-05-14,C.A. Ávila,Ávila,MIÉRCOLES,5,2025,120,12.2,13.2,11.5,5.0,9.4,2.29,97.0,112
2025-05-15,C.A. Ávila,Ávila,JUEVES,5,2025,112,13.7,16.1,11.6,7.6,13.0,11.68,91.0,117
2025-05-16,C.A. Ávila,Ávila,VIERNES,5,2025,117,13.9,17.0,11.0,7.8,14.8,0.0,88.0,122
2025-05-17,C.A. Ávila,Ávila,SÁBADO,5,2025,122,15.1,19.2,10.5,12.2,25.9,0.0,81.0,90
2025-05-18,C.A. Ávila,Ávila,DOMINGO,5,2025,90,16.3,22.0,10.6,11.3,31.7,0.0,85.0,109
2025-05-19,C.A. Ávila,Ávila,LUNES,5,2025,109,14.9,18.0,13.0,12.4,22.2,7.87,88.0,127
2025-05-20,C.A. Ávila,Ávila,MARTES,5,2025,127,15.9,19.0,12.2,8.3,14.8,0.0,82.0,137
2025-05-21,C.A. Ávila,Ávila,MIÉRCOLES,5,2025,137,14.8,18.1,12.0,13.9,29.4,0.0,87.0,120
2025-05-22,C.A. Ávila,Ávila,JUEVES,5,2025,120,14.6,18.0,11.7,9.1,14.8,0.51,84.0,114
2025-05-23,C.A. Ávila,Ávila,VIERNES,5,2025,114,14.2,17.6,8.4,8.3,16.5,0.0,82.0,105
2025-05-24,C.A. Ávila,Ávila,SÁBADO,5,2025,105,15.1,19.0,9.7,6.5,16.5,0.0,83.0,79
2025-05-25,C.A. Ávila,Ávila,DOMINGO,5,2025,79,12.9,14.0,11.4,8.1,13.0,0.0,93.0,77
2025-05-26,C.A. Ávila,Ávila,LUNES,5,2025,77,15.6,17.5,14.0,5.6,14.8,0.25,84.0,118
2025-05-27,C.A. Ávila,Ávila,MARTES,5,2025,118,15.9,19.0,11.2,7.2,18.3,0.0,82.0,121
2025-05-28,C.A. Ávila,Ávila,MIÉRCOLES,5,2025,121,16.1,19.0,10.9,7.6,20.6,0.0,85.0,116
2025-05-29,C.A. Ávila,Ávila,JUEVES,5,2025,116,19.1,28.0,13.0,9.4,18.3,0.0,81.0,114
2025-05-30,C.A. Ávila,Ávila,VIERNES,5,2025,114,16.8,20.0,16.0,13.0,25.9,0.0,97.0,108
2025-05-31,C.A. Ávila,Ávila,SÁBADO,5,2025,108,15.8,17.0,15.0,4.1,7.6,0.0,97.0,83
2025-06-01,C.A. Ávila,Ávila,DOMINGO,6,2025,83,16.5,18.0,15.0,5.0,11.1,0.0,92.0,101
2025-06-02,C.A. Ávila,Ávila,LUNES,6,2025,101,15.4,18.0,13.0,9.8,18.3,0.25,85.0,117
2025-06-03,C.A. Ávila,Ávila,MARTES,6,2025,117,15.5,19.0,13.0,4.3,13.0,2.79,84.0,152
2025-06-04,C.A. Ávila,Ávila,MIÉRCOLES,6,2025,152,15.8,19.1,13.9,14.3,20.6,2.03,87.0,119
2025-06-05,C.A. Ávila,Ávila,JUEVES,6,2025,119,18.1,22.0,13.9,13.7,22.2,0.25,78.0,102
2025-06-06,C.A. Ávila,Ávila,VIERNES,6,2025,102,16.2,18.0,14.5,6.9,13.0,0.0,91.0,97
2025-06-07,C.A. Ávila,Ávila,SÁBADO,6,2025,97,16.8,20.0,13.4,11.3,18.3,1.78,80.0,95
2025-06-08,C.A. Ávila,Ávila,DOMINGO,6,2025,95,17.2,20.0,15.3,8.9,18.3,0.0,81.0,87
2025-06-09,C.A. Ávila,Ávila,LUNES,6,2025,87,17.8,21.0,14.5,14.1,22.2,0.0,86.0,130
2025-06-10,C.A. Ávila,Ávila,MARTES,6,2025,130,18.7,23.0,16.5,8.7,20.6,0.0,89.0,121
2025-06-11,C.A. Ávila,Ávila,MIÉRCOLES,6,2025,121,17.9,23.0,16.4,12.4,37.0,0.0,94.0,113
2025-06-12,C.A. Ávila,Ávila,JUEVES,6,2025,113,20.0,23.6,15.3,9.6,25.9,7.37,77.0,123
2025-06-13,C.A. Ávila,Ávila,VIERNES,6,2025,123,18.5,22.0,15.4,8.0,18.3,0.0,87.0,100
2025-06-14,C.A. Ávila,Ávila,SÁBADO,6,2025,100,16.6,18.0,15.0,4.6,9.4,0.51,85.0,98
2025-06-15,C.A. Ávila,Ávila,DOMINGO,6,2025,98,16.9,20.0,12.7,10.0,22.2,0.0,83.0,78
2025-06-16,C.A. Ávila,Ávila,LUNES,6,2025,78,18.1,21.6,15.2,15.2,24.1,0.0,84.0,116
2025-06-17,C.A. Ávila,Ávila,MARTES,6,2025,116,20.3,24.0,16.0,10.7,22.2,0.0,83.0,115
2025-06-18,C.A. Ávila,Ávila,MIÉRCOLES,6,2025,115,21.2,27.0,14.3,9.3,22.2,0.0,76.0,93
2025-06-19,C.A. Ávila,Ávila,JUEVES,6,2025,93,18.6,26.1,16.5,9.8,38.9,0.0,93.0,103
2025-06-20,C.A. Ávila,Ávila,VIERNES,6,2025,103,18.3,21.1,16.3,6.7,24.1,0.0,93.0,98
2025-06-21,C.A. Ávila,Ávila,SÁBADO,6,2025,98,18.2,20.6,15.8,8.9,16.5,0.0,91.0,91
2025-06-22,C.A. Ávila,Ávila,DOMINGO,6,2025,91,18.3,21.0,13.5,5.9,13.0,0.25,89.0,117
2025-06-23,C.A. Ávila,Ávila,LUNES,6,2025,117,19.7,22.0,17.4,9.3,18.3,0.0,87.0,133
2025-06-24,C.A. Ávila,Ávila,MARTES,6,2025,133,19.9,22.0,18.4,7.8,20.6,0.0,91.0,116
2025-06-25,C.A. Ávila,Ávila,MIÉRCOLES,6,2025,116,19.5,22.0,17.8,14.1,25.9,0.25,88.0,107
2025-06-26,C.A. Ávila,Ávila,JUEVES,6,2025,107,20.3,23.7,16.7,8.0,13.0,0.0,78.0,83
2025-06-27,C.A. Ávila,Ávila,VIERNES,6,2025,83,20.6,25.0,16.0,7.6,16.5,0.0,84.0,119
2025-06-28,C.A. Ávila,Ávila,SÁBADO,6,2025,119,21.2,23.1,19.2,9.8,18.3,0.0,91.0,78
2025-06-29,C.A. Ávila,Ávila,DOMINGO,6,2025,78,22.3,26.0,18.9,8.0,18.3,0.0,90.0,101
2025-06-30,C.A. Ávila,Ávila,LUNES,6,2025,101,19.3,21.0,17.8,8.1,14.8,0.0,95.0,139
2025-07-01,C.A. Ávila,Ávila,MARTES,7,2025,139,19.2,20.3,18.0,5.2,14.8,0.0,92.0,104
2025-07-02,C.A. Ávila,Ávila,MIÉRCOLES,7,2025,104,18.4,20.0,17.0,6.9,14.8,2.79,93.0,91
2025-07-03,C.A. Ávila,Ávila,JUEVES,7,2025,91,19.3,23.0,17.0,13.3,22.2,5.33,82.0,100
2025-07-04,C.A. Ávila,Ávila,VIERNES,7,2025,100,19.9,22.2,17.7,7.4,18.3,0.25,89.0,121
2025-07-05,C.A. Ávila,Ávila,SÁBADO,7,2025,121,20.8,23.6,18.0,6.5,16.5,0.0,89.0,88
2025-07-06,C.A. Ávila,Ávila,DOMINGO,7,2025,88,19.2,22.3,16.1,13.9,20.6,0.0,86.0,94
2025-07-07,C.A. Ávila,Ávila,LUNES,7,2025,94,17.9,20.5,15.7,9.4,18.3,4.83,86.0,131
2025-07-08,C.A. Ávila,Ávila,MARTES,7,2025,131,19.3,23.0,15.4,14.8,25.9,0.25,75.0,105
2025-07-09,C.A. Ávila,Ávila,MIÉRCOLES,7,2025,105,20.3,24.0,15.0,18.1,25.9,0.0,74.0,123
2025-07-10,C.A. Ávila,Ávila,JUEVES,7,2025,123,21.4,26.0,16.0,10.4,20.6,0.0,80.0,85
2025-07-11,C.A. Ávila,Ávila,VIERNES,7,2025,85,19.1,22.0,16.6,14.4,25.9,0.0,92.0,135
2025-07-12,C.A. Ávila,Ávila,SÁBADO,7,2025,135,19.5,22.0,17.0,13.0,22.2,0.25,85.0,87
2025-07-13,C.A. Ávila,Ávila,DOMINGO,7,2025,87,19.7,24.0,16.0,9.8,25.9,0.0,78.0,95
2025-07-14,C.A. Ávila,Ávila,LUNES,7,2025,95,19.3,22.0,17.0,8.7,14.8,0.0,75.0,104
2025-07-15,C.A. Ávila,Ávila,MARTES,7,2025,104,19.4,23.0,14.7,9.1,18.3,0.0,80.0,104
2025-07-16,C.A. Ávila,Ávila,MIÉRCOLES,7,2025,104,21.6,26.0,15.2,9.3,20.6,0.0,78.0,83
2025-07-17,C.A. Ávila,Ávila,JUEVES,7,2025,83,20.0,21.0,17.8,7.4,16.5,0.25,95.0,123
2025-07-18,C.A. Ávila,Ávila,VIERNES,7,2025,123,19.0,22.0,17.2,9.6,20.6,3.3,90.0,118
2025-07-19,C.A. Ávila,Ávila,SÁBADO,7,2025,118,20.3,26.0,15.9,10.6,31.7,8.38,75.0,78
2025-07-20,C.A. Ávila,Ávila,DOMINGO,7,2025,78,19.4,24.0,16.0,24.6,38.9,5.59,69.0,96
2025-07-21,C.A. Ávila,Ávila,LUNES,7,2025,96,19.2,22.0,16.7,13.1,22.2,0.0,69.0,109
2025-07-22,C.A. Ávila,Ávila,MARTES,7,2025,109,19.2,24.0,15.6,10.0,20.6,0.0,78.0,116
2025-07-23,C.A. Ávila,Ávila,MIÉRCOLES,7,2025,116,19.0,22.3,15.4,14.4,25.9,0.0,73.0,117
2025-07-24,C.A. Ávila,Ávila,JUEVES,7,2025,117,18.2,21.4,14.9,9.4,14.8,0.51,82.0,99
2025-07-25,C.A. Ávila,Ávila,VIERNES,7,2025,99,18.8,22.0,13.5,9.1,18.3,0.0,77.0,110
2025-07-26,C.A. Ávila,Ávila,SÁBADO,7,2025,110,18.4,22.2,12.8,6.1,14.8,0.0,80.0,95
2025-07-27,C.A. Ávila,Ávila,DOMINGO,7,2025,95,19.4,23.0,14.9,8.5,18.3,0.0,81.0,78
2025-07-28,C.A. Ávila,Ávila,LUNES,7,2025,78,19.9,23.0,17.2,8.7,18.3,0.0,80.0,90
2025-07-29,C.A. Ávila,Ávila,MARTES,7,2025,90,19.7,22.2,15.5,8.3,14.8,0.0,79.0,104
2025-07-30,C.A. Ávila,Ávila,MIÉRCOLES,7,2025,104,19.3,23.0,14.6,7.0,14.8,0.0,83.0,91
2025-07-31,C.A. Ávila,Ávila,JUEVES,7,2025,91,20.4,23.0,18.0,9.4,18.3,0.0,77.0,106
2025-08-01,C.A. Ávila,Ávila,VIERNES,8,2025,106,19.8,23.5,16.1,9.1,18.3,0.0,82.0,87
2025-08-02,C.A. Ávila,Ávila,SÁBADO,8,2025,87,20.0,22.0,18.3,13.9,18.3,0.0,80.0,103
2025-08-03,C.A. Ávila,Ávila,DOMINGO,8,2025,103,20.9,25.0,16.5,16.1,27.8,0.0,74.0,86
2025-08-04,C.A. Ávila,Ávila,LUNES,8,2025,86,20.4,24.3,15.1,8.5,18.3,0.0,84.0,100
2025-08-05,C.A. Ávila,Ávila,MARTES,8,2025,100,20.3,24.0,16.1,12.2,25.9,0.0,85.0,149
2025-08-06,C.A. Ávila,Ávila,MIÉRCOLES,8,2025,149,20.9,25.0,17.2,15.0,25.9,1.02,80.0,110
2025-08-07,C.A. Ávila,Ávila,JUEVES,8,2025,110,20.2,23.8,15.5,7.8,16.5,0.0,80.0,116
2025-08-08,C.A. Ávila,Ávila,VIERNES,8,2025,116,21.1,24.8,16.3,8.0,16.5,0.0,85.0,96
2025-08-09,C.A. Ávila,Ávila,SÁBADO,8,2025,96,20.8,24.0,17.4,9.3,20.6,0.0,87.0,86
2025-08-10,C.A. Ávila,Ávila,DOMINGO,8,2025,86,22.0,27.0,18.8,12.6,24.1,0.76,85.0,82
2025-08-11,C.A. Ávila,Ávila,LUNES,8,2025,82,20.9,27.0,17.2,10.6,22.2,0.0,84.0,128
2025-08-12,C.A. Ávila,Ávila,MARTES,8,2025,128,20.3,24.0,16.0,4.8,13.0,0.0,90.0,121
2025-08-13,C.A. Ávila,Ávila,MIÉRCOLES,8,2025,121,20.0,21.0,18.4,5.7,18.3,0.51,93.0,96
2025-08-14,C.A. Ávila,Ávila,JUEVES,8,2025,96,21.2,24.0,18.4,11.1,20.6,0.76,91.0,135
2025-08-15,C.A. Ávila,Ávila,VIERNES,8,2025,135,23.1,33.0,18.5,10.0,18.3,0.25,82.0,104
2025-08-16,C.A. Ávila,Ávila,SÁBADO,8,2025,104,19.5,21.0,17.0,9.8,22.2,0.0,89.0,98
2025-08-17,C.A. Ávila,Ávila,DOMINGO,8,2025,98,19.4,21.0,17.4,7.4,16.5,0.0,96.0,92
2025-08-18,C.A. Ávila,Ávila,LUNES,8,2025,92,20.0,23.0,17.0,8.1,14.8,0.0,89.0,148
2025-08-19,C.A. Ávila,Ávila,MARTES,8,2025,148,19.7,22.4,16.1,12.4,20.6,0.0,80.0,111
2025-08-20,C.A. Ávila,Ávila,MIÉRCOLES,8,2025,111,19.7,23.0,17.0,17.8,27.8,1.02,81.0,102
2025-08-21,C.A. Ávila,Ávila,JUEVES,8,2025,102,19.0,23.0,15.6,9.3,16.5,6.1,85.0,108
2025-08-22,C.A. Ávila,Ávila,VIERNES,8,2025,108,19.4,23.1,14.5,9.1,18.3,3.05,75.0,86
2025-08-23,C.A. Ávila,Ávila,SÁBADO,8,2025,86,19.7,25.0,13.5,11.9,22.2,0.0,77.0,72
2025-08-24,C.A. Ávila,Ávila,DOMINGO,8,2025,72,19.1,22.0,15.7,8.7,16.5,0.0,89.0,72
2025-08-25,C.A. Ávila,Ávila,LUNES,8,2025,72,0.0,0.0,0.0,0.0,0.0,0.0,0.0,100
2025-08-26,C.A. Ávila,Ávila,MARTES,8,2025,100,0.0,0.0,0.0,0.0,0.0,0.0,0.0,96
2025-08-27,C.A. Ávila,Ávila,MIÉRCOLES,8,2025,96,0.0,0.0,0.0,0.0,0.0,0.0,0.0,109
2025-08-28,C.A. Ávila,Ávila,JUEVES,8,2025,109,0.0,0.0,0.0,0.0,0.0,0.0,0.0,113
2025-08-29,C.A. Ávila,Ávila,VIERNES,8,2025,113,0.0,0.0,0.0,0.0,0.0,0.0,0.0,81
2025-08-30,C.A. Ávila,Ávila,SÁBADO,8,2025,81,0.0,0.0,0.0,0.0,0.0,0.0,0.0,80
2025-08-31,C.A. Ávila,Ávila,DOMINGO,8,2025,80,0.0,0.0,0.0,0.0,0.0,0.0,0.0,78
